symbol,outcome,quality_score,quality_grade,p0_date,p0_price,bos1_date,bos1_price,p1_date,p1_price,retest_date,retest_price,reaccumulation_start_date,reaccum_reversal_date,reaccum_reversal_price,num_reaccum_reversals,pre_bos2_ready_date,reaccum_bars,bos2_date,bos2_price,invalidated_date,timeout_date
LT.NS,INVALIDATED,47.8,D - Weak / Low-Quality,2026-02-12,4199.0,2026-02-16,4201.5,2026-02-24,4440.0,2026-03-02,3975.4,2026-03-04,,,0,,7.0,,,2026-03-12,
ADANIPOWER.NS,INVALIDATED,72.2,B - Good Setup,2026-05-25,234.4,2026-05-26,244.53,2026-05-29,254.2,2026-06-02,227.41,2026-06-03,2026-07-14,226.17,2,,40.0,,,2026-07-28,
ADANIPORTS.NS,BOS2_CONFIRMED,78.1,B - Good Setup,2026-04-20,1584.0,2026-04-21,1594.1,2026-05-08,1792.0,2026-05-12,1683.2,2026-05-13,2026-06-05,1824.2,3,2026-05-19,21.0,2026-06-10,1821.2,,
ADANIPORTS.NS,INVALIDATED,50.3,C - Moderate / Watch,2026-07-01,1857.8,2026-07-02,1883.2,2026-07-03,1891.1,2026-07-08,1783.2,2026-07-09,,,0,2026-07-17,16.0,,,2026-07-30,
NTPC.NS,BOS2_CONFIRMED,79.1,B - Good Setup,2026-02-12,372.0,2026-02-20,372.95,2026-02-25,388.55,2026-03-02,365.0,2026-03-04,2026-03-05,378.05,1,2026-03-10,7.0,2026-03-12,390.55,,
NTPC.NS,INVALIDATED,89.6,A - High-Quality Setup,2026-04-16,397.25,2026-04-20,398.0,2026-04-27,414.4,2026-05-06,391.65,2026-05-07,2026-05-27,398.15,1,,24.0,,,2026-06-09,
BAJAJ-AUTO.NS,BOS2_CONFIRMED,68.2,B - Good Setup,2026-05-04,10187.0,2026-05-06,10319.0,2026-05-08,10785.0,2026-05-13,10220.0,2026-05-14,2026-06-17,10042.0,2,2026-05-20,50.0,2026-07-22,10998.5,,
NESTLEIND.NS,BOS2_CONFIRMED,69.6,B - Good Setup,2026-02-03,1340.4,2026-04-21,1379.9,2026-05-11,1498.1,2026-05-20,1398.5,2026-05-21,2026-07-20,1446.3,5,2026-07-01,51.0,2026-07-30,1520.7,,
JSWSTEEL.NS,INVALIDATED,43.3,D - Weak / Low-Quality,2026-02-18,1264.0,2026-02-25,1275.0,2026-02-25,1284.7,2026-03-04,1200.0,2026-03-05,,,0,,7.0,,,2026-03-13,
POWERGRID.NS,TIMEOUT,41.3,D - Weak / Low-Quality,2026-02-11,297.65,2026-02-16,300.5,2026-02-25,311.7,2026-03-02,289.5,2026-03-04,2026-06-05,285.65,5,2026-03-12,89.0,,,,2026-07-10
POWERGRID.NS,INVALIDATED,63.3,C - Moderate / Watch,2026-02-25,311.7,2026-04-15,312.45,2026-04-27,324.95,2026-05-13,295.65,2026-05-14,2026-06-05,285.65,2,,40.0,,,2026-07-08,
HINDALCO.NS,BOS2_CONFIRMED,71.7,B - Good Setup,2026-04-15,1029.8,2026-04-16,1039.9,2026-04-16,1048.7,2026-04-20,1011.4,2026-04-21,,,0,2026-04-30,19.0,2026-05-15,1067.5,,
HINDALCO.NS,INVALIDATED,43.3,D - Weak / Low-Quality,2026-05-21,1105.0,2026-05-22,1109.2,2026-05-29,1176.0,2026-06-08,1050.8,2026-06-09,,,0,,6.0,,,2026-06-16,
GRASIM.NS,BOS2_CONFIRMED,60.2,C - Moderate / Watch,2026-05-11,3007.3,2026-05-21,3154.5,2026-05-27,3197.5,2026-06-08,3034.9,2026-06-09,2026-07-27,3112.4,4,2026-06-15,42.0,2026-08-05,3224.0,,
ADANIENSOL.NS,BOS2_CONFIRMED,86.6,A - High-Quality Setup,2026-05-26,1463.65,2026-05-27,1540.1,2026-05-29,1578.5,2026-06-02,1475.5,2026-06-03,2026-07-02,1556.9,2,2026-06-09,24.0,2026-07-06,1622.8,,
ADANIENSOL.NS,BOS2_CONFIRMED,64.7,C - Moderate / Watch,2026-06-08,1614.8,2026-07-06,1622.8,2026-07-08,1712.0,2026-07-09,1610.1,2026-07-10,,,0,2026-07-16,8.0,2026-07-21,1741.6,,
INDIGO.NS,STILL_OPEN,72.2,B - Good Setup,2026-01-01,5184.0,2026-06-24,5207.2,2026-07-03,5476.5,2026-07-08,5094.0,2026-07-09,2026-07-27,5230.0,2,2026-08-03,,,,,
TORNTPHARM.NS,BOS2_CONFIRMED,81.1,A - High-Quality Setup,2026-02-13,4130.0,2026-02-16,4261.5,2026-02-26,4470.0,2026-03-02,4175.2,2026-03-04,2026-03-10,4427.8,1,2026-03-10,45.0,2026-05-11,4517.1,,
TORNTPHARM.NS,BOS2_CONFIRMED,86.6,A - High-Quality Setup,2026-06-29,4712.9,2026-07-03,4768.3,2026-07-16,5085.8,2026-07-17,4695.1,2026-07-20,2026-07-31,5122.8,2,2026-07-24,10.0,2026-07-31,5122.8,,
SOLARINDS.NS,INVALIDATED,38.9,D - Weak / Low-Quality,2026-03-05,14909.0,2026-03-06,15152.0,2026-03-06,15576.0,2026-03-17,13744.0,2026-03-18,,,0,,2.0,,,2026-03-19,
SOLARINDS.NS,BOS2_CONFIRMED,69.1,B - Good Setup,2026-04-24,15995.0,2026-05-08,16105.0,2026-05-11,16325.0,2026-05-12,15533.0,2026-05-13,,,0,,5.0,2026-05-19,18116.0,,
ABB.NS,BOS2_CONFIRMED,77.7,B - Good Setup,2026-02-10,5884.0,2026-02-16,5888.0,2026-02-17,5940.0,2026-02-19,5695.0,2026-02-20,2026-03-05,5929.0,2,2026-03-04,15.0,2026-03-13,6392.5,,
ABB.NS,BOS2_CONFIRMED,77.2,B - Good Setup,2026-03-10,6246.0,2026-03-11,6280.0,2026-03-13,6554.0,2026-03-16,6162.5,2026-03-17,2026-04-02,6142.0,1,2026-04-08,15.0,2026-04-09,6614.0,,
ABB.NS,STILL_OPEN,81.0,A - High-Quality Setup,2026-03-13,6554.0,2026-04-08,6565.0,2026-04-22,7822.5,2026-04-30,7102.0,2026-05-01,2026-08-03,7601.0,3,2026-07-16,,,,,
VBL.NS,BOS2_CONFIRMED,90.6,A - High-Quality Setup,2026-01-08,511.65,2026-04-27,518.85,2026-04-29,534.7,2026-05-05,499.8,2026-05-06,2026-05-14,505.15,1,2026-05-21,13.0,2026-05-22,539.45,,
VBL.NS,INVALIDATED,67.8,B - Good Setup,2026-04-29,534.7,2026-05-22,539.45,2026-05-29,544.4,2026-06-02,515.15,2026-06-03,2026-07-01,515.7,2,2026-06-09,26.0,,,2026-07-08,
CUMMINSIND.NS,BOS2_CONFIRMED,74.0,B - Good Setup,2025-12-12,4615.0,2026-02-18,4725.8,2026-02-27,4987.0,2026-03-04,4563.5,2026-03-05,2026-05-27,6027.5,5,2026-04-09,56.0,2026-05-27,6027.5,,
CUMMINSIND.NS,BOS2_CONFIRMED,91.0,A - High-Quality Setup,2026-02-27,4987.0,2026-04-10,5138.7,2026-04-10,5154.9,2026-04-16,4951.0,2026-04-17,2026-05-27,6027.5,2,2026-04-23,29.0,2026-05-27,6027.5,,
CUMMINSIND.NS,BOS2_CONFIRMED,91.0,A - High-Quality Setup,2026-04-17,5179.9,2026-04-20,5200.3,2026-05-08,5470.5,2026-05-12,5147.5,2026-05-13,2026-05-27,6027.5,2,2026-05-20,11.0,2026-05-27,6027.5,,
CUMMINSIND.NS,BOS2_CONFIRMED,91.0,A - High-Quality Setup,2026-05-06,5324.8,2026-05-07,5403.0,2026-05-08,5470.5,2026-05-12,5147.5,2026-05-13,2026-05-27,6027.5,2,2026-05-20,11.0,2026-05-27,6027.5,,
CUMMINSIND.NS,STILL_OPEN,80.1,A - High-Quality Setup,2026-05-08,5470.5,2026-05-27,6027.5,2026-05-29,6100.0,2026-06-02,5607.0,2026-06-03,2026-06-15,5754.0,1,,,,,,
POWERINDIA.NS,BOS2_CONFIRMED,86.1,A - High-Quality Setup,2026-02-12,23140.0,2026-02-18,23569.0,2026-02-18,23717.0,2026-02-20,22700.0,2026-02-23,2026-03-05,25305.0,1,,11.0,2026-03-10,25225.0,,
POWERINDIA.NS,INVALIDATED,71.8,B - Good Setup,2026-05-08,35095.0,2026-05-20,35525.0,2026-05-21,36750.0,2026-05-26,34005.0,2026-05-27,2026-06-12,34325.0,1,2026-06-04,28.0,,,2026-07-03,
BSE.NS,INVALIDATED,59.2,C - Moderate / Watch,2025-11-20,2960.0,2026-02-09,2985.1,2026-02-11,3227.0,2026-02-16,2726.3,2026-02-17,,,0,,10.0,,,2026-03-02,
BSE.NS,BOS2_CONFIRMED,90.6,A - High-Quality Setup,2026-02-11,3227.0,2026-04-09,3257.4,2026-04-20,3570.0,2026-04-24,3412.2,2026-04-27,2026-04-27,3534.6,1,,10.0,2026-05-08,3907.4,,
BSE.NS,BOS2_CONFIRMED,69.1,B - Good Setup,2026-04-20,3570.0,2026-04-28,3626.1,2026-05-08,3994.0,2026-05-12,3840.3,2026-05-13,,,0,,5.0,2026-05-19,4190.8,,
UNIONBANK.NS,BOS2_CONFIRMED,69.1,B - Good Setup,2026-02-16,183.34,2026-02-17,188.89,2026-02-19,195.69,2026-02-20,188.5,2026-02-23,,,0,,5.0,2026-02-27,202.27,,
PFC.NS,STILL_OPEN,50.3,C - Moderate / Watch,2026-04-10,438.8,2026-04-15,444.75,2026-04-28,486.5,2026-05-05,444.0,2026-05-06,2026-07-20,413.85,4,,,,,,
IDEA.NS,BOS2_CONFIRMED,64.7,C - Moderate / Watch,2025-12-31,12.8,2026-05-13,12.83,2026-05-15,13.33,2026-05-18,12.45,2026-05-19,,,0,,5.0,2026-05-25,14.04,,
IDEA.NS,INVALIDATED,81.1,A - High-Quality Setup,2026-05-29,14.44,2026-06-03,14.85,2026-06-05,15.25,2026-06-11,13.73,2026-06-12,2026-07-01,14.64,2,2026-06-18,33.0,,,2026-07-28,
APOLLOHOSP.NS,BOS2_CONFIRMED,83.6,A - High-Quality Setup,2025-11-07,7891.0,2026-05-08,8097.0,2026-05-25,8443.0,2026-06-02,7816.0,2026-06-03,2026-06-03,8290.5,1,,5.0,2026-06-09,8524.0,,
APOLLOHOSP.NS,BOS2_CONFIRMED,83.6,A - High-Quality Setup,2026-05-14,8180.0,2026-05-21,8308.5,2026-05-25,8443.0,2026-06-02,7816.0,2026-06-03,2026-06-03,8290.5,1,,5.0,2026-06-09,8524.0,,
GMRAIRPORT.NS,STILL_OPEN,94.0,A - High-Quality Setup,2026-06-16,108.02,2026-06-17,109.32,2026-06-18,111.15,2026-06-24,106.37,2026-06-25,2026-06-29,109.42,1,2026-07-08,,,,,
GMRAIRPORT.NS,STILL_OPEN,70.1,B - Good Setup,2026-06-29,111.15,2026-06-30,112.09,2026-07-07,115.64,2026-07-08,110.31,2026-07-09,,,0,,,,,,
INDIANB.NS,INVALIDATED,67.8,B - Good Setup,2026-01-30,923.0,2026-02-18,938.15,2026-02-27,1000.0,2026-03-04,915.7,2026-03-05,2026-03-24,871.45,2,,39.0,,,2026-05-04,
LLOYDSME.NS,BOS2_CONFIRMED,73.6,B - Good Setup,2026-05-27,1888.6,2026-07-20,1907.9,2026-07-22,1946.8,2026-07-23,1855.1,2026-07-24,,,0,,6.0,2026-07-31,2047.0,,
GVT&D.NS,BOS2_CONFIRMED,87.0,A - High-Quality Setup,2026-02-25,3819.0,2026-02-26,3864.4,2026-02-26,3912.0,2026-03-02,3650.0,2026-03-04,2026-04-09,3911.3,3,2026-03-10,25.0,2026-04-10,4067.0,,
GVT&D.NS,BOS2_CONFIRMED,86.6,A - High-Quality Setup,2026-04-01,4344.0,2026-04-23,4496.4,2026-04-24,4694.0,2026-05-04,4391.0,2026-05-05,2026-05-20,4679.4,2,2026-05-20,13.0,2026-05-21,4794.6,,
GVT&D.NS,BOS2_CONFIRMED,95.0,A - High-Quality Setup,2026-05-21,4849.0,2026-05-22,4849.5,2026-05-25,4945.9,2026-05-26,4776.0,2026-05-27,2026-06-03,4964.5,1,2026-06-03,18.0,2026-06-19,5533.5,,
GVT&D.NS,INVALIDATED,43.3,D - Weak / Low-Quality,2026-05-29,5222.1,2026-06-18,5250.0,2026-06-23,5650.0,2026-06-29,4721.5,2026-06-30,,,0,,4.0,,,2026-07-03,
VEDL.NS,INVALIDATED,43.3,D - Weak / Low-Quality,2026-01-29,769.8,2026-04-16,782.85,2026-04-21,795.0,2026-04-24,707.6,2026-04-27,,,0,,4.0,,,2026-04-30,
LUPIN.NS,BOS2_CONFIRMED,82.6,A - High-Quality Setup,2026-02-17,2263.0,2026-02-25,2292.2,2026-03-11,2377.6,2026-03-12,2306.0,2026-03-13,2026-05-04,2348.8,3,2026-03-20,35.0,2026-05-06,2442.9,,
LUPIN.NS,STILL_OPEN,80.7,A - High-Quality Setup,2026-07-08,2494.0,2026-07-09,2503.3,2026-07-16,2529.5,2026-07-20,2424.0,2026-07-21,2026-07-27,2410.0,1,,,,,,
JSWENERGY.NS,STILL_OPEN,50.3,C - Moderate / Watch,2026-04-28,585.65,2026-05-27,602.05,2026-05-29,617.35,2026-06-02,571.3,2026-06-03,2026-07-31,554.65,4,,,,,,
INDHOTEL.NS,STILL_OPEN,80.7,A - High-Quality Setup,2026-07-07,748.0,2026-07-10,752.3,2026-07-10,754.0,2026-07-14,726.35,2026-07-15,2026-07-27,733.75,1,2026-07-21,,,,,
OFSS.NS,BOS2_CONFIRMED,79.1,B - Good Setup,2025-10-23,8754.0,2026-04-23,8791.5,2026-05-04,9898.0,2026-05-14,8646.5,2026-05-15,2026-05-15,9015.0,1,2026-05-21,9.0,2026-05-27,10299.5,,
OFSS.NS,STILL_OPEN,81.1,A - High-Quality Setup,2026-05-29,10584.5,2026-06-25,10974.5,2026-07-06,11360.0,2026-07-09,10780.0,2026-07-10,2026-07-29,11427.0,2,2026-07-27,,,,,
MANKIND.NS,BOS2_CONFIRMED,69.1,B - Good Setup,2026-05-07,2408.6,2026-05-08,2430.8,2026-05-11,2510.0,2026-05-13,2352.1,2026-05-14,,,0,,5.0,2026-05-20,2583.9,,
LAURUSLABS.NS,BOS2_CONFIRMED,83.6,A - High-Quality Setup,2026-06-01,1393.4,2026-06-03,1394.3,2026-06-08,1457.0,2026-06-16,1342.9,2026-06-17,2026-06-19,1412.9,1,,5.0,2026-06-23,1481.0,,
LAURUSLABS.NS,BOS2_CONFIRMED,91.0,A - High-Quality Setup,2026-06-24,1492.6,2026-06-29,1500.3,2026-07-03,1555.0,2026-07-08,1448.2,2026-07-09,2026-07-21,1593.2,2,2026-07-15,13.0,2026-07-27,1713.4,,
FEDERALBNK.NS,INVALIDATED,56.7,C - Moderate / Watch,2026-02-24,298.25,2026-02-25,299.1,2026-02-27,302.0,2026-03-02,289.05,2026-03-04,,,0,,8.0,,,2026-03-13,
JSWINFRA.NS,BOS2_CONFIRMED,81.7,A - High-Quality Setup,2026-06-15,295.8,2026-06-17,299.3,2026-06-24,343.45,2026-06-29,318.1,2026-06-30,2026-07-09,323.9,1,,10.0,2026-07-13,351.2,,
NMDC.NS,BOS2_CONFIRMED,86.6,A - High-Quality Setup,2026-01-08,86.72,2026-04-15,87.17,2026-04-20,90.17,2026-04-23,86.63,2026-04-24,2026-05-13,91.11,2,2026-04-30,14.0,2026-05-13,91.11,,
NMDC.NS,BOS2_CONFIRMED,87.0,A - High-Quality Setup,2026-04-20,90.17,2026-04-27,90.42,2026-04-29,92.77,2026-05-05,87.96,2026-05-06,2026-06-02,95.31,3,2026-05-13,20.0,2026-06-02,95.31,,
ASTERDM.NS,BOS2_CONFIRMED,81.7,A - High-Quality Setup,2026-04-27,724.5,2026-05-04,744.85,2026-05-04,770.0,2026-05-06,720.65,2026-05-07,2026-06-04,738.05,1,2026-05-15,24.0,2026-06-09,790.35,,
ASTERDM.NS,BOS2_CONFIRMED,73.7,B - Good Setup,2026-06-08,776.55,2026-06-09,790.35,2026-06-12,836.5,2026-06-17,761.6,2026-06-18,2026-07-27,801.5,3,2026-07-13,35.0,2026-08-05,842.1,,
BIOCON.NS,STILL_OPEN,76.6,B - Good Setup,2025-11-18,424.95,2026-05-15,430.1,2026-05-26,440.4,2026-06-04,406.05,2026-06-05,2026-07-03,426.8,3,2026-07-14,,,,,
YESBANK.NS,STILL_OPEN,71.8,B - Good Setup,2026-06-16,23.99,2026-06-17,25.11,2026-06-18,25.78,2026-06-23,24.5,2026-06-24,2026-08-03,23.0,1,,,,,,
PHOENIXLTD.NS,STILL_OPEN,71.8,B - Good Setup,2026-01-12,1993.0,2026-07-01,2018.5,2026-07-07,2134.7,2026-07-08,2013.4,2026-07-09,2026-08-03,1955.0,1,2026-07-15,,,,,
SUZLON.NS,INVALIDATED,85.1,A - High-Quality Setup,2026-06-16,58.42,2026-06-17,59.27,2026-06-19,60.45,2026-06-25,56.87,2026-06-26,2026-06-30,58.9,1,,13.0,,,2026-07-14,
TORNTPOWER.NS,INVALIDATED,68.1,B - Good Setup,2026-02-27,1605.0,2026-04-20,1606.3,2026-04-27,1824.1,2026-04-30,1666.1,2026-05-01,,,0,,19.0,,,2026-05-27,
APARINDS.NS,BOS2_CONFIRMED,78.0,B - Good Setup,2026-02-04,9800.0,2026-02-18,10182.0,2026-02-18,10423.5,2026-02-20,9853.5,2026-02-23,,,0,,5.0,2026-02-27,11180.5,,
APARINDS.NS,BOS2_CONFIRMED,86.1,A - High-Quality Setup,2026-04-21,12327.5,2026-04-29,12387.5,2026-04-30,12850.0,2026-05-04,12115.0,2026-05-05,2026-05-20,12676.0,1,2026-05-11,17.0,2026-05-27,13426.0,,
APARINDS.NS,BOS2_CONFIRMED,64.7,C - Moderate / Watch,2026-06-03,13580.0,2026-06-04,13709.0,2026-06-05,14174.0,2026-06-08,13208.0,2026-06-09,,,0,,5.0,2026-06-15,15986.0,,
LINDEINDIA.NS,BOS2_CONFIRMED,95.0,A - High-Quality Setup,2026-02-10,6600.0,2026-02-13,6900.0,2026-02-19,6980.0,2026-02-24,6556.0,2026-02-25,2026-03-12,7189.5,1,2026-03-06,11.0,2026-03-12,7189.5,,
LINDEINDIA.NS,INVALIDATED,71.8,B - Good Setup,2026-05-04,7515.0,2026-05-06,7574.5,2026-05-07,8049.0,2026-05-18,7125.0,2026-05-19,2026-05-19,7377.5,1,,17.0,,,2026-06-10,
RBLBANK.NS,STILL_OPEN,72.2,B - Good Setup,2026-06-05,356.8,2026-06-09,361.0,2026-06-22,381.7,2026-06-23,368.25,2026-06-24,2026-07-27,362.85,2,2026-07-07,,,,,
MAHABANK.NS,BOS2_CONFIRMED,60.3,C - Moderate / Watch,2026-01-14,67.74,2026-02-18,68.99,2026-02-27,77.0,2026-03-02,70.41,2026-03-04,2026-04-01,64.88,3,2026-04-20,31.0,2026-04-21,80.18,,
MAHABANK.NS,BOS2_CONFIRMED,72.8,B - Good Setup,2026-02-27,77.0,2026-04-21,80.18,2026-04-22,82.15,2026-04-24,75.75,2026-04-27,2026-05-19,78.34,1,2026-05-05,32.0,2026-06-09,83.97,,
MAHABANK.NS,BOS2_CONFIRMED,77.7,B - Good Setup,2026-04-22,82.15,2026-05-06,83.63,2026-05-07,85.9,2026-05-12,78.0,2026-05-13,2026-06-03,79.7,2,2026-06-09,23.0,2026-06-12,87.3,,
MAHABANK.NS,BOS2_CONFIRMED,64.7,C - Moderate / Watch,2026-05-07,85.9,2026-06-12,87.3,2026-06-15,91.1,2026-06-16,87.1,2026-06-17,,,0,2026-06-24,9.0,2026-06-29,93.85,,
RADICO.NS,BOS2_CONFIRMED,83.6,A - High-Quality Setup,2026-05-20,3679.0,2026-06-18,3690.0,2026-07-20,4193.0,2026-07-24,4038.9,2026-07-27,2026-07-27,4149.5,1,,8.0,2026-08-05,4550.0,,
RADICO.NS,STILL_OPEN,58.7,C - Moderate / Watch,2026-07-27,4193.0,2026-07-28,4289.7,2026-07-30,4494.4,2026-07-31,4321.0,2026-08-03,,,0,,,,,,
KEI.NS,INVALIDATED,43.3,D - Weak / Low-Quality,2026-02-18,4646.0,2026-02-20,4756.0,2026-03-02,5303.0,2026-03-09,4670.5,2026-03-10,,,0,,4.0,,,2026-03-13,
KEI.NS,INVALIDATED,71.8,B - Good Setup,2026-06-15,5476.3,2026-06-17,5643.5,2026-06-23,5708.0,2026-06-29,5155.0,2026-06-30,2026-07-10,5149.5,1,,14.0,,,2026-07-17,
MOTILALOFS.NS,STILL_OPEN,67.8,B - Good Setup,2026-05-27,909.0,2026-06-15,939.45,2026-07-03,981.45,2026-07-08,903.65,2026-07-09,2026-08-03,867.95,2,2026-07-15,,,,,
MOTILALOFS.NS,INVALIDATED,85.1,A - High-Quality Setup,2026-07-02,961.9,2026-07-03,968.35,2026-07-03,981.45,2026-07-08,903.65,2026-07-09,2026-07-10,979.35,1,2026-07-15,14.0,,,2026-07-28,
FLUOROCHEM.NS,BOS2_CONFIRMED,88.0,A - High-Quality Setup,2026-06-24,3948.0,2026-06-30,3964.0,2026-07-01,4038.0,2026-07-03,3871.9,2026-07-06,2026-07-15,4131.6,1,2026-07-10,8.0,2026-07-15,4131.6,,
FLUOROCHEM.NS,STILL_OPEN,58.7,C - Moderate / Watch,2026-07-01,4038.0,2026-07-15,4131.6,2026-07-27,4653.2,2026-07-28,4423.2,2026-07-29,,,0,2026-08-04,,,,,
PREMIERENE.NS,BOS2_CONFIRMED,82.6,A - High-Quality Setup,2026-05-27,1054.4,2026-05-29,1061.0,2026-06-09,1103.9,2026-06-16,1020.1,2026-06-17,2026-07-09,1089.2,3,2026-07-09,18.0,2026-07-10,1117.2,,
PREMIERENE.NS,INVALIDATED,65.6,B - Good Setup,2026-06-09,1103.9,2026-07-10,1117.2,2026-07-10,1134.0,2026-07-20,1020.5,2026-07-21,,,0,,8.0,,,2026-07-30,
WELCORP.NS,BOS2_CONFIRMED,88.0,A - High-Quality Setup,2026-06-23,1434.3,2026-06-25,1455.1,2026-07-01,1539.0,2026-07-03,1408.5,2026-07-06,2026-07-06,1543.6,1,,7.0,2026-07-14,1683.4,,
WELCORP.NS,STILL_OPEN,81.1,A - High-Quality Setup,2026-07-01,1539.0,2026-07-06,1543.6,2026-07-15,1698.8,2026-07-17,1576.0,2026-07-20,2026-07-28,1643.1,2,2026-07-29,,,,,
AIAENG.NS,BOS2_CONFIRMED,79.1,B - Good Setup,2026-02-04,4206.1,2026-05-27,4428.1,2026-06-05,4775.0,2026-06-12,4290.5,2026-06-15,2026-06-15,4469.2,1,2026-06-19,6.0,2026-06-22,4848.0,,
AIAENG.NS,STILL_OPEN,80.7,A - High-Quality Setup,2026-06-05,4775.0,2026-06-22,4848.0,2026-06-23,5060.0,2026-06-25,4806.9,2026-06-26,2026-07-14,4760.0,1,,,,,,
NAVINFLUOR.NS,BOS2_CONFIRMED,86.6,A - High-Quality Setup,2026-06-22,7573.0,2026-06-24,7698.5,2026-06-25,7744.0,2026-06-29,7440.0,2026-06-30,2026-07-09,7689.0,2,2026-07-06,15.0,2026-07-20,7861.5,,
IPCALAB.NS,BOS2_CONFIRMED,88.0,A - High-Quality Setup,2026-05-20,1678.3,2026-06-30,1701.0,2026-07-01,1766.7,2026-07-02,1691.1,2026-07-03,2026-07-13,1823.3,1,2026-07-09,7.0,2026-07-13,1823.3,,
IPCALAB.NS,STILL_OPEN,56.8,C - Moderate / Watch,2026-07-06,1812.5,2026-07-13,1823.3,2026-07-17,1944.9,2026-07-22,1728.2,2026-07-23,,,0,,,,,,
PAGEIND.NS,STILL_OPEN,67.8,B - Good Setup,2026-05-22,40490.0,2026-06-24,40885.0,2026-06-25,41905.0,2026-06-29,40225.0,2026-06-30,2026-07-28,40370.0,2,2026-07-07,,,,,
GODREJIND.NS,INVALIDATED,59.2,C - Moderate / Watch,2025-11-06,1133.5,2026-05-07,1226.85,2026-05-08,1260.65,2026-05-13,1066.6,2026-05-14,,,0,,21.0,,,2026-06-11,
GODREJIND.NS,STILL_OPEN,76.7,B - Good Setup,2026-05-08,1260.65,2026-07-10,1417.7,2026-07-10,1443.0,2026-07-14,1332.5,2026-07-15,2026-08-03,1337.1,2,,,,,,
GLAND.NS,BOS2_CONFIRMED,83.6,A - High-Quality Setup,2026-02-03,1984.9,2026-05-18,2156.6,2026-05-20,2295.1,2026-06-17,2167.8,2026-06-18,2026-06-23,2298.2,1,,5.0,2026-06-24,2326.2,,
GLAND.NS,BOS2_CONFIRMED,90.6,A - High-Quality Setup,2026-05-25,2396.0,2026-06-30,2495.0,2026-06-30,2528.3,2026-07-01,2425.0,2026-07-02,2026-07-16,2529.4,1,2026-07-08,20.0,2026-07-29,2543.7,,
MEDANTA.NS,BOS2_CONFIRMED,82.1,A - High-Quality Setup,2026-06-18,1284.0,2026-06-22,1288.1,2026-07-06,1369.7,2026-07-08,1295.9,2026-07-09,2026-07-21,1342.6,2,2026-07-15,11.0,2026-07-23,1378.2,,
ASTRAL.NS,INVALIDATED,49.8,D - Weak / Low-Quality,2026-02-12,1593.5,2026-02-13,1596.5,2026-03-06,1705.2,2026-03-09,1595.2,2026-03-10,2026-06-15,1544.8,4,2026-03-18,76.0,,,2026-06-29,
NH.NS,BOS2_CONFIRMED,90.6,A - High-Quality Setup,2026-06-04,2002.3,2026-07-03,2002.8,2026-07-03,2049.5,2026-07-08,1957.0,2026-07-09,2026-07-27,2054.0,1,2026-07-15,14.0,2026-07-28,2072.8,,
HSCL.NS,BOS2_CONFIRMED,73.6,B - Good Setup,2026-01-05,498.8,2026-04-21,506.55,2026-04-24,605.0,2026-04-27,544.5,2026-04-28,,,0,,5.0,2026-05-04,609.9,,
HSCL.NS,BOS2_CONFIRMED,68.8,B - Good Setup,2026-05-06,654.45,2026-06-05,685.05,2026-06-05,698.0,2026-06-08,633.8,2026-06-09,2026-07-09,650.05,2,2026-06-16,28.0,2026-07-16,722.35,,
HSCL.NS,STILL_OPEN,63.1,C - Moderate / Watch,2026-06-18,718.0,2026-07-16,722.35,2026-07-21,819.5,2026-07-23,747.1,2026-07-24,,,0,,,,,,
KPRMILL.NS,STILL_OPEN,74.6,B - Good Setup,2026-06-04,1123.0,2026-06-18,1186.4,2026-06-18,1208.7,2026-06-19,1125.0,2026-06-22,,,0,2026-06-26,,,,,
CUPID.NS,BOS2_CONFIRMED,64.7,C - Moderate / Watch,2026-01-02,105.39,2026-04-20,105.42,2026-04-24,115.85,2026-04-28,111.0,2026-04-29,,,0,,5.0,2026-05-05,130.86,,
MANAPPURAM.NS,INVALIDATED,43.3,D - Weak / Low-Quality,2026-05-20,321.6,2026-05-21,322.4,2026-05-25,334.0,2026-06-02,306.8,2026-06-03,,,0,,6.0,,,2026-06-10,
MANAPPURAM.NS,BOS2_CONFIRMED,83.6,A - High-Quality Setup,2026-07-03,335.5,2026-07-06,346.1,2026-07-06,347.9,2026-07-09,329.15,2026-07-10,2026-07-20,337.1,1,,8.0,2026-07-21,351.75,,
MANAPPURAM.NS,STILL_OPEN,67.6,B - Good Setup,2026-07-06,347.9,2026-07-21,351.75,2026-07-30,381.55,2026-08-03,357.3,2026-08-04,,,0,,,,,,
LALPATHLAB.NS,STILL_OPEN,63.1,C - Moderate / Watch,2026-06-16,1803.0,2026-07-27,1827.2,2026-07-27,1894.9,2026-07-28,1790.1,2026-07-29,,,0,2026-08-04,,,,,
RRKABEL.NS,BOS2_CONFIRMED,67.2,B - Good Setup,2026-05-14,2049.0,2026-05-29,2056.3,2026-06-01,2130.0,2026-06-02,1964.3,2026-06-03,,,0,2026-06-11,10.0,2026-06-16,2201.1,,
RRKABEL.NS,BOS2_CONFIRMED,73.2,B - Good Setup,2026-06-17,2239.8,2026-06-18,2296.2,2026-06-29,2549.0,2026-06-30,2320.0,2026-07-01,2026-07-21,2345.4,2,2026-07-24,20.0,2026-07-28,2576.9,,
RRKABEL.NS,BOS2_CONFIRMED,69.1,B - Good Setup,2026-07-27,2549.0,2026-07-28,2576.9,2026-07-28,2775.0,2026-07-29,2535.0,2026-07-30,,,0,,5.0,2026-08-05,2793.0,,
ZFCVINDIA.NS,INVALIDATED,78.1,B - Good Setup,2025-12-19,2641.33,2026-02-11,2658.33,2026-02-16,2777.5,2026-02-20,2516.83,2026-02-23,2026-02-23,2599.17,1,,7.0,,,2026-03-04,
NUVAMA.NS,BOS2_CONFIRMED,82.1,A - High-Quality Setup,2025-12-26,1531.0,2026-05-08,1631.5,2026-05-08,1647.9,2026-05-18,1417.1,2026-05-19,2026-06-12,1588.1,2,,20.0,2026-06-15,1660.9,,
NUVAMA.NS,BOS2_CONFIRMED,73.6,B - Good Setup,2026-05-08,1647.9,2026-06-15,1660.9,2026-06-18,1779.0,2026-06-19,1688.0,2026-06-22,,,0,2026-06-26,7.0,2026-06-30,1806.4,,
NUVAMA.NS,BOS2_CONFIRMED,90.6,A - High-Quality Setup,2026-06-29,1779.9,2026-06-30,1806.4,2026-07-03,1955.0,2026-07-06,1846.0,2026-07-07,2026-07-21,1891.6,1,2026-07-13,14.0,2026-07-24,1980.1,,
CRAFTSMAN.NS,BOS2_CONFIRMED,86.6,A - High-Quality Setup,2026-02-03,8220.0,2026-05-07,8637.0,2026-05-08,9738.0,2026-05-18,8242.5,2026-05-19,2026-06-15,9337.0,2,2026-06-17,24.0,2026-06-19,9806.5,,
CRAFTSMAN.NS,BOS2_CONFIRMED,77.7,B - Good Setup,2026-05-08,9738.0,2026-06-19,9806.5,2026-06-19,9938.0,2026-06-22,9323.0,2026-06-23,2026-07-27,9327.0,2,2026-07-29,28.0,2026-07-30,10047.0,,
IKS.NS,STILL_OPEN,70.1,B - Good Setup,2026-02-11,1772.5,2026-07-01,1800.2,2026-07-08,1909.0,2026-07-09,1831.9,2026-07-10,,,0,2026-07-16,,,,,
NETWEB.NS,INVALIDATED,61.1,C - Moderate / Watch,2026-04-29,4174.8,2026-05-05,4178.1,2026-05-06,4450.0,2026-05-07,4260.9,2026-05-08,,,0,,8.0,,,2026-05-19,
NETWEB.NS,STILL_OPEN,63.2,C - Moderate / Watch,2026-05-08,4492.0,2026-05-29,4670.7,2026-06-01,4925.7,2026-06-02,4552.3,2026-06-03,2026-07-27,4362.2,3,2026-06-16,,,,,
NETWEB.NS,INVALIDATED,56.7,C - Moderate / Watch,2026-06-17,4965.0,2026-06-18,5079.6,2026-06-19,5244.0,2026-06-23,4901.0,2026-06-24,,,0,,4.0,,,2026-06-29,
REDINGTON.NS,STILL_OPEN,72.0,B - Good Setup,2026-06-25,291.17,2026-07-30,310.95,2026-07-30,338.5,2026-07-31,306.95,2026-08-03,,,0,,,,,,
GABRIEL.NS,BOS2_CONFIRMED,95.0,A - High-Quality Setup,2026-06-16,1154.0,2026-06-19,1197.4,2026-06-25,1270.0,2026-06-29,1210.0,2026-06-30,2026-07-15,1354.5,1,2026-07-06,12.0,2026-07-15,1354.5,,
GABRIEL.NS,STILL_OPEN,79.0,B - Good Setup,2026-07-07,1292.3,2026-07-15,1354.5,2026-07-20,1453.0,2026-07-21,1402.5,2026-07-22,,,0,2026-07-29,,,,,
GABRIEL.NS,STILL_OPEN,72.0,B - Good Setup,2026-07-21,1519.9,2026-08-03,1527.4,2026-08-04,1584.8,2026-08-05,1537.2,,,,0,,,,,,
PNBHOUSING.NS,BOS2_CONFIRMED,69.2,B - Good Setup,2026-01-05,1015.75,2026-04-24,1033.65,2026-05-08,1095.8,2026-05-14,1044.6,2026-05-15,2026-06-12,989.9,3,2026-05-25,38.0,2026-07-07,1109.7,,
PNBHOUSING.NS,BOS2_CONFIRMED,86.6,A - High-Quality Setup,2026-05-27,1105.0,2026-07-07,1109.7,2026-07-07,1114.6,2026-07-09,1051.6,2026-07-10,2026-08-03,1090.0,2,2026-07-16,19.0,2026-08-05,1121.6,,
SYRMA.NS,BOS2_CONFIRMED,88.0,A - High-Quality Setup,2025-11-13,909.9,2026-04-16,968.75,2026-04-21,1032.0,2026-04-30,945.85,2026-05-01,2026-05-04,1018.55,1,,8.0,2026-05-12,1075.2,,
SYRMA.NS,BOS2_CONFIRMED,72.8,B - Good Setup,2026-04-21,1032.0,2026-05-05,1058.35,2026-05-08,1136.45,2026-05-14,987.05,2026-05-15,2026-05-20,1004.0,1,2026-06-01,20.0,2026-06-11,1235.6,,
SYRMA.NS,BOS2_CONFIRMED,73.6,B - Good Setup,2026-05-12,1188.0,2026-06-03,1195.3,2026-06-10,1268.0,2026-06-11,1220.1,2026-06-12,,,0,,8.0,2026-06-23,1373.0,,
SUMICHEM.NS,STILL_OPEN,69.2,B - Good Setup,2026-07-10,516.0,2026-07-13,531.9,2026-07-16,549.75,2026-07-24,515.0,2026-07-27,2026-08-03,515.85,1,,,,,,
AMBER.NS,INVALIDATED,56.7,C - Moderate / Watch,2026-04-29,8277.5,2026-05-06,8661.5,2026-05-07,8974.0,2026-05-12,8103.5,2026-05-13,,,0,,4.0,,,2026-05-18,
TIMKEN.NS,BOS2_CONFIRMED,68.8,B - Good Setup,2026-02-03,3356.0,2026-02-26,3358.2,2026-02-27,3500.0,2026-03-04,3172.1,2026-03-05,2026-03-25,3308.9,2,2026-03-11,26.0,2026-04-15,3571.2,,
TIMKEN.NS,INVALIDATED,85.6,A - High-Quality Setup,2026-05-20,3679.6,2026-05-21,3712.3,2026-05-25,3775.0,2026-06-03,3478.6,2026-06-04,2026-06-16,3634.3,2,2026-06-19,24.0,,,2026-07-07,
PFOCUS.NS,INVALIDATED,89.6,A - High-Quality Setup,2026-02-19,294.0,2026-03-24,308.8,2026-03-30,343.6,2026-04-10,312.1,2026-04-13,2026-04-13,337.55,1,,23.0,,,2026-05-14,
AADHARHFC.NS,STILL_OPEN,76.2,B - Good Setup,2026-06-25,542.0,2026-07-03,555.6,2026-07-06,563.0,2026-07-08,520.15,2026-07-09,2026-08-03,504.15,1,,,,,,
GRINDWELL.NS,BOS2_CONFIRMED,90.6,A - High-Quality Setup,2026-05-08,1735.8,2026-05-11,1798.5,2026-05-11,1871.7,2026-05-14,1744.2,2026-05-15,2026-06-05,1958.2,1,2026-05-29,23.0,2026-06-16,2047.3,,
GRINDWELL.NS,BOS2_CONFIRMED,78.0,B - Good Setup,2026-05-20,2002.7,2026-06-15,2023.1,2026-06-16,2130.0,2026-06-17,2044.5,2026-06-18,,,0,2026-06-24,6.0,2026-06-25,2228.0,,
KPIL.NS,STILL_OPEN,67.8,B - Good Setup,2026-06-04,1335.0,2026-06-16,1365.7,2026-06-23,1479.6,2026-06-29,1338.2,2026-06-30,2026-07-29,1303.4,2,,,,,,
FORCEMOT.NS,INVALIDATED,89.6,A - High-Quality Setup,2026-02-05,22200.0,2026-02-09,22361.0,2026-02-11,25050.0,2026-02-13,23004.0,2026-02-16,2026-02-24,25038.0,1,2026-02-20,29.0,,,2026-03-30,
SUNTV.NS,INVALIDATED,52.2,C - Moderate / Watch,2026-02-12,620.6,2026-02-27,647.65,2026-02-27,655.0,2026-03-06,583.05,2026-03-09,,,0,,6.0,,,2026-03-16,
CHENNPETRO.NS,INVALIDATED,38.9,D - Weak / Low-Quality,2025-11-20,1103.0,2026-04-29,1139.5,2026-04-30,1159.7,2026-05-12,1003.4,2026-05-13,,,0,,4.0,,,2026-05-18,
CHENNPETRO.NS,BOS2_CONFIRMED,82.1,A - High-Quality Setup,2026-04-30,1159.7,2026-06-03,1189.8,2026-06-03,1225.0,2026-06-05,1131.6,2026-06-08,2026-06-29,1153.8,2,2026-06-15,29.0,2026-07-16,1240.8,,
IFCI.NS,BOS2_CONFIRMED,88.0,A - High-Quality Setup,2026-02-09,68.13,2026-05-27,68.38,2026-06-01,71.45,2026-06-02,66.61,2026-06-03,2026-06-12,84.57,1,2026-06-11,8.0,2026-06-12,84.57,,
SHRIPISTON.NS,BOS2_CONFIRMED,81.1,A - High-Quality Setup,2026-01-07,3407.2,2026-04-10,3608.2,2026-04-15,3739.0,2026-04-16,3525.0,2026-04-17,2026-05-04,3570.3,1,2026-06-15,44.0,2026-06-18,3807.2,,
SHRIPISTON.NS,BOS2_CONFIRMED,86.6,A - High-Quality Setup,2026-06-23,3860.0,2026-06-24,3926.9,2026-07-01,4421.5,2026-07-07,4151.0,2026-07-08,2026-07-20,4233.8,2,,10.0,2026-07-21,4475.3,,
GESHIP.NS,BOS2_CONFIRMED,87.0,A - High-Quality Setup,2026-02-25,1375.0,2026-03-05,1389.4,2026-03-05,1437.9,2026-03-09,1332.5,2026-03-10,2026-04-28,1474.4,3,2026-03-17,32.0,2026-04-28,1474.4,,
GESHIP.NS,BOS2_CONFIRMED,88.0,A - High-Quality Setup,2026-03-13,1509.0,2026-04-29,1554.6,2026-05-04,1600.0,2026-05-05,1514.8,2026-05-06,2026-05-18,1696.5,1,,9.0,2026-05-18,1696.5,,
GESHIP.NS,INVALIDATED,56.7,C - Moderate / Watch,2026-05-15,1642.7,2026-05-18,1696.5,2026-05-19,1798.0,2026-05-20,1634.1,2026-05-21,,,0,,7.0,,,2026-05-29,
GRANULES.NS,BOS2_CONFIRMED,90.6,A - High-Quality Setup,2026-04-08,650.0,2026-04-15,652.65,2026-04-29,730.8,2026-04-30,690.0,2026-05-01,2026-05-19,766.45,1,2026-05-12,19.0,2026-05-27,782.6,,
GRANULES.NS,BOS2_CONFIRMED,86.6,A - High-Quality Setup,2026-05-26,773.2,2026-05-27,782.6,2026-05-29,804.3,2026-06-02,768.75,2026-06-03,2026-06-29,794.8,2,2026-06-18,20.0,2026-06-30,813.25,,
GRANULES.NS,STILL_OPEN,56.8,C - Moderate / Watch,2026-05-29,804.3,2026-06-30,813.25,2026-07-16,910.0,2026-07-22,828.1,2026-07-23,,,0,,,,,,
SARDAEN.NS,INVALIDATED,85.1,A - High-Quality Setup,2025-10-29,578.5,2026-04-13,579.0,2026-04-17,604.0,2026-04-21,572.0,2026-04-22,2026-04-22,591.8,1,2026-04-28,28.0,,,2026-05-29,
HAPPYFORGE.NS,BOS2_CONFIRMED,81.6,A - High-Quality Setup,2026-01-05,1193.6,2026-02-12,1286.6,2026-02-13,1339.0,2026-02-17,1251.2,2026-02-18,2026-04-22,1330.5,2,2026-02-24,42.0,2026-04-23,1349.5,,
HAPPYFORGE.NS,BOS2_CONFIRMED,90.6,A - High-Quality Setup,2026-04-20,1398.0,2026-05-07,1412.2,2026-05-12,1470.0,2026-05-14,1353.3,2026-05-15,2026-05-21,1450.0,1,2026-05-21,27.0,2026-06-22,1554.8,,
HAPPYFORGE.NS,BOS2_CONFIRMED,86.6,A - High-Quality Setup,2026-05-22,1490.0,2026-06-22,1554.8,2026-06-23,1590.4,2026-06-29,1482.8,2026-06-30,2026-07-09,1564.1,2,2026-07-09,21.0,2026-07-28,1614.6,,
HAPPYFORGE.NS,BOS2_CONFIRMED,69.1,B - Good Setup,2026-07-15,1636.5,2026-07-27,1650.7,2026-07-28,1666.0,2026-07-29,1620.9,2026-07-30,,,0,,5.0,2026-08-05,1817.0,,
CROMPTON.NS,INVALIDATED,89.6,A - High-Quality Setup,2026-05-06,286.35,2026-05-07,290.75,2026-05-08,299.15,2026-05-13,280.0,2026-05-14,2026-05-14,288.95,1,2026-05-20,18.0,,,2026-06-08,
ZYDUSWELL.NS,STILL_OPEN,76.7,B - Good Setup,2026-04-13,552.4,2026-06-29,569.45,2026-07-06,606.95,2026-07-08,553.0,2026-07-09,2026-07-29,579.45,2,2026-07-16,,,,,
ASTRAMICRO.NS,BOS2_CONFIRMED,79.6,B - Good Setup,2026-04-21,1119.0,2026-04-22,1129.75,2026-04-27,1149.0,2026-04-29,1082.7,2026-04-30,2026-05-07,1162.5,2,,6.0,2026-05-07,1162.5,,
ASTRAMICRO.NS,BOS2_CONFIRMED,86.6,A - High-Quality Setup,2026-05-22,1199.0,2026-05-25,1235.6,2026-05-29,1433.0,2026-06-03,1296.3,2026-06-04,2026-06-16,1480.1,2,2026-06-10,10.0,2026-06-17,1574.4,,
ASTRAMICRO.NS,BOS2_CONFIRMED,86.6,A - High-Quality Setup,2026-06-15,1478.8,2026-06-16,1480.1,2026-06-19,1735.5,2026-06-24,1610.0,2026-06-25,2026-07-31,1861.6,2,2026-07-13,27.0,2026-07-31,1861.6,,
ASTRAMICRO.NS,STILL_OPEN,85.6,A - High-Quality Setup,2026-06-29,1735.5,2026-06-30,1761.6,2026-07-07,1871.0,2026-07-08,1773.0,2026-07-09,2026-07-31,1861.6,2,2026-07-31,,,,,
RATNAMANI.NS,INVALIDATED,52.2,C - Moderate / Watch,2026-05-05,2783.4,2026-05-07,2827.1,2026-05-11,3345.0,2026-05-13,2816.6,2026-05-14,,,0,,3.0,,,2026-05-18,
NATCOPHARM.NS,BOS2_CONFIRMED,86.1,A - High-Quality Setup,2026-01-07,960.4,2026-02-25,978.2,2026-02-27,999.0,2026-03-02,925.15,2026-03-04,2026-03-25,973.7,1,2026-03-25,22.0,2026-04-07,1082.4,,
NATCOPHARM.NS,BOS2_CONFIRMED,90.6,A - High-Quality Setup,2026-03-11,1053.0,2026-04-07,1082.4,2026-04-10,1134.85,2026-04-13,1070.0,2026-04-15,2026-04-24,1093.2,1,2026-05-04,16.0,2026-05-06,1150.1,,
NATCOPHARM.NS,INVALIDATED,85.1,A - High-Quality Setup,2026-04-10,1134.85,2026-05-06,1150.1,2026-05-08,1218.0,2026-05-11,1140.2,2026-05-12,2026-05-26,1186.0,1,2026-05-26,14.0,,,2026-05-29,
MINDACORP.NS,BOS2_CONFIRMED,71.7,B - Good Setup,2025-12-17,617.0,2026-05-27,623.85,2026-06-04,663.0,2026-06-08,625.15,2026-06-09,,,0,2026-06-15,16.0,2026-06-30,696.8,,
MINDACORP.NS,BOS2_CONFIRMED,86.6,A - High-Quality Setup,2026-06-25,691.0,2026-06-30,696.8,2026-07-02,713.65,2026-07-08,679.5,2026-07-09,2026-07-27,692.55,2,2026-07-27,18.0,2026-08-03,727.6,,
GPIL.NS,INVALIDATED,62.8,C - Moderate / Watch,2026-04-08,296.0,2026-04-15,303.35,2026-04-16,310.5,2026-04-17,296.15,2026-04-20,2026-06-22,276.85,2,2026-04-28,48.0,,,2026-06-24,
AZAD.NS,BOS2_CONFIRMED,78.0,B - Good Setup,2026-02-25,1769.0,2026-04-15,1836.4,2026-04-16,1923.7,2026-04-17,1858.0,2026-04-20,,,0,,5.0,2026-04-24,2090.2,,
AZAD.NS,INVALIDATED,56.7,C - Moderate / Watch,2026-05-07,2267.5,2026-05-08,2315.6,2026-05-08,2350.0,2026-05-11,2092.6,2026-05-12,,,0,,5.0,,,2026-05-18,
AZAD.NS,STILL_OPEN,81.1,A - High-Quality Setup,2026-05-08,2350.0,2026-07-09,2476.1,2026-07-13,2530.0,2026-07-14,2296.8,2026-07-15,2026-08-05,2446.8,2,,,,,,
FINCABLES.NS,INVALIDATED,71.8,B - Good Setup,2025-09-03,867.5,2026-02-26,873.35,2026-02-27,942.0,2026-03-02,870.1,2026-03-04,2026-03-18,876.95,1,2026-03-10,18.0,,,2026-03-30,
FINCABLES.NS,BOS2_CONFIRMED,77.2,B - Good Setup,2026-05-04,1022.0,2026-05-05,1054.95,2026-05-05,1098.9,2026-05-06,1025.1,2026-05-07,2026-05-19,1056.25,1,2026-05-13,15.0,2026-05-27,1177.25,,
THANGAMAYL.NS,STILL_OPEN,54.2,C - Moderate / Watch,2026-04-17,4373.0,2026-06-02,4590.7,2026-06-04,5649.0,2026-08-05,4611.0,,,,0,,,,,,
THANGAMAYL.NS,BOS2_CONFIRMED,90.6,A - High-Quality Setup,2026-06-08,5764.2,2026-06-29,5875.1,2026-07-01,6572.0,2026-07-02,5750.5,2026-07-03,2026-07-23,6871.0,1,2026-07-09,15.0,2026-07-23,6871.0,,
CIEINDIA.NS,TIMEOUT,68.0,B - Good Setup,2026-02-19,463.95,2026-02-20,469.35,2026-02-23,526.0,2026-02-24,484.5,2026-02-25,2026-07-02,474.15,7,,89.0,,,,2026-07-07
KIRLOSBROS.NS,STILL_OPEN,80.7,A - High-Quality Setup,2026-04-13,1869.8,2026-06-18,1903.2,2026-06-22,2189.2,2026-06-24,1956.6,2026-06-25,2026-07-13,1950.0,1,,,,,,
WELSPUNLIV.NS,STILL_OPEN,85.6,A - High-Quality Setup,2026-02-04,152.85,2026-06-18,163.0,2026-06-24,171.0,2026-06-30,158.31,2026-07-01,2026-07-13,174.14,2,2026-07-07,,,,,
CCL.NS,BOS2_CONFIRMED,83.6,A - High-Quality Setup,2025-11-10,1074.4,2026-03-20,1087.6,2026-03-20,1105.0,2026-03-23,1042.2,2026-03-24,2026-04-01,1082.3,1,2026-04-01,7.0,2026-04-06,1116.9,,
GALLANTT.NS,INVALIDATED,71.8,B - Good Setup,2026-04-08,712.0,2026-04-15,790.15,2026-04-16,948.0,2026-05-14,748.25,2026-05-15,2026-05-22,690.0,1,,17.0,,,2026-06-08,
JBMA.NS,STILL_OPEN,76.7,B - Good Setup,2026-06-04,718.6,2026-06-19,727.3,2026-06-22,738.5,2026-06-29,680.0,2026-06-30,2026-07-13,696.55,2,,,,,,
ARVIND.NS,BOS2_CONFIRMED,69.1,B - Good Setup,2026-05-04,403.0,2026-05-07,447.9,2026-05-07,459.65,2026-05-11,425.25,2026-05-12,,,0,,5.0,2026-05-18,472.6,,
ARVIND.NS,BOS2_CONFIRMED,86.6,A - High-Quality Setup,2026-05-07,459.65,2026-05-18,472.6,2026-05-20,498.75,2026-05-22,476.0,2026-05-25,2026-06-18,510.65,2,2026-06-02,22.0,2026-06-23,521.55,,
ARVIND.NS,BOS2_CONFIRMED,69.1,B - Good Setup,2026-06-15,514.85,2026-06-19,516.6,2026-06-22,525.0,2026-06-23,508.7,2026-06-24,,,0,,5.0,2026-06-30,587.1,,
APOLLO.NS,BOS2_CONFIRMED,83.6,A - High-Quality Setup,2026-04-28,312.34,2026-05-06,312.75,2026-05-08,337.8,2026-05-12,292.65,2026-05-13,2026-05-19,340.7,1,,5.0,2026-05-19,340.7,,
APOLLO.NS,BOS2_CONFIRMED,83.6,A - High-Quality Setup,2026-05-08,337.8,2026-05-19,340.7,2026-05-20,369.4,2026-05-22,347.6,2026-05-25,2026-06-02,437.0,1,,7.0,2026-06-02,437.0,,
SHILPAMED.NS,BOS2_CONFIRMED,82.1,A - High-Quality Setup,2025-11-13,415.0,2026-04-09,419.0,2026-04-09,426.9,2026-04-13,404.55,2026-04-15,2026-05-04,418.7,2,2026-04-23,16.0,2026-05-06,441.9,,
SHILPAMED.NS,BOS2_CONFIRMED,78.0,B - Good Setup,2026-04-23,436.4,2026-05-06,441.9,2026-05-07,451.0,2026-05-11,426.15,2026-05-12,,,0,,5.0,2026-05-18,476.2,,
SHILPAMED.NS,BOS2_CONFIRMED,95.0,A - High-Quality Setup,2026-06-04,529.8,2026-06-05,538.05,2026-06-08,558.95,2026-06-09,533.0,2026-06-10,2026-06-17,572.4,1,2026-06-16,10.0,2026-06-23,591.15,,
SHILPAMED.NS,BOS2_CONFIRMED,86.1,A - High-Quality Setup,2026-06-30,598.9,2026-07-02,600.85,2026-07-14,650.0,2026-07-15,628.05,2026-07-16,2026-07-27,620.6,1,2026-08-04,15.0,2026-08-05,721.75,,
UJJIVANSFB.NS,STILL_OPEN,58.7,C - Moderate / Watch,2026-01-23,68.0,2026-07-23,68.78,2026-07-27,73.29,2026-07-29,68.9,2026-07-30,,,0,,,,,,
KSB.NS,STILL_OPEN,71.7,B - Good Setup,2026-03-19,837.6,2026-04-02,838.3,2026-04-20,1011.5,2026-05-06,873.05,2026-05-07,2026-07-13,943.15,2,,,,,,
NAZARA.NS,BOS2_CONFIRMED,65.1,B - Good Setup,2026-02-03,295.2,2026-05-15,299.95,2026-05-15,314.0,2026-05-22,282.7,2026-05-25,2026-07-30,308.05,5,2026-07-02,50.0,2026-07-31,339.0,,
TMB.NS,BOS2_CONFIRMED,68.7,B - Good Setup,2026-04-27,721.0,2026-04-28,738.55,2026-04-29,768.4,2026-05-05,725.1,2026-05-06,2026-07-02,746.1,3,2026-06-04,43.0,2026-07-03,778.65,,
TMB.NS,BOS2_CONFIRMED,64.7,C - Moderate / Watch,2026-07-03,799.4,2026-07-10,801.6,2026-07-13,812.5,2026-07-14,777.15,2026-07-15,,,0,,5.0,2026-07-21,818.45,,
TMB.NS,STILL_OPEN,67.6,B - Good Setup,2026-07-21,847.0,2026-07-27,893.65,2026-07-27,917.0,2026-07-28,857.6,2026-07-29,,,0,,,,,,
INGERRAND.NS,INVALIDATED,81.1,A - High-Quality Setup,2026-04-22,4200.0,2026-04-24,4216.0,2026-04-30,4458.0,2026-05-06,4256.5,2026-05-07,2026-05-15,4398.7,2,2026-05-14,19.0,,,2026-06-02,
INGERRAND.NS,STILL_OPEN,72.2,B - Good Setup,2026-05-08,4605.0,2026-06-18,4714.1,2026-06-19,4756.2,2026-07-03,4325.0,2026-07-06,2026-07-31,4335.6,2,2026-07-16,,,,,
ACE.NS,STILL_OPEN,81.1,A - High-Quality Setup,2026-06-19,984.95,2026-06-22,1011.7,2026-06-23,1047.0,2026-06-29,978.8,2026-06-30,2026-07-24,1039.4,2,2026-07-21,,,,,
NSLNISP.NS,INVALIDATED,71.8,B - Good Setup,2026-05-27,46.62,2026-06-01,50.5,2026-06-02,53.75,2026-06-03,50.76,2026-06-04,2026-07-02,43.93,1,,36.0,,,2026-07-23,
LLOYDSENGG.NS,BOS2_CONFIRMED,78.0,B - Good Setup,2026-05-07,62.03,2026-05-08,62.87,2026-05-12,72.5,2026-05-13,68.21,2026-05-14,,,0,,8.0,2026-05-25,74.63,,
LLOYDSENGG.NS,BOS2_CONFIRMED,78.6,B - Good Setup,2026-05-27,79.4,2026-06-16,79.94,2026-06-18,89.78,2026-06-19,81.29,2026-06-22,2026-07-27,91.33,4,2026-06-29,32.0,2026-08-04,92.72,,
RKFORGE.NS,BOS2_CONFIRMED,59.8,C - Moderate / Watch,2025-11-13,588.4,2026-04-28,602.3,2026-04-28,617.75,2026-04-30,586.0,2026-05-01,2026-07-15,563.5,3,2026-05-08,62.0,2026-07-27,625.45,,
MARKSANS.NS,BOS2_CONFIRMED,69.1,B - Good Setup,2026-05-11,207.0,2026-05-15,207.45,2026-05-19,225.49,2026-05-20,212.11,2026-05-21,,,0,,5.0,2026-05-27,249.27,,
MARKSANS.NS,BOS2_CONFIRMED,90.6,A - High-Quality Setup,2026-05-19,225.49,2026-05-26,254.79,2026-05-27,264.4,2026-05-29,240.63,2026-06-01,2026-06-09,252.75,1,2026-06-18,17.0,2026-06-23,265.98,,
VIYASH.NS,INVALIDATED,50.3,C - Moderate / Watch,2026-06-23,278.9,2026-07-01,288.2,2026-07-06,298.0,2026-07-08,267.35,2026-07-09,,,0,,12.0,,,2026-07-24,
OLECTRA.NS,STILL_OPEN,71.8,B - Good Setup,2026-05-08,1397.9,2026-06-18,1446.6,2026-06-22,1552.9,2026-06-25,1450.4,2026-06-26,2026-08-03,1344.2,1,2026-07-02,,,,,
PVRINOX.NS,STILL_OPEN,63.1,C - Moderate / Watch,2026-02-11,1113.75,2026-07-27,1123.2,2026-07-28,1163.0,2026-07-29,1118.05,2026-07-30,,,0,2026-08-05,,,,,
AVALON.NS,BOS2_CONFIRMED,83.6,A - High-Quality Setup,2026-05-05,1209.9,2026-05-07,1255.5,2026-05-08,1427.8,2026-05-12,1263.3,2026-05-13,2026-05-15,1323.1,1,,6.0,2026-05-20,1464.4,,
AVALON.NS,BOS2_CONFIRMED,91.0,A - High-Quality Setup,2026-05-08,1427.8,2026-05-20,1464.4,2026-05-21,1512.3,2026-05-22,1435.7,2026-05-25,2026-06-04,1637.7,2,2026-06-02,22.0,2026-06-23,1753.7,,
AVALON.NS,BOS2_CONFIRMED,82.6,A - High-Quality Setup,2026-06-12,1696.0,2026-06-15,1760.0,2026-06-19,1798.7,2026-06-22,1702.8,2026-06-23,2026-07-30,1759.5,3,2026-06-29,29.0,2026-07-31,1807.9,,
SKYGOLD.NS,BOS2_CONFIRMED,83.6,A - High-Quality Setup,2026-04-09,387.45,2026-04-10,389.35,2026-04-17,440.0,2026-04-20,408.75,2026-04-21,2026-04-27,422.4,1,2026-04-28,7.0,2026-04-29,458.55,,
SKYGOLD.NS,BOS2_CONFIRMED,91.0,A - High-Quality Setup,2026-04-28,440.0,2026-04-29,458.55,2026-05-08,549.9,2026-05-11,475.0,2026-05-12,2026-05-29,521.0,2,,16.0,2026-06-02,559.7,,
SKYGOLD.NS,STILL_OPEN,81.1,A - High-Quality Setup,2026-07-08,590.0,2026-07-09,623.3,2026-07-14,644.35,2026-07-17,602.55,2026-07-20,2026-08-03,691.85,2,2026-07-30,,,,,
SKYGOLD.NS,STILL_OPEN,78.1,B - Good Setup,2026-07-16,647.35,2026-07-20,658.35,2026-07-22,683.45,2026-07-24,633.15,2026-07-27,2026-08-03,691.85,1,2026-08-04,,,,,
JLHL.NS,STILL_OPEN,63.1,C - Moderate / Watch,2026-06-29,283.98,2026-06-30,284.18,2026-07-30,340.0,2026-08-03,310.3,2026-08-04,,,0,,,,,,
JLHL.NS,STILL_OPEN,63.1,C - Moderate / Watch,2026-07-09,295.78,2026-07-14,296.7,2026-07-30,340.0,2026-08-03,310.3,2026-08-04,,,0,,,,,,
MANORAMA.NS,INVALIDATED,65.6,B - Good Setup,2026-04-30,1524.1,2026-05-04,1530.2,2026-05-05,1638.0,2026-05-06,1565.0,2026-05-07,,,0,,5.0,,,2026-05-13,
PGIL.NS,STILL_OPEN,81.1,A - High-Quality Setup,2026-02-05,1970.1,2026-06-24,2081.0,2026-06-24,2115.7,2026-06-30,1971.1,2026-07-01,2026-07-27,2016.6,2,2026-07-20,,,,,
BLUEJET.NS,BOS2_CONFIRMED,64.7,C - Moderate / Watch,2026-06-25,547.6,2026-07-01,549.15,2026-07-03,577.95,2026-07-06,548.3,2026-07-07,,,0,,5.0,2026-07-13,606.3,,
ALKYLAMINE.NS,STILL_OPEN,71.8,B - Good Setup,2026-07-08,1898.0,2026-07-09,1954.6,2026-07-10,2007.0,2026-07-14,1855.4,2026-07-15,2026-07-27,1821.5,1,,,,,,
MMTC.NS,INVALIDATED,38.9,D - Weak / Low-Quality,2026-01-14,72.7,2026-06-16,75.74,2026-06-17,78.35,2026-06-29,66.4,2026-06-30,,,0,,6.0,,,2026-07-07,
KIRLPNU.NS,BOS2_CONFIRMED,69.1,B - Good Setup,2026-02-09,1221.6,2026-04-13,1238.3,2026-04-21,1374.3,2026-04-24,1320.0,2026-04-27,,,0,,5.0,2026-05-04,1563.0,,
KIRLPNU.NS,INVALIDATED,59.2,C - Moderate / Watch,2026-05-27,1705.0,2026-06-17,1832.4,2026-06-22,2197.1,2026-06-25,1866.5,2026-06-26,,,0,,20.0,,,2026-07-23,
SUVEN.NS,BOS2_CONFIRMED,82.6,A - High-Quality Setup,2026-04-28,229.69,2026-05-18,252.57,2026-05-20,277.99,2026-06-08,230.6,2026-06-09,2026-06-25,267.25,3,2026-06-15,18.0,2026-07-02,297.95,,
SUVEN.NS,STILL_OPEN,85.1,A - High-Quality Setup,2026-07-02,297.95,2026-07-03,327.6,2026-07-03,336.0,2026-07-07,308.5,2026-07-08,2026-08-05,326.55,1,2026-08-05,,,,,
VOLTAMP.NS,BOS2_CONFIRMED,86.6,A - High-Quality Setup,2026-02-25,8739.0,2026-02-26,9004.0,2026-02-27,9294.0,2026-03-02,8540.0,2026-03-04,2026-03-30,8685.5,2,2026-04-01,26.0,2026-04-13,9463.0,,
VOLTAMP.NS,STILL_OPEN,54.8,C - Moderate / Watch,2026-04-06,9294.0,2026-04-10,9311.5,2026-04-23,11295.0,2026-05-06,9653.0,2026-05-07,2026-07-28,9290.0,4,,,,,,
RELIGARE.NS,STILL_OPEN,72.2,B - Good Setup,2026-02-11,268.8,2026-06-23,271.6,2026-06-25,280.0,2026-06-29,263.75,2026-06-30,2026-08-03,261.1,2,2026-07-07,,,,,
YATHARTH.NS,STILL_OPEN,68.1,B - Good Setup,2026-05-07,825.0,2026-05-08,862.2,2026-05-11,887.85,2026-05-12,804.1,2026-05-13,2026-07-13,845.45,4,2026-05-22,,,,,
ICIL.NS,STILL_OPEN,71.8,B - Good Setup,2026-06-03,360.4,2026-06-18,405.85,2026-06-18,410.5,2026-06-19,383.75,2026-06-22,2026-07-21,396.55,1,2026-07-08,,,,,
RAIN.NS,BOS2_CONFIRMED,80.6,A - High-Quality Setup,2026-02-10,176.0,2026-05-25,178.98,2026-05-25,183.0,2026-05-26,171.75,2026-05-27,,,0,,14.0,2026-06-15,207.78,,
RAIN.NS,BOS2_CONFIRMED,73.6,B - Good Setup,2026-07-13,218.9,2026-07-21,223.4,2026-07-22,225.2,2026-07-23,214.32,2026-07-24,,,0,2026-07-30,8.0,2026-08-04,238.07,,
IMFA.NS,BOS2_CONFIRMED,64.7,C - Moderate / Watch,2026-01-05,1510.6,2026-04-16,1551.8,2026-04-17,1582.7,2026-04-21,1478.0,2026-04-22,,,0,,5.0,2026-04-28,1631.9,,
POWERMECH.NS,BOS2_CONFIRMED,77.7,B - Good Setup,2026-04-29,2566.3,2026-05-05,2593.9,2026-05-08,2645.2,2026-05-13,2360.4,2026-05-14,2026-06-03,2524.8,2,2026-06-04,22.0,2026-06-12,2789.5,,
POWERMECH.NS,STILL_OPEN,81.6,A - High-Quality Setup,2026-06-04,2679.0,2026-06-12,2789.5,2026-06-15,2924.0,2026-06-16,2740.3,2026-06-17,2026-07-27,2692.9,3,2026-06-23,,,,,
GARFIBRES.NS,STILL_OPEN,76.7,B - Good Setup,2026-02-12,773.0,2026-06-19,796.4,2026-06-19,818.65,2026-06-29,713.7,2026-06-30,2026-07-13,739.4,2,2026-08-05,,,,,
TANLA.NS,STILL_OPEN,58.7,C - Moderate / Watch,2026-07-17,598.9,2026-07-23,618.5,2026-07-23,656.0,2026-07-28,582.25,2026-07-29,,,0,,,,,,
WELENT.NS,BOS2_CONFIRMED,69.1,B - Good Setup,2026-06-10,566.8,2026-06-18,570.35,2026-06-23,587.7,2026-06-24,561.6,2026-06-25,,,0,,5.0,2026-07-01,610.35,,
WELENT.NS,STILL_OPEN,85.1,A - High-Quality Setup,2026-06-23,587.7,2026-06-30,601.45,2026-07-01,633.7,2026-07-03,594.7,2026-07-06,2026-07-09,614.0,1,2026-07-13,,,,,
CERA.NS,STILL_OPEN,89.6,A - High-Quality Setup,2026-05-12,6215.0,2026-06-15,6259.0,2026-06-22,6740.0,2026-06-29,6260.0,2026-06-30,2026-07-06,6571.0,1,2026-07-06,,,,,
PRECWIRE.NS,BOS2_CONFIRMED,68.8,B - Good Setup,2026-02-12,280.5,2026-02-16,298.52,2026-02-17,308.0,2026-02-18,285.61,2026-02-19,2026-03-17,290.55,2,2026-02-25,32.0,2026-04-09,328.9,,
PRECWIRE.NS,BOS2_CONFIRMED,80.6,A - High-Quality Setup,2026-03-10,356.1,2026-04-16,366.7,2026-04-20,382.45,2026-04-21,365.0,2026-04-22,,,0,,11.0,2026-05-06,394.5,,
KINGFA.NS,BOS2_CONFIRMED,83.6,A - High-Quality Setup,2026-04-21,4835.9,2026-04-23,4917.6,2026-04-27,5139.0,2026-04-29,4545.0,2026-04-30,2026-04-30,4779.1,1,,6.0,2026-05-08,5374.9,,
KINGFA.NS,BOS2_CONFIRMED,88.0,A - High-Quality Setup,2026-04-27,5139.0,2026-05-08,5374.9,2026-05-11,5476.0,2026-05-15,5038.1,2026-05-18,2026-05-18,5303.6,1,,7.0,2026-05-26,5528.1,,
SUPRAJIT.NS,BOS2_CONFIRMED,82.1,A - High-Quality Setup,2026-07-08,508.4,2026-07-10,509.0,2026-07-13,513.7,2026-07-17,475.2,2026-07-20,2026-07-27,491.4,2,2026-07-30,13.0,2026-08-05,524.1,,
SFL.NS,BOS2_CONFIRMED,88.0,A - High-Quality Setup,2026-05-22,659.0,2026-06-08,671.35,2026-06-10,713.7,2026-06-11,673.25,2026-06-12,2026-06-22,741.75,1,2026-06-18,7.0,2026-06-22,741.75,,
SFL.NS,BOS2_CONFIRMED,90.6,A - High-Quality Setup,2026-06-15,724.95,2026-06-22,741.75,2026-06-23,755.8,2026-06-24,710.3,2026-06-25,2026-07-13,806.95,1,2026-07-01,13.0,2026-07-13,806.95,,
MBAPL.NS,BOS2_CONFIRMED,95.0,A - High-Quality Setup,2026-02-17,97.89,2026-04-01,100.96,2026-04-06,109.98,2026-04-07,105.49,2026-04-08,2026-05-05,112.77,1,2026-04-15,19.0,2026-05-05,112.77,,
MBAPL.NS,BOS2_CONFIRMED,82.6,A - High-Quality Setup,2026-04-17,111.8,2026-05-05,112.77,2026-05-08,117.0,2026-05-12,107.22,2026-05-13,2026-06-24,114.5,3,2026-06-24,36.0,2026-07-01,118.65,,
MBAPL.NS,BOS2_CONFIRMED,69.1,B - Good Setup,2026-05-08,117.0,2026-07-01,118.65,2026-07-03,126.95,2026-07-06,115.35,2026-07-07,,,0,,5.0,2026-07-13,132.85,,
BAJAJCON.NS,BOS2_CONFIRMED,90.6,A - High-Quality Setup,2026-02-25,408.7,2026-04-10,432.25,2026-04-10,444.7,2026-04-13,418.6,2026-04-15,2026-05-05,488.75,1,,17.0,2026-05-07,521.35,,
BAJAJCON.NS,BOS2_CONFIRMED,86.6,A - High-Quality Setup,2026-05-06,496.85,2026-05-07,521.35,2026-05-11,560.3,2026-05-12,534.0,2026-05-13,2026-06-08,575.35,2,2026-05-20,19.0,2026-06-08,575.35,,
BAJAJCON.NS,BOS2_CONFIRMED,90.6,A - High-Quality Setup,2026-05-21,560.3,2026-05-22,571.75,2026-05-25,581.0,2026-05-29,545.25,2026-06-01,2026-06-08,575.35,1,2026-06-08,11.0,2026-06-15,592.4,,
BAJAJCON.NS,BOS2_CONFIRMED,90.6,A - High-Quality Setup,2026-06-08,581.0,2026-06-09,582.2,2026-06-09,591.9,2026-06-10,560.75,2026-06-11,2026-07-01,614.55,1,2026-06-23,21.0,2026-07-09,643.55,,
SPARC.NS,BOS2_CONFIRMED,81.7,A - High-Quality Setup,2026-05-19,182.59,2026-05-20,183.68,2026-05-21,189.29,2026-05-22,179.82,2026-05-25,2026-06-03,208.5,1,,23.0,2026-06-24,226.86,,
SPARC.NS,INVALIDATED,65.6,B - Good Setup,2026-06-18,253.17,2026-07-06,261.71,2026-07-08,289.0,2026-07-09,270.2,2026-07-10,,,0,,7.0,,,2026-07-20,
BALAMINES.NS,BOS2_CONFIRMED,88.0,A - High-Quality Setup,2026-05-04,1457.9,2026-05-05,1462.0,2026-05-08,1538.0,2026-05-12,1318.3,2026-05-13,2026-05-14,1623.4,1,,6.0,2026-05-20,1833.3,,
BALAMINES.NS,BOS2_CONFIRMED,77.2,B - Good Setup,2026-05-25,1956.0,2026-06-02,2016.1,2026-06-03,2185.0,2026-06-05,1992.0,2026-06-08,2026-06-30,2035.9,1,2026-06-12,19.0,2026-07-02,2231.3,,
BALAMINES.NS,INVALIDATED,63.7,C - Moderate / Watch,2026-07-08,2288.0,2026-07-09,2364.0,2026-07-13,2443.6,2026-07-14,2260.0,2026-07-15,,,0,2026-07-22,14.0,,,2026-08-03,
GOKULAGRO.NS,STILL_OPEN,67.1,B - Good Setup,2025-12-01,221.5,2026-04-22,235.49,2026-04-22,246.0,2026-04-24,222.2,2026-04-27,2026-07-29,223.2,3,2026-05-08,,,,,
SENCO.NS,STILL_OPEN,63.1,C - Moderate / Watch,2026-07-22,399.8,2026-07-27,417.95,2026-07-27,430.0,2026-07-28,408.2,2026-07-29,,,0,,,,,,
RBA.NS,BOS2_CONFIRMED,72.8,B - Good Setup,2026-06-18,69.82,2026-06-19,73.67,2026-06-22,81.8,2026-07-06,72.5,2026-07-07,2026-07-27,67.57,1,,21.0,2026-08-04,84.91,,
KMEW.NS,INVALIDATED,85.1,A - High-Quality Setup,2025-12-22,1959.3,2026-05-04,2036.2,2026-05-05,2254.4,2026-05-06,2072.1,2026-05-07,2026-05-18,2060.1,1,,18.0,,,2026-06-01,
KMEW.NS,BOS2_CONFIRMED,90.6,A - High-Quality Setup,2026-06-24,2408.8,2026-07-10,2412.7,2026-07-13,2465.0,2026-07-14,2330.1,2026-07-15,2026-07-28,2516.0,1,2026-07-21,11.0,2026-07-29,2679.8,,
SENORES.NS,BOS2_CONFIRMED,90.6,A - High-Quality Setup,2026-01-07,876.5,2026-04-16,890.3,2026-04-20,944.5,2026-04-22,870.4,2026-04-23,2026-05-07,931.8,1,2026-05-07,15.0,2026-05-13,973.75,,
SENORES.NS,BOS2_CONFIRMED,95.0,A - High-Quality Setup,2026-04-28,947.7,2026-05-08,965.55,2026-05-11,979.8,2026-05-12,925.0,2026-05-13,2026-05-15,1050.35,1,,14.0,2026-06-01,1067.8,,
SENORES.NS,BOS2_CONFIRMED,90.6,A - High-Quality Setup,2026-06-11,1194.4,2026-06-12,1290.0,2026-06-15,1311.0,2026-06-16,1248.5,2026-06-17,2026-06-29,1319.6,1,2026-06-23,13.0,2026-07-03,1381.9,,
SENORES.NS,STILL_OPEN,71.8,B - Good Setup,2026-06-18,1360.0,2026-07-03,1381.9,2026-07-03,1408.0,2026-07-06,1313.6,2026-07-07,2026-08-03,1355.3,1,2026-07-17,,,,,
ITDC.NS,STILL_OPEN,94.0,A - High-Quality Setup,2026-06-05,706.95,2026-07-08,723.4,2026-07-08,787.55,2026-07-09,701.0,2026-07-10,2026-07-15,793.9,1,2026-07-20,,,,,
TVSSCS.NS,STILL_OPEN,68.2,B - Good Setup,2026-06-17,137.0,2026-06-19,140.31,2026-06-22,142.3,2026-06-29,129.16,2026-06-30,2026-07-27,136.62,3,2026-07-06,,,,,
GANESHHOU.NS,STILL_OPEN,61.2,C - Moderate / Watch,2026-07-06,817.9,2026-07-07,845.2,2026-07-07,887.8,2026-07-08,811.5,2026-07-09,,,0,,,,,,
PTC.NS,BOS2_CONFIRMED,73.6,B - Good Setup,2026-04-20,197.75,2026-04-28,205.71,2026-04-29,210.8,2026-04-30,198.04,2026-05-01,,,0,,5.0,2026-05-07,227.38,,
AEROFLEX.NS,BOS2_CONFIRMED,77.2,B - Good Setup,2025-12-23,211.8,2026-02-18,226.72,2026-02-19,233.99,2026-02-24,213.0,2026-02-25,2026-03-10,220.49,1,2026-03-11,13.0,2026-03-16,246.91,,
AEROFLEX.NS,BOS2_CONFIRMED,69.1,B - Good Setup,2026-04-08,264.0,2026-04-09,274.46,2026-04-13,298.9,2026-04-15,285.5,2026-04-16,,,0,,5.0,2026-04-22,304.52,,
AEROFLEX.NS,BOS2_CONFIRMED,86.6,A - High-Quality Setup,2026-04-17,321.4,2026-05-06,344.7,2026-05-08,458.7,2026-05-14,349.3,2026-05-15,2026-06-02,419.45,2,2026-06-12,22.0,2026-06-15,478.0,,
AEROFLEX.NS,INVALIDATED,89.6,A - High-Quality Setup,2026-05-08,458.7,2026-06-15,478.0,2026-06-16,491.9,2026-06-17,465.1,2026-06-18,2026-07-01,488.5,1,2026-06-24,15.0,,,2026-07-08,
CEIGALL.NS,BOS2_CONFIRMED,69.1,B - Good Setup,2026-04-20,312.45,2026-04-21,322.5,2026-04-23,335.0,2026-04-24,322.0,2026-04-27,,,0,,5.0,2026-05-04,342.05,,
EMIL.NS,BOS2_CONFIRMED,82.1,A - High-Quality Setup,2026-07-01,129.1,2026-07-02,136.9,2026-07-03,143.65,2026-07-08,128.51,2026-07-09,2026-08-04,133.17,2,,20.0,2026-08-05,147.56,,
CENTUM.NS,BOS2_CONFIRMED,77.2,B - Good Setup,2026-03-18,2962.6,2026-03-20,2987.8,2026-03-20,3066.6,2026-03-23,2698.0,2026-03-24,2026-04-10,2815.4,1,2026-04-16,15.0,2026-04-17,3084.8,,
CENTUM.NS,BOS2_CONFIRMED,90.6,A - High-Quality Setup,2026-05-22,3324.0,2026-05-29,3484.0,2026-06-01,3714.0,2026-06-02,3452.6,2026-06-03,2026-06-12,3582.8,1,2026-06-15,20.0,2026-06-30,3784.0,,
HCC.NS,INVALIDATED,59.2,C - Moderate / Watch,2026-06-15,24.65,2026-06-16,25.49,2026-06-18,28.39,2026-06-19,26.71,2026-06-22,,,0,,23.0,,,2026-07-22,
KRISHANA.NS,BOS2_CONFIRMED,69.1,B - Good Setup,2026-04-15,123.8,2026-04-16,128.04,2026-04-17,131.56,2026-04-20,123.21,2026-04-21,,,0,,5.0,2026-04-27,137.37,,
KRISHANA.NS,INVALIDATED,82.6,A - High-Quality Setup,2026-05-22,143.7,2026-06-24,146.79,2026-06-25,149.71,2026-06-29,132.02,2026-06-30,2026-07-03,151.85,1,2026-07-06,7.0,,,2026-07-08,
KRISHANA.NS,STILL_OPEN,72.0,B - Good Setup,2026-07-03,152.3,2026-07-23,155.75,2026-07-28,170.15,2026-07-30,162.4,2026-07-31,,,0,,,,,,
ENTERO.NS,BOS2_CONFIRMED,86.6,A - High-Quality Setup,2026-04-15,1276.5,2026-04-17,1278.1,2026-04-17,1303.2,2026-04-20,1242.2,2026-04-21,2026-05-19,1240.1,2,2026-05-07,23.0,2026-05-22,1354.4,,
GOLDIAM.NS,BOS2_CONFIRMED,86.6,A - High-Quality Setup,2026-06-10,336.49,2026-06-12,359.1,2026-06-15,369.0,2026-06-16,347.48,2026-06-17,2026-07-10,378.0,2,2026-07-03,18.0,2026-07-10,378.0,,
DATAMATICS.NS,STILL_OPEN,80.7,A - High-Quality Setup,2026-07-07,884.0,2026-07-10,900.45,2026-07-13,918.0,2026-07-17,826.65,2026-07-20,2026-07-27,854.8,1,,,,,,
YASHO.NS,BOS2_CONFIRMED,69.1,B - Good Setup,2025-11-18,1780.0,2026-05-19,1818.8,2026-05-20,2085.0,2026-05-22,1935.0,2026-05-25,,,0,2026-05-29,9.0,2026-06-04,2475.2,,
YASHO.NS,BOS2_CONFIRMED,69.1,B - Good Setup,2026-05-26,2295.0,2026-06-04,2475.2,2026-06-05,2594.5,2026-06-08,2401.0,2026-06-09,,,0,,5.0,2026-06-15,2786.4,,
GUJALKALI.NS,INVALIDATED,80.1,A - High-Quality Setup,2026-04-13,669.3,2026-04-16,693.05,2026-04-21,757.0,2026-04-22,705.0,2026-04-23,2026-04-29,735.75,1,2026-04-29,54.0,,,2026-07-07,
SSWL.NS,BOS2_CONFIRMED,79.1,B - Good Setup,2026-06-15,242.49,2026-07-01,246.98,2026-07-06,255.6,2026-07-08,234.36,2026-07-09,2026-07-10,246.05,1,,5.0,2026-07-15,262.56,,
SSWL.NS,BOS2_CONFIRMED,73.6,B - Good Setup,2026-07-14,255.6,2026-07-15,262.56,2026-07-15,283.0,2026-07-16,260.01,2026-07-17,,,0,,5.0,2026-07-23,286.73,,
CYIENTDLM.NS,BOS2_CONFIRMED,81.7,A - High-Quality Setup,2026-05-26,445.95,2026-06-02,463.9,2026-06-02,471.55,2026-06-03,445.5,2026-06-04,2026-06-12,449.7,1,2026-06-15,13.0,2026-06-22,482.8,,
CYIENTDLM.NS,BOS2_CONFIRMED,88.0,A - High-Quality Setup,2026-06-15,471.55,2026-06-19,473.65,2026-06-22,499.3,2026-06-24,454.1,2026-06-25,2026-07-03,509.4,1,,7.0,2026-07-03,509.4,,
CYIENTDLM.NS,BOS2_CONFIRMED,69.1,B - Good Setup,2026-06-22,499.3,2026-07-03,509.4,2026-07-03,523.95,2026-07-06,496.0,2026-07-07,,,0,2026-07-13,8.0,2026-07-16,586.9,,
SWSOLAR.NS,INVALIDATED,81.1,A - High-Quality Setup,2026-04-23,232.0,2026-06-19,235.47,2026-06-23,260.8,2026-06-24,240.82,2026-06-25,2026-07-14,242.07,2,,19.0,,,2026-07-21,
TRIVENI.NS,INVALIDATED,63.7,C - Moderate / Watch,2026-04-23,435.0,2026-07-01,451.75,2026-07-03,474.55,2026-07-08,446.7,2026-07-09,,,0,2026-07-15,10.0,,,2026-07-22,
IONEXCHANG.NS,INVALIDATED,76.2,B - Good Setup,2025-12-16,416.5,2026-05-05,421.25,2026-05-05,431.85,2026-05-06,415.0,2026-05-07,2026-05-22,395.05,1,,17.0,,,2026-05-29,
IONEXCHANG.NS,STILL_OPEN,80.7,A - High-Quality Setup,2026-05-08,432.8,2026-07-10,468.3,2026-07-13,486.0,2026-07-17,422.25,2026-07-20,2026-08-03,429.95,1,,,,,,
QUESS.NS,STILL_OPEN,67.6,B - Good Setup,2026-07-28,308.1,2026-07-30,309.7,2026-07-31,347.35,2026-08-03,331.85,2026-08-04,,,0,,,,,,
MPSLTD.NS,STILL_OPEN,61.2,C - Moderate / Watch,2026-07-13,2058.6,2026-07-16,2059.7,2026-07-17,2145.0,2026-07-20,2050.0,2026-07-21,,,0,,,,,,
GREAVESCOT.NS,BOS2_CONFIRMED,69.1,B - Good Setup,2026-06-08,195.95,2026-06-19,198.54,2026-06-22,218.0,2026-06-24,204.1,2026-06-25,,,0,,6.0,2026-07-02,231.03,,
KDDL.NS,BOS2_CONFIRMED,86.1,A - High-Quality Setup,2026-02-10,2604.0,2026-05-20,2614.2,2026-05-21,2952.8,2026-05-26,2678.7,2026-05-27,2026-06-17,2903.3,1,2026-06-04,19.0,2026-06-22,3164.4,,
KDDL.NS,BOS2_CONFIRMED,86.1,A - High-Quality Setup,2026-06-09,3030.0,2026-06-22,3164.4,2026-06-22,3280.0,2026-06-24,3050.1,2026-06-25,2026-07-30,3191.8,1,2026-07-02,27.0,2026-07-31,3302.0,,
NORTHARC.NS,BOS2_CONFIRMED,74.0,B - Good Setup,2026-01-22,285.0,2026-05-06,286.7,2026-05-11,321.7,2026-05-14,282.75,2026-05-15,2026-07-10,325.3,5,,41.0,2026-07-10,325.3,,
NORTHARC.NS,INVALIDATED,47.8,D - Weak / Low-Quality,2026-05-11,321.7,2026-07-10,325.3,2026-07-13,334.0,2026-07-17,297.7,2026-07-20,,,0,,7.0,,,2026-07-28,
HIRECT.NS,BOS2_CONFIRMED,82.1,A - High-Quality Setup,2026-05-26,1020.0,2026-05-27,1152.35,2026-05-27,1191.0,2026-06-02,1073.0,2026-06-03,2026-06-30,1159.2,2,2026-06-17,31.0,2026-07-15,1273.6,,
HIRECT.NS,STILL_OPEN,70.1,B - Good Setup,2026-05-29,1212.1,2026-07-15,1273.6,2026-07-16,1399.0,2026-07-20,1216.8,2026-07-21,,,0,,,,,,
RPGLIFE.NS,STILL_OPEN,74.6,B - Good Setup,2026-07-08,2524.9,2026-07-09,2656.8,2026-07-13,2956.0,2026-07-15,2722.5,2026-07-16,,,0,2026-07-23,,,,,
RAMRAT.NS,BOS2_CONFIRMED,69.1,B - Good Setup,2026-03-06,356.45,2026-04-17,389.8,2026-04-17,414.65,2026-04-20,369.0,2026-04-21,,,0,,5.0,2026-04-27,426.55,,
RAMRAT.NS,BOS2_CONFIRMED,86.1,A - High-Quality Setup,2026-04-17,414.65,2026-04-27,426.55,2026-04-28,450.0,2026-04-30,419.0,2026-05-01,2026-05-20,437.85,1,2026-05-08,17.0,2026-05-25,470.45,,
MARINE.NS,BOS2_CONFIRMED,85.6,A - High-Quality Setup,2026-05-27,249.25,2026-05-29,268.94,2026-05-29,282.48,2026-06-01,239.95,2026-06-02,2026-06-16,261.55,1,2026-06-23,45.0,2026-08-03,287.75,,
SANGHVIMOV.NS,BOS2_CONFIRMED,69.1,B - Good Setup,2026-06-10,399.5,2026-06-15,420.85,2026-06-18,430.0,2026-06-19,406.4,2026-06-22,,,0,2026-06-29,7.0,2026-06-30,438.4,,
SANGHVIMOV.NS,STILL_OPEN,71.8,B - Good Setup,2026-07-01,442.6,2026-07-02,454.25,2026-07-06,471.9,2026-07-07,440.0,2026-07-08,2026-07-20,436.65,1,2026-08-05,,,,,
MANINDS.NS,BOS2_CONFIRMED,86.1,A - High-Quality Setup,2026-04-15,491.0,2026-04-16,508.1,2026-04-17,550.0,2026-04-20,518.05,2026-04-21,2026-05-04,535.15,1,2026-05-04,19.0,2026-05-15,560.15,,
MANINDS.NS,INVALIDATED,56.7,C - Moderate / Watch,2026-05-19,570.0,2026-05-20,592.55,2026-05-21,606.4,2026-05-22,547.65,2026-05-25,,,0,,5.0,,,2026-05-29,
ROSSTECH.NS,BOS2_CONFIRMED,95.0,A - High-Quality Setup,2025-11-28,840.0,2026-04-10,916.4,2026-04-15,1016.85,2026-04-20,875.1,2026-04-21,2026-04-28,1020.2,1,2026-04-27,13.0,2026-05-07,1043.05,,
REFEX.NS,INVALIDATED,43.3,D - Weak / Low-Quality,2026-06-22,344.6,2026-06-25,348.95,2026-07-02,371.4,2026-07-08,330.0,2026-07-09,,,0,,7.0,,,2026-07-17,
KERNEX.NS,BOS2_CONFIRMED,86.1,A - High-Quality Setup,2026-01-16,1425.0,2026-05-07,1518.5,2026-05-08,1626.0,2026-05-11,1463.1,2026-05-12,2026-05-25,1464.0,1,,14.0,2026-05-29,1689.9,,
KERNEX.NS,BOS2_CONFIRMED,90.6,A - High-Quality Setup,2026-05-08,1626.0,2026-05-29,1689.9,2026-06-02,1918.4,2026-06-03,1745.0,2026-06-04,2026-06-24,2036.0,1,2026-06-10,20.0,2026-07-01,2293.6,,
KERNEX.NS,BOS2_CONFIRMED,68.8,B - Good Setup,2026-06-18,2145.0,2026-06-30,2159.9,2026-07-06,2445.0,2026-07-08,1987.0,2026-07-09,2026-07-20,2120.1,2,2026-08-04,20.0,2026-08-05,2549.2,,
DEEPINDS.NS,INVALIDATED,63.7,C - Moderate / Watch,2026-04-24,511.5,2026-06-02,518.8,2026-06-02,538.5,2026-06-03,501.25,2026-06-04,,,0,,19.0,,,2026-06-30,
STYRENIX.NS,STILL_OPEN,65.7,B - Good Setup,2026-04-27,2440.2,2026-07-21,2452.9,2026-07-21,2518.0,2026-07-22,2385.0,2026-07-23,,,0,2026-07-29,,,,,
GUFICBIO.NS,BOS2_CONFIRMED,86.6,A - High-Quality Setup,2025-12-05,360.0,2026-06-03,361.95,2026-06-03,373.9,2026-06-04,350.5,2026-06-05,2026-06-23,370.25,2,2026-06-12,17.0,2026-06-29,386.3,,
WSTCSTPAPR.NS,BOS2_CONFIRMED,82.1,A - High-Quality Setup,2025-10-23,480.7,2026-04-15,487.65,2026-04-16,508.0,2026-04-22,466.4,2026-04-23,2026-05-04,496.25,2,2026-05-04,10.0,2026-05-06,528.65,,
WSTCSTPAPR.NS,BOS2_CONFIRMED,77.1,B - Good Setup,2026-04-23,516.9,2026-05-06,528.65,2026-05-07,538.65,2026-05-11,510.1,2026-05-12,2026-06-15,510.45,2,2026-06-30,42.0,2026-07-08,541.95,,
HARSHA.NS,STILL_OPEN,68.6,B - Good Setup,2026-02-05,418.0,2026-05-07,438.75,2026-05-07,469.0,2026-05-11,404.0,2026-05-12,2026-08-05,419.75,5,,,,,,
PSPPROJECT.NS,BOS2_CONFIRMED,69.1,B - Good Setup,2026-06-04,960.0,2026-06-19,969.1,2026-06-22,996.0,2026-06-23,958.2,2026-06-24,,,0,2026-06-30,9.0,2026-07-06,1099.0,,
KIRLOSIND.NS,STILL_OPEN,85.1,A - High-Quality Setup,2026-05-20,3545.0,2026-06-17,3628.7,2026-06-19,3955.0,2026-06-22,3772.3,2026-06-23,2026-07-02,4097.2,1,2026-06-30,,,,,
KSL.NS,STILL_OPEN,80.7,A - High-Quality Setup,2026-07-08,914.55,2026-07-09,933.5,2026-07-13,982.55,2026-07-15,896.0,2026-07-16,2026-07-28,906.45,1,,,,,,
LUXIND.NS,STILL_OPEN,53.3,C - Moderate / Watch,2026-04-08,1324.9,2026-04-10,1347.0,2026-04-15,1479.75,2026-04-16,1391.0,2026-04-17,2026-07-27,1246.6,2,2026-04-29,,,,,
AGIIL.NS,BOS2_CONFIRMED,95.0,A - High-Quality Setup,2026-03-20,322.4,2026-04-08,339.75,2026-04-10,386.7,2026-04-13,352.0,2026-04-15,2026-04-29,393.95,1,,11.0,2026-04-29,393.95,,
AGIIL.NS,INVALIDATED,72.1,B - Good Setup,2026-04-21,387.65,2026-04-29,393.95,2026-05-04,434.4,2026-05-06,362.3,2026-05-07,2026-06-03,387.1,3,,44.0,,,2026-07-07,
SHAREINDIA.NS,STILL_OPEN,85.1,A - High-Quality Setup,2026-07-07,166.42,2026-07-08,177.72,2026-07-08,194.9,2026-07-09,169.52,2026-07-10,2026-07-21,185.88,1,2026-07-22,,,,,
MUTHOOTMF.NS,INVALIDATED,47.8,D - Weak / Low-Quality,2026-04-30,199.9,2026-05-04,203.52,2026-05-07,217.99,2026-05-12,184.36,2026-05-13,,,0,,4.0,,,2026-05-18,
MUTHOOTMF.NS,STILL_OPEN,85.6,A - High-Quality Setup,2026-05-07,217.99,2026-07-01,220.07,2026-07-03,230.9,2026-07-08,205.0,2026-07-09,2026-07-27,255.03,2,2026-08-04,,,,,
ADVENZYMES.NS,BOS2_CONFIRMED,90.6,A - High-Quality Setup,2025-11-13,353.3,2026-05-04,353.65,2026-05-08,372.0,2026-05-11,374.85,2026-05-12,2026-05-19,386.3,1,2026-05-18,31.0,2026-06-23,374.4,,
PREMEXPLN.NS,BOS2_CONFIRMED,87.0,A - High-Quality Setup,2026-05-22,614.4,2026-05-25,714.6,2026-05-26,779.5,2026-05-29,675.0,2026-06-01,2026-06-29,808.5,3,2026-06-17,21.0,2026-06-29,808.5,,
UNIPARTS.NS,BOS2_CONFIRMED,79.1,B - Good Setup,2026-05-07,559.0,2026-05-08,565.75,2026-05-08,581.95,2026-05-18,520.05,2026-05-19,2026-05-21,552.05,1,,6.0,2026-05-26,607.35,,
UNIPARTS.NS,BOS2_CONFIRMED,90.6,A - High-Quality Setup,2026-05-08,581.95,2026-05-26,607.35,2026-05-26,654.0,2026-05-27,590.8,2026-05-28,2026-06-03,625.65,1,2026-06-09,17.0,2026-06-19,674.7,,
UNIPARTS.NS,BOS2_CONFIRMED,90.6,A - High-Quality Setup,2026-06-10,654.0,2026-06-12,659.7,2026-06-17,676.0,2026-06-18,648.15,2026-06-19,2026-07-09,680.45,1,2026-06-29,15.0,2026-07-09,680.45,,
UNIPARTS.NS,STILL_OPEN,67.6,B - Good Setup,2026-07-13,722.7,2026-07-29,725.05,2026-07-31,752.0,2026-08-04,715.0,2026-08-05,,,0,,,,,,
FILATEX.NS,BOS2_CONFIRMED,79.1,B - Good Setup,2026-06-16,54.4,2026-06-18,54.49,2026-06-22,55.8,2026-06-29,51.4,2026-06-30,2026-07-03,55.95,1,,5.0,2026-07-06,58.78,,
FILATEX.NS,BOS2_CONFIRMED,69.1,B - Good Setup,2026-06-22,55.8,2026-07-03,55.95,2026-07-07,61.23,2026-07-08,57.15,2026-07-09,,,0,,5.0,2026-07-15,70.34,,
FUSION.NS,INVALIDATED,56.7,C - Moderate / Watch,2026-02-26,205.9,2026-05-06,218.88,2026-05-07,224.77,2026-05-08,206.26,2026-05-11,,,0,,6.0,,,2026-05-18,
FUSION.NS,INVALIDATED,63.7,C - Moderate / Watch,2026-05-07,224.77,2026-07-03,229.4,2026-07-06,234.98,2026-07-07,220.42,2026-07-08,,,0,2026-07-14,17.0,,,2026-07-30,
PITTIENG.NS,STILL_OPEN,58.8,C - Moderate / Watch,2025-10-30,974.0,2026-04-27,991.65,2026-04-28,1021.45,2026-04-30,954.6,2026-05-04,2026-07-27,930.7,3,2026-06-12,,,,,
CARYSIL.NS,BOS2_CONFIRMED,83.6,A - High-Quality Setup,2026-05-21,1066.0,2026-05-22,1079.0,2026-05-25,1143.85,2026-06-02,1039.2,2026-06-03,2026-06-03,1138.0,1,2026-06-09,6.0,2026-06-10,1191.9,,
CARYSIL.NS,STILL_OPEN,63.8,C - Moderate / Watch,2026-06-04,1171.6,2026-06-10,1191.9,2026-06-11,1222.9,2026-06-12,1164.5,2026-06-15,2026-07-28,1152.2,3,2026-06-19,,,,,
SMSPHARMA.NS,BOS2_CONFIRMED,73.6,B - Good Setup,2026-01-08,360.0,2026-02-17,367.5,2026-02-18,375.0,2026-02-20,354.7,2026-02-23,,,0,,5.0,2026-02-27,385.2,,
JASH.NS,BOS2_CONFIRMED,77.7,B - Good Setup,2026-02-03,457.85,2026-06-12,466.55,2026-06-15,514.8,2026-06-17,480.6,2026-06-18,2026-07-09,511.35,2,2026-06-29,17.0,2026-07-10,532.75,,
APCOTEXIND.NS,STILL_OPEN,58.7,C - Moderate / Watch,2026-07-24,579.75,2026-07-27,588.5,2026-07-29,709.3,2026-07-30,621.2,2026-07-31,,,0,,,,,,
NITINSPIN.NS,BOS2_CONFIRMED,87.0,A - High-Quality Setup,2026-02-03,374.0,2026-02-19,376.95,2026-02-20,426.8,2026-02-23,378.0,2026-02-24,2026-04-27,443.85,3,2026-04-17,40.0,2026-04-27,443.85,,
NITINSPIN.NS,BOS2_CONFIRMED,95.0,A - High-Quality Setup,2026-04-20,431.25,2026-04-27,443.85,2026-05-04,509.8,2026-05-11,469.85,2026-05-12,2026-05-12,497.35,1,2026-05-18,18.0,2026-06-04,541.55,,
NITINSPIN.NS,STILL_OPEN,85.6,A - High-Quality Setup,2026-06-15,564.7,2026-06-19,568.7,2026-06-19,573.9,2026-06-24,542.95,2026-06-25,2026-07-13,563.3,2,2026-07-02,,,,,
ANTELOPUS.NS,STILL_OPEN,59.8,C - Moderate / Watch,2026-05-27,805.0,2026-06-01,813.55,2026-06-08,933.65,2026-06-10,811.2,2026-06-11,2026-07-31,821.5,4,,,,,,
DIVGIITTS.NS,INVALIDATED,67.8,B - Good Setup,2025-08-25,700.0,2026-02-13,744.55,2026-02-16,802.9,2026-02-17,725.4,2026-02-18,2026-03-17,673.5,2,,27.0,,,2026-03-30,
DIVGIITTS.NS,BOS2_CONFIRMED,83.6,A - High-Quality Setup,2026-05-26,807.4,2026-05-29,811.55,2026-06-01,850.0,2026-06-03,769.45,2026-06-04,2026-06-11,801.7,1,,8.0,2026-06-15,869.2,,
DIVGIITTS.NS,BOS2_CONFIRMED,88.0,A - High-Quality Setup,2026-06-01,850.0,2026-06-15,869.2,2026-06-16,896.0,2026-06-17,840.65,2026-06-18,2026-06-30,987.55,1,2026-06-29,9.0,2026-06-30,987.55,,
DIVGIITTS.NS,STILL_OPEN,76.7,B - Good Setup,2026-06-16,896.0,2026-06-30,987.55,2026-07-01,1065.0,2026-07-02,964.1,2026-07-03,2026-07-22,950.1,2,,,,,,
MMFL.NS,INVALIDATED,72.2,B - Good Setup,2026-02-09,455.15,2026-02-10,459.3,2026-02-12,477.8,2026-02-16,426.15,2026-02-17,2026-03-11,455.65,2,2026-02-23,27.0,,,2026-03-27,
MMFL.NS,STILL_OPEN,78.1,B - Good Setup,2026-07-14,527.0,2026-07-17,527.6,2026-07-27,565.0,2026-07-28,532.75,2026-07-29,2026-08-03,554.4,1,2026-08-04,,,,,
RML.NS,BOS2_CONFIRMED,90.6,A - High-Quality Setup,2026-02-05,898.0,2026-05-06,913.5,2026-05-07,966.8,2026-05-12,861.05,2026-05-13,2026-06-09,927.5,1,,25.0,2026-06-16,979.55,,
RML.NS,BOS2_CONFIRMED,73.2,B - Good Setup,2026-05-07,966.8,2026-06-16,979.55,2026-06-22,1169.0,2026-06-29,1035.1,2026-06-30,2026-07-30,1153.4,2,2026-07-22,25.0,2026-08-03,1210.8,,
RML.NS,STILL_OPEN,76.2,B - Good Setup,2026-06-30,1169.0,2026-07-01,1199.0,2026-07-01,1264.8,2026-07-02,1173.1,2026-07-03,2026-07-30,1153.4,1,2026-07-13,,,,,
SASKEN.NS,BOS2_CONFIRMED,86.1,A - High-Quality Setup,2025-12-26,1591.0,2026-05-11,1634.6,2026-05-12,1959.0,2026-05-14,1645.6,2026-05-15,2026-06-17,2407.2,1,2026-05-25,26.0,2026-06-19,2586.1,,
SASKEN.NS,BOS2_CONFIRMED,86.1,A - High-Quality Setup,2026-05-12,1959.0,2026-05-26,2006.5,2026-06-02,2358.7,2026-06-03,2154.8,2026-06-04,2026-06-17,2407.2,1,,12.0,2026-06-19,2586.1,,
TCPLPACK.NS,STILL_OPEN,70.1,B - Good Setup,2026-06-29,3200.0,2026-07-14,3216.9,2026-07-15,3400.0,2026-07-16,3161.1,2026-07-17,,,0,,,,,,
PATELENG.NS,INVALIDATED,68.1,B - Good Setup,2026-06-23,32.24,2026-06-24,34.63,2026-06-24,35.95,2026-06-29,32.76,2026-06-30,,,0,,18.0,,,2026-07-23,
JINDALPOLY.NS,STILL_OPEN,41.3,D - Weak / Low-Quality,2026-02-25,657.4,2026-03-04,664.65,2026-03-09,845.15,2026-04-01,703.85,2026-04-02,2026-07-06,628.0,6,,,,,,
CONFIPET.NS,BOS2_CONFIRMED,82.1,A - High-Quality Setup,2025-10-07,48.25,2026-04-02,52.39,2026-04-07,62.44,2026-04-09,48.47,2026-04-10,2026-05-26,63.67,2,2026-05-13,35.0,2026-05-29,67.77,,
SPORTKING.NS,BOS2_CONFIRMED,77.7,B - Good Setup,2026-02-18,117.5,2026-02-19,119.4,2026-02-20,121.13,2026-02-24,113.0,2026-02-25,2026-03-17,113.27,2,2026-03-25,24.0,2026-04-02,128.47,,
SPORTKING.NS,BOS2_CONFIRMED,86.1,A - High-Quality Setup,2026-03-20,123.4,2026-04-02,128.47,2026-04-09,145.4,2026-04-13,133.51,2026-04-15,2026-04-28,141.77,1,2026-04-22,11.0,2026-04-29,147.87,,
SPORTKING.NS,BOS2_CONFIRMED,87.0,A - High-Quality Setup,2026-05-21,160.3,2026-05-22,163.51,2026-05-27,187.45,2026-05-29,168.0,2026-06-01,2026-07-13,192.53,3,2026-06-12,31.0,2026-07-13,192.53,,
SPORTKING.NS,STILL_OPEN,87.0,A - High-Quality Setup,2026-07-23,209.9,2026-07-24,213.74,2026-07-29,218.9,2026-07-30,194.4,2026-07-31,2026-08-03,229.63,1,,,,,,
TALBROAUTO.NS,BOS2_CONFIRMED,90.6,A - High-Quality Setup,2025-10-28,300.95,2026-04-28,311.96,2026-04-29,332.94,2026-04-30,317.01,2026-05-01,2026-05-22,359.05,1,2026-05-07,16.0,2026-05-22,359.05,,
TALBROAUTO.NS,BOS2_CONFIRMED,82.6,A - High-Quality Setup,2026-05-21,350.15,2026-05-22,359.05,2026-05-22,372.8,2026-06-02,334.95,2026-06-03,2026-06-23,377.45,3,2026-06-15,15.0,2026-06-23,377.45,,
TALBROAUTO.NS,BOS2_CONFIRMED,77.7,B - Good Setup,2026-06-15,385.85,2026-06-24,386.15,2026-06-25,429.9,2026-06-29,403.55,2026-06-30,2026-07-17,405.1,2,2026-08-03,27.0,2026-08-05,438.3,,
ARKADE.NS,STILL_OPEN,85.1,A - High-Quality Setup,2026-07-08,134.7,2026-07-13,140.85,2026-07-14,143.0,2026-07-17,136.05,2026-07-20,2026-07-29,138.54,1,2026-07-30,,,,,
EVEREADY.NS,STILL_OPEN,85.1,A - High-Quality Setup,2026-02-05,358.35,2026-06-17,361.35,2026-06-17,369.0,2026-06-18,354.35,2026-06-19,2026-07-22,363.3,1,2026-06-25,,,,,
XPROINDIA.NS,BOS2_CONFIRMED,86.6,A - High-Quality Setup,2026-05-06,1133.8,2026-05-07,1173.8,2026-05-07,1215.0,2026-05-18,1055.1,2026-05-19,2026-06-04,1185.9,2,2026-06-04,21.0,2026-06-16,1393.8,,
XPROINDIA.NS,BOS2_CONFIRMED,86.6,A - High-Quality Setup,2026-06-15,1233.0,2026-06-16,1393.8,2026-06-17,1492.9,2026-06-19,1288.2,2026-06-22,2026-07-31,1500.4,2,2026-07-03,30.0,2026-07-31,1500.4,,
XPROINDIA.NS,INVALIDATED,89.6,A - High-Quality Setup,2026-06-17,1492.9,2026-07-02,1503.6,2026-07-03,1574.8,2026-07-07,1388.2,2026-07-08,2026-07-31,1500.4,1,,19.0,,,2026-08-03,
SATIN.NS,BOS2_CONFIRMED,88.0,A - High-Quality Setup,2026-04-15,166.0,2026-04-17,175.49,2026-04-17,178.25,2026-04-20,168.0,2026-04-21,2026-04-27,172.15,1,,7.0,2026-04-29,181.45,,
SATIN.NS,BOS2_CONFIRMED,82.6,A - High-Quality Setup,2026-06-30,247.0,2026-07-01,251.63,2026-07-07,267.2,2026-07-08,246.05,2026-07-09,2026-07-24,268.87,3,2026-07-16,12.0,2026-07-24,268.87,,
SPAL.NS,BOS2_CONFIRMED,69.1,B - Good Setup,2026-06-03,849.5,2026-06-15,867.85,2026-06-15,931.25,2026-06-16,827.0,2026-06-17,,,0,,6.0,2026-06-24,1109.1,,
RISHABH.NS,BOS2_CONFIRMED,83.6,A - High-Quality Setup,2026-04-21,484.0,2026-04-22,504.05,2026-04-23,515.0,2026-04-30,469.0,2026-05-04,2026-05-04,502.85,1,,5.0,2026-05-08,527.15,,
RISHABH.NS,BOS2_CONFIRMED,88.0,A - High-Quality Setup,2026-06-15,566.0,2026-06-17,571.0,2026-06-24,609.0,2026-06-25,560.3,2026-06-26,2026-07-02,645.75,1,,5.0,2026-07-02,645.75,,
RISHABH.NS,STILL_OPEN,89.6,A - High-Quality Setup,2026-06-24,609.0,2026-07-02,645.75,2026-07-03,678.0,2026-07-07,617.45,2026-07-08,2026-08-03,650.2,1,2026-07-16,,,,,
GIPCL.NS,STILL_OPEN,63.2,C - Moderate / Watch,2026-06-01,167.74,2026-06-02,173.76,2026-06-02,175.23,2026-06-03,167.8,2026-06-04,2026-07-27,162.58,3,,,,,,
ADOR.NS,BOS2_CONFIRMED,69.1,B - Good Setup,2026-05-27,1209.0,2026-06-19,1216.4,2026-07-03,1360.0,2026-07-08,1272.1,2026-07-09,,,0,2026-07-15,7.0,2026-07-17,1384.1,,
ADOR.NS,STILL_OPEN,85.1,A - High-Quality Setup,2026-07-03,1360.0,2026-07-15,1362.3,2026-07-16,1405.0,2026-07-17,1341.0,2026-07-20,2026-08-03,1503.3,1,,,,,,
APOLLOPIPE.NS,BOS2_CONFIRMED,95.0,A - High-Quality Setup,2026-04-13,464.9,2026-04-17,466.8,2026-04-20,489.9,2026-04-21,445.3,2026-04-22,2026-05-07,498.8,1,,12.0,2026-05-07,498.8,,
APOLLOPIPE.NS,BOS2_CONFIRMED,88.0,A - High-Quality Setup,2026-04-20,489.9,2026-05-07,498.8,2026-05-07,540.15,2026-05-08,485.1,2026-05-11,2026-05-15,522.7,1,,9.0,2026-05-21,547.75,,
GNA.NS,STILL_OPEN,80.7,A - High-Quality Setup,2026-07-03,482.0,2026-07-13,529.25,2026-07-15,578.0,2026-07-17,524.65,2026-07-20,2026-07-29,532.15,1,,,,,,
NITCO.NS,STILL_OPEN,81.1,A - High-Quality Setup,2026-06-18,110.05,2026-06-19,113.74,2026-06-22,117.94,2026-06-23,108.76,2026-06-24,2026-07-16,112.32,2,2026-07-02,,,,,
LANDMARK.NS,STILL_OPEN,85.1,A - High-Quality Setup,2026-02-11,467.4,2026-07-14,496.4,2026-07-15,566.95,2026-07-16,487.5,2026-07-17,2026-07-27,538.5,1,,,,,,
SPANDANA.NS,INVALIDATED,59.2,C - Moderate / Watch,2026-05-08,294.08,2026-07-03,301.8,2026-07-06,319.4,2026-07-08,287.0,2026-07-09,,,0,,12.0,,,2026-07-24,
EMSLIMITED.NS,INVALIDATED,52.2,C - Moderate / Watch,2026-06-23,453.0,2026-07-10,458.15,2026-07-13,464.7,2026-07-14,427.05,2026-07-15,,,0,,7.0,,,2026-07-23,
NELCO.NS,BOS2_CONFIRMED,91.0,A - High-Quality Setup,2026-01-08,770.0,2026-06-18,871.9,2026-06-19,993.8,2026-06-24,845.05,2026-06-25,2026-07-31,1015.65,2,,27.0,2026-07-31,1015.65,,
NELCO.NS,STILL_OPEN,63.1,C - Moderate / Watch,2026-06-19,993.8,2026-07-31,1015.65,2026-08-03,1026.0,2026-08-05,975.0,,,,0,,,,,,
GEOJITFSL.NS,INVALIDATED,52.2,C - Moderate / Watch,2026-06-23,81.0,2026-07-13,82.03,2026-07-20,83.92,2026-07-23,77.0,2026-07-24,,,0,,3.0,,,2026-07-28,
PARACABLES.NS,BOS2_CONFIRMED,90.6,A - High-Quality Setup,2026-05-05,43.73,2026-05-06,45.22,2026-05-07,48.35,2026-05-08,47.5,2026-05-11,2026-05-21,57.17,1,,11.0,2026-05-25,65.35,,
PARACABLES.NS,BOS2_CONFIRMED,82.1,A - High-Quality Setup,2026-05-22,61.07,2026-05-25,65.35,2026-05-26,69.78,2026-05-27,64.61,2026-05-28,2026-06-16,66.73,2,2026-06-04,17.0,2026-06-19,73.06,,
PARACABLES.NS,INVALIDATED,59.2,C - Moderate / Watch,2026-06-05,72.45,2026-06-19,73.06,2026-06-22,74.8,2026-06-23,65.53,2026-06-24,,,0,2026-07-01,11.0,,,2026-07-08,
ESAFSFB.NS,BOS2_CONFIRMED,82.6,A - High-Quality Setup,2026-06-16,31.78,2026-06-18,32.02,2026-06-22,37.2,2026-06-29,31.68,2026-06-30,2026-07-21,36.16,3,2026-07-21,19.0,2026-07-24,38.69,,
ESAFSFB.NS,STILL_OPEN,63.1,C - Moderate / Watch,2026-07-22,37.2,2026-07-24,38.69,2026-07-27,40.2,2026-07-29,35.7,2026-07-30,,,0,,,,,,
ARMANFIN.NS,STILL_OPEN,85.1,A - High-Quality Setup,2026-05-12,1906.6,2026-07-13,1965.8,2026-07-14,2054.7,2026-07-17,1914.4,2026-07-20,2026-07-31,1941.0,1,2026-07-27,,,,,
NGLFINE.NS,BOS2_CONFIRMED,82.6,A - High-Quality Setup,2026-05-25,3005.0,2026-06-12,3048.8,2026-06-15,3200.0,2026-06-16,2852.8,2026-06-17,2026-07-21,3237.4,3,2026-06-30,25.0,2026-07-21,3237.4,,
MSPL.NS,INVALIDATED,63.7,C - Moderate / Watch,2025-12-31,39.15,2026-05-07,40.18,2026-05-11,43.2,2026-05-12,40.02,2026-05-13,2026-07-01,42.61,4,2026-05-21,52.0,,,2026-07-23,
DYCL.NS,INVALIDATED,56.7,C - Moderate / Watch,2026-05-06,410.95,2026-05-07,416.05,2026-05-08,425.85,2026-05-11,401.5,2026-05-12,,,0,,1.0,,,2026-05-12,
NDRAUTO.NS,STILL_OPEN,56.8,C - Moderate / Watch,2026-06-17,885.0,2026-07-02,891.1,2026-07-03,930.95,2026-07-08,825.0,2026-07-09,,,0,,,,,,
AURUM.NS,BOS2_CONFIRMED,83.6,A - High-Quality Setup,2026-06-23,209.8,2026-06-24,210.79,2026-06-30,234.8,2026-07-01,220.87,2026-07-02,2026-07-13,231.83,1,2026-07-13,9.0,2026-07-14,239.64,,
AURUM.NS,STILL_OPEN,65.7,B - Good Setup,2026-07-03,237.0,2026-07-14,239.64,2026-07-15,264.64,2026-07-20,230.0,2026-07-21,,,0,,,,,,
KABRAEXTRU.NS,BOS2_CONFIRMED,64.7,C - Moderate / Watch,2026-07-02,289.9,2026-07-06,294.9,2026-07-06,304.85,2026-07-08,277.0,2026-07-09,,,0,,8.0,2026-07-20,351.65,,
SURYODAY.NS,BOS2_CONFIRMED,82.0,A - High-Quality Setup,2026-05-05,159.94,2026-05-06,160.18,2026-05-08,184.79,2026-05-11,171.33,2026-05-12,2026-07-10,184.31,3,2026-07-02,45.0,2026-07-13,191.57,,
CNL.NS,BOS2_CONFIRMED,95.0,A - High-Quality Setup,2026-07-03,782.5,2026-07-06,784.6,2026-07-09,899.0,2026-07-10,811.45,2026-07-13,2026-07-24,987.0,1,2026-07-23,10.0,2026-07-24,987.0,,
IFGLEXPOR.NS,INVALIDATED,63.7,C - Moderate / Watch,2026-01-05,217.37,2026-07-03,221.46,2026-07-06,243.65,2026-07-08,222.2,2026-07-09,,,0,,14.0,,,2026-07-28,
GTLINFRA.NS,INVALIDATED,89.6,A - High-Quality Setup,2026-05-29,1.52,2026-06-04,1.57,2026-06-05,1.67,2026-06-09,1.49,2026-06-10,2026-06-15,1.56,1,,14.0,,,2026-06-29,
INDORAMA.NS,BOS2_CONFIRMED,77.7,B - Good Setup,2026-05-27,49.8,2026-07-03,50.38,2026-07-03,52.6,2026-07-09,45.1,2026-07-10,2026-07-27,49.74,2,2026-07-16,14.0,2026-07-29,53.24,,
KAPSTON.NS,BOS2_CONFIRMED,64.7,C - Moderate / Watch,2026-07-10,439.0,2026-07-21,451.95,2026-07-23,469.0,2026-07-28,448.0,2026-07-29,,,0,,5.0,2026-08-04,533.75,,
IKIO.NS,BOS2_CONFIRMED,60.2,C - Moderate / Watch,2026-01-02,187.0,2026-07-03,202.82,2026-07-06,205.4,2026-07-08,178.0,2026-07-09,,,0,,7.0,2026-07-17,219.37,,
IGPL.NS,BOS2_CONFIRMED,56.2,C - Moderate / Watch,2026-04-27,437.4,2026-05-04,456.6,2026-05-04,474.75,2026-05-05,436.1,2026-05-06,2026-07-22,438.4,6,2026-07-27,64.0,2026-08-03,496.65,,
JAYBARMARU.NS,BOS2_CONFIRMED,83.6,A - High-Quality Setup,2026-02-12,115.89,2026-05-21,117.35,2026-05-22,123.7,2026-05-25,117.52,2026-05-26,2026-06-02,126.14,1,,7.0,2026-06-03,127.71,,
JAYBARMARU.NS,BOS2_CONFIRMED,64.7,C - Moderate / Watch,2026-05-25,124.1,2026-06-02,126.14,2026-06-03,132.5,2026-06-05,124.2,2026-06-08,,,0,,7.0,2026-06-16,167.68,,
JAYBARMARU.NS,INVALIDATED,63.7,C - Moderate / Watch,2026-06-19,178.89,2026-07-06,180.12,2026-07-08,191.0,2026-07-09,173.81,2026-07-10,,,0,,10.0,,,2026-07-23,
IZMO.NS,BOS2_CONFIRMED,82.1,A - High-Quality Setup,2026-06-05,923.35,2026-06-08,963.25,2026-06-09,1011.4,2026-06-11,896.15,2026-06-12,2026-07-10,1009.9,2,2026-06-23,23.0,2026-07-14,1072.3,,
QUADFUTURE.NS,STILL_OPEN,94.0,A - High-Quality Setup,2025-12-23,369.7,2026-06-15,379.9,2026-06-16,424.5,2026-06-19,404.05,2026-06-22,2026-07-03,469.8,1,2026-07-08,,,,,
AYMSYNTEX.NS,BOS2_CONFIRMED,90.0,A - High-Quality Setup,2026-02-19,215.19,2026-04-21,227.07,2026-04-23,249.69,2026-04-27,220.0,2026-04-28,2026-07-01,247.93,1,2026-07-01,47.0,2026-07-02,267.96,,
AEROENTER.NS,BOS2_CONFIRMED,82.1,A - High-Quality Setup,2026-05-04,95.8,2026-05-06,98.49,2026-05-07,114.8,2026-05-18,97.01,2026-05-19,2026-06-04,101.13,2,,22.0,2026-06-17,115.65,,
AEROENTER.NS,BOS2_CONFIRMED,85.0,A - High-Quality Setup,2026-05-07,114.8,2026-06-17,115.65,2026-06-18,131.0,2026-06-19,121.5,2026-06-22,,,0,2026-07-03,32.0,2026-08-04,132.67,,
DLINKINDIA.NS,BOS2_CONFIRMED,82.1,A - High-Quality Setup,2026-05-11,478.35,2026-05-14,491.25,2026-05-15,499.15,2026-05-25,454.35,2026-05-26,2026-06-02,475.4,2,2026-06-08,18.0,2026-06-18,526.3,,
DLINKINDIA.NS,BOS2_CONFIRMED,60.2,C - Moderate / Watch,2026-05-15,499.15,2026-06-10,501.45,2026-06-10,519.8,2026-06-11,488.0,2026-06-12,,,0,,5.0,2026-06-18,526.3,,
BHARATWIRE.NS,INVALIDATED,61.1,C - Moderate / Watch,2026-04-20,249.9,2026-05-08,250.78,2026-05-11,262.0,2026-05-13,228.79,2026-05-14,,,0,,3.0,,,2026-05-18,
BHARATSE.NS,STILL_OPEN,72.2,B - Good Setup,2026-02-17,229.49,2026-07-02,240.76,2026-07-03,255.74,2026-07-08,226.23,2026-07-09,2026-07-31,221.65,2,,,,,,
TEXINFRA.NS,STILL_OPEN,89.6,A - High-Quality Setup,2026-05-05,106.4,2026-06-22,109.45,2026-06-22,116.43,2026-06-23,107.01,2026-06-24,2026-07-02,111.68,1,2026-07-06,,,,,
SHREEPUSHK.NS,STILL_OPEN,67.8,B - Good Setup,2026-07-07,423.0,2026-07-08,424.65,2026-07-10,448.0,2026-07-13,401.0,2026-07-14,2026-07-28,393.9,2,,,,,,
FAZE3Q.NS,INVALIDATED,61.1,C - Moderate / Watch,2025-09-11,583.55,2026-02-13,611.3,2026-02-13,612.05,2026-02-16,550.2,2026-02-17,,,0,,5.0,,,2026-02-23,
DHANBANK.NS,BOS2_CONFIRMED,90.6,A - High-Quality Setup,2026-04-27,27.98,2026-04-28,31.82,2026-04-29,33.49,2026-04-30,29.66,2026-05-01,2026-05-21,34.42,1,2026-05-18,24.0,2026-06-03,33.99,,
DEN.NS,INVALIDATED,52.2,C - Moderate / Watch,2025-12-22,33.01,2026-06-19,33.08,2026-06-22,34.39,2026-06-23,31.31,2026-06-24,,,0,,4.0,,,2026-06-29,
BOROSCI.NS,BOS2_CONFIRMED,95.0,A - High-Quality Setup,2026-05-27,148.8,2026-05-29,150.01,2026-06-02,157.5,2026-06-05,150.0,2026-06-08,2026-06-29,173.29,1,2026-06-12,16.0,2026-06-29,173.29,,
BOROSCI.NS,INVALIDATED,71.8,B - Good Setup,2026-06-23,162.01,2026-06-29,173.29,2026-06-29,180.8,2026-06-30,170.0,2026-07-01,2026-07-29,157.14,1,,25.0,,,2026-08-04,
LINCOLN.NS,TIMEOUT,53.8,C - Moderate / Watch,2025-09-08,565.75,2026-02-12,615.8,2026-02-13,677.0,2026-02-16,608.7,2026-02-17,2026-06-04,619.55,3,2026-04-29,89.0,,,,2026-06-29
LINCOLN.NS,INVALIDATED,56.7,C - Moderate / Watch,2026-05-21,733.0,2026-05-22,734.15,2026-05-22,750.2,2026-05-25,714.1,2026-05-26,,,0,,4.0,,,2026-05-29,
IRMENERGY.NS,INVALIDATED,52.2,C - Moderate / Watch,2026-04-27,338.0,2026-04-28,347.66,2026-04-30,366.89,2026-05-04,335.4,2026-05-05,,,0,,5.0,,,2026-05-11,
ANDHRSUGAR.NS,BOS2_CONFIRMED,73.6,B - Good Setup,2025-11-06,85.89,2026-04-15,86.13,2026-04-21,92.7,2026-04-22,89.15,2026-04-23,,,0,,5.0,2026-04-29,101.17,,
GHCLTEXTIL.NS,BOS2_CONFIRMED,69.1,B - Good Setup,2026-05-27,103.37,2026-07-02,104.06,2026-07-08,113.19,2026-07-09,105.56,2026-07-10,,,0,2026-07-17,8.0,2026-07-21,117.25,,
NAHARSPING.NS,BOS2_CONFIRMED,64.7,C - Moderate / Watch,2026-04-01,218.2,2026-04-02,227.41,2026-04-06,238.7,2026-04-07,217.63,2026-04-08,,,0,,6.0,2026-04-16,248.01,,
NAHARSPING.NS,BOS2_CONFIRMED,73.6,B - Good Setup,2026-04-21,259.98,2026-05-05,267.57,2026-05-07,291.79,2026-05-19,248.0,2026-05-20,2026-07-28,280.1,4,,54.0,2026-08-03,311.15,,
NELCAST.NS,INVALIDATED,47.8,D - Weak / Low-Quality,2026-04-30,150.3,2026-05-08,160.22,2026-05-08,173.2,2026-05-12,141.0,2026-05-13,,,0,,6.0,,,2026-05-20,
STEL.NS,STILL_OPEN,80.7,A - High-Quality Setup,2025-12-17,589.4,2026-06-15,616.6,2026-06-16,657.3,2026-06-18,571.55,2026-06-19,2026-07-27,558.6,1,,,,,,
AMBIKCO.NS,BOS2_CONFIRMED,82.6,A - High-Quality Setup,2026-04-28,1539.0,2026-05-04,1565.8,2026-05-06,1687.0,2026-05-12,1511.0,2026-05-13,2026-06-15,1636.0,3,2026-05-26,31.0,2026-06-24,1770.5,,
SUYOG.NS,STILL_OPEN,89.6,A - High-Quality Setup,2026-06-18,850.0,2026-07-02,872.75,2026-07-06,910.8,2026-07-07,872.0,2026-07-08,2026-07-27,885.4,1,2026-07-27,,,,,
