entry_date,entry_price,stop_price,ret_5d_pct,ret_10d_pct,ret_20d_pct,ret_40d_pct,ret_60d_pct,stopped_out,stopped_out_within_days,symbol,signal_date,signal_price,eventually_confirmed
2025-12-12,1550.800048828125,1517.5999755859375,0.92,-0.34,-2.14,-2.14,-2.14,True,20.0,RELIANCE.NS,2025-12-11,1545.0,False
2025-05-20,1438.199951171875,1374.5,-1.12,-2.27,-0.49,3.28,-4.43,True,60.0,RELIANCE.NS,2025-05-19,1440.800048828125,True
2025-05-20,1438.199951171875,1374.5,-1.12,-2.27,-0.49,3.28,-4.43,True,60.0,RELIANCE.NS,2025-05-19,1440.800048828125,True
2025-12-12,1550.800048828125,1517.5999755859375,0.92,-0.34,-2.14,-2.14,-2.14,True,20.0,RELIANCE.NS,2025-12-11,1545.0,False
2024-12-18,4311.7001953125,4195.64990234375,-2.69,-2.69,-2.69,-2.69,-2.69,True,5.0,TCS.NS,2024-12-17,4328.5,False
2025-05-30,3490.0,3451.300048828125,-1.11,-1.11,-1.11,-1.11,-1.11,True,5.0,TCS.NS,2025-05-29,3498.10009765625,False
2025-09-16,3128.0,3016.0,-2.1,-3.58,-3.58,-3.58,-3.58,True,10.0,TCS.NS,2025-09-15,3111.89990234375,False
2025-09-16,3128.0,3016.0,-2.1,-3.58,-3.58,-3.58,-3.58,True,10.0,TCS.NS,2025-09-15,3111.89990234375,False
2026-01-13,3245.0,3191.0,-1.66,-1.66,-1.66,-1.66,-1.66,True,5.0,TCS.NS,2026-01-12,3239.60009765625,False
2026-01-13,3245.0,3191.0,-1.66,-1.66,-1.66,-1.66,-1.66,True,5.0,TCS.NS,2026-01-12,3239.60009765625,False
2026-04-23,2529.0,2470.0,-2.33,-2.33,-2.33,-2.33,-2.33,True,5.0,TCS.NS,2026-04-22,2538.5,False
2024-11-26,905.0,836.0499877929688,0.9,3.21,-0.66,-7.62,-7.62,True,40.0,HDFCBANK.NS,2024-11-25,892.7999877929688,False
2024-10-15,847.0,806.5,1.21,3.41,1.43,9.76,-2.2,False,,HDFCBANK.NS,2024-10-14,844.0499877929688,True
2025-04-15,932.5,882.6749877929688,3.16,3.22,3.69,4.2,7.57,False,,HDFCBANK.NS,2025-04-11,903.375,True
2025-05-06,965.0,945.9000244140625,-1.98,-1.98,-1.98,-1.98,-1.98,True,5.0,HDFCBANK.NS,2025-05-05,968.4000244140625,True
2025-04-15,932.5,882.6749877929688,3.16,3.22,3.69,4.2,7.57,False,,HDFCBANK.NS,2025-04-11,903.375,True
2025-03-20,877.0,835.0250244140625,4.07,3.61,9.69,9.46,10.34,False,,HDFCBANK.NS,2025-03-19,872.0499877929688,True
2025-04-15,932.5,882.6749877929688,3.16,3.22,3.69,4.2,7.57,False,,HDFCBANK.NS,2025-04-11,903.375,True
2025-05-06,965.0,945.9000244140625,-1.98,-1.98,-1.98,-1.98,-1.98,True,5.0,HDFCBANK.NS,2025-05-05,968.4000244140625,True
2025-07-28,1001.5,976.5,-0.55,-0.37,-2.5,-2.5,-2.5,True,20.0,HDFCBANK.NS,2025-07-25,1002.2999877929688,False
2025-07-28,1001.5,976.5,-0.55,-0.37,-2.5,-2.5,-2.5,True,20.0,HDFCBANK.NS,2025-07-25,1002.2999877929688,False
2025-11-18,997.6500244140625,974.0,-0.79,-0.79,-0.34,-2.37,-2.37,True,40.0,HDFCBANK.NS,2025-11-17,996.5499877929688,False
2026-07-20,790.0,806.9500122070312,2.15,2.15,,,,True,5.0,HDFCBANK.NS,2026-07-17,819.5999755859375,False
2024-10-30,1324.0,1217.4000244140625,-1.64,-5.31,-1.81,-2.22,-8.05,True,60.0,ICICIBANK.NS,2024-10-29,1331.8499755859375,False
2025-06-23,1417.0,1403.5999755859375,2.03,1.32,3.44,1.36,-0.95,True,60.0,ICICIBANK.NS,2025-06-20,1427.0999755859375,True
2025-04-17,1362.0,1265.0,3.14,4.95,6.39,4.77,4.48,False,,ICICIBANK.NS,2025-04-16,1356.4000244140625,True
2026-08-04,1452.0,1415.4000244140625,,,,,,False,,ICICIBANK.NS,2026-08-03,1460.0,False
2026-02-05,1414.0,1328.5999755859375,1.13,-1.78,-6.04,-6.04,-6.04,True,20.0,ICICIBANK.NS,2026-02-04,1408.4000244140625,False
2026-07-16,1420.0999755859375,1375.9000244140625,1.02,0.97,,,,False,,ICICIBANK.NS,2026-07-15,1416.199951171875,True
2025-01-03,1952.949951171875,1840.0,0.72,-5.78,-5.78,-5.78,-5.78,True,10.0,INFY.NS,2025-01-02,1957.8499755859375,False
2026-01-19,1685.0,1583.0999755859375,-0.14,-1.72,-6.05,-6.05,-6.05,True,20.0,INFY.NS,2026-01-16,1689.800048828125,False
2025-07-01,1609.0,1575.4000244140625,1.85,-2.09,-2.09,-2.09,-2.09,True,10.0,INFY.NS,2025-06-30,1601.800048828125,False
2025-07-01,1609.0,1575.4000244140625,1.85,-2.09,-2.09,-2.09,-2.09,True,10.0,INFY.NS,2025-06-30,1601.800048828125,False
2025-11-26,1532.0999755859375,1483.199951171875,3.04,3.44,8.57,8.58,-3.19,True,60.0,INFY.NS,2025-11-25,1530.5999755859375,True
2026-01-19,1685.0,1583.0999755859375,-0.14,-1.72,-6.05,-6.05,-6.05,True,20.0,INFY.NS,2026-01-16,1689.800048828125,False
2025-11-26,1532.0999755859375,1483.199951171875,3.04,3.44,8.57,8.58,-3.19,True,60.0,INFY.NS,2025-11-25,1530.5999755859375,True
2026-01-30,1655.0,1631.199951171875,-1.44,-1.44,-1.44,-1.44,-1.44,True,5.0,INFY.NS,2026-01-29,1659.5,False
2024-11-29,841.0999755859375,761.5499877929688,2.68,2.43,-6.28,-9.46,-9.46,True,40.0,SBIN.NS,2024-11-28,838.8499755859375,False
2025-06-02,812.8499755859375,787.0,0.89,-3.18,-3.18,-3.18,-3.18,True,10.0,SBIN.NS,2025-05-30,812.2999877929688,False
2025-04-07,730.0,760.5,4.18,4.18,4.18,4.18,4.18,True,5.0,SBIN.NS,2025-04-04,767.4500122070312,True
2025-06-30,809.0,781.7000122070312,-0.27,-0.02,-1.46,-0.14,7.07,False,,SBIN.NS,2025-06-27,805.4000244140625,True
2025-08-12,824.9500122070312,786.5499877929688,0.48,-2.79,-0.16,6.75,15.56,False,,SBIN.NS,2025-08-11,823.4500122070312,True
2026-05-07,1106.0,1082.199951171875,-2.15,-2.15,-2.15,-2.15,-2.15,True,5.0,SBIN.NS,2026-05-06,1096.0,False
2026-08-04,1047.5999755859375,1000.7999877929688,,,,,,False,,SBIN.NS,2026-08-03,1045.0,True
2024-09-25,754.5,728.614990234375,-1.47,-3.43,-3.43,-3.43,-3.43,True,10.0,BAJFINANCE.NS,2024-09-24,755.4199829101562,False
2025-02-11,829.9000244140625,778.4400024414062,2.01,2.29,2.23,10.15,10.72,False,,BAJFINANCE.NS,2025-02-10,828.6799926757812,True
2025-01-21,745.0,713.4000244140625,2.1,13.1,13.11,17.2,24.3,False,,BAJFINANCE.NS,2025-01-20,744.010009765625,True
2025-01-10,727.7449951171875,679.2000122070312,-1.31,2.21,16.9,15.49,21.23,False,,BAJFINANCE.NS,2025-01-09,727.7449951171875,True
2025-04-16,914.9500122070312,882.2249755859375,1.66,-3.58,-3.58,-3.58,-3.58,True,10.0,BAJFINANCE.NS,2025-04-15,914.0999755859375,True
2025-06-27,950.0,914.7000122070312,-3.72,-3.72,-3.72,-3.72,-3.72,True,5.0,BAJFINANCE.NS,2025-06-26,951.5,False
2025-10-01,991.5,988.5999755859375,-0.29,-0.29,-0.29,-0.29,-0.29,True,5.0,BAJFINANCE.NS,2025-09-30,998.9000244140625,True
2025-06-27,950.0,914.7000122070312,-3.72,-3.72,-3.72,-3.72,-3.72,True,5.0,BAJFINANCE.NS,2025-06-26,951.5,False
2025-10-13,1023.8499755859375,972.0,5.58,4.78,-1.04,-1.32,-5.06,True,60.0,BAJFINANCE.NS,2025-10-10,1023.8499755859375,True
2026-06-17,955.0999755859375,933.1500244140625,3.75,6.26,6.93,,,False,,BAJFINANCE.NS,2026-06-16,959.6500244140625,True
2026-07-17,1044.9000244140625,994.0999755859375,-3.07,9.22,,,,False,,BAJFINANCE.NS,2026-07-16,1037.5999755859375,True
2024-10-17,1736.75,1630.1500244140625,-3.36,-6.14,-6.14,-6.14,-6.14,True,10.0,BHARTIARTL.NS,2024-10-16,1733.949951171875,False
2025-10-20,2026.0,1845.699951171875,3.17,4.31,6.6,4.05,-0.17,False,,BHARTIARTL.NS,2025-10-17,2012.0,True
2025-01-21,1654.0,1563.3499755859375,-2.16,-0.1,1.3,-5.48,-5.48,True,40.0,BHARTIARTL.NS,2025-01-20,1641.1500244140625,True
2025-03-21,1709.6500244140625,1597.0,1.39,-1.35,7.95,7.14,13.28,False,,BHARTIARTL.NS,2025-03-20,1705.25,True
2025-11-18,2122.0,1992.199951171875,1.87,-0.85,-0.94,-4.69,-6.12,True,60.0,BHARTIARTL.NS,2025-11-17,2112.199951171875,False
2025-11-18,2122.0,1992.199951171875,1.87,-0.85,-0.94,-4.69,-6.12,True,60.0,BHARTIARTL.NS,2025-11-17,2112.199951171875,False
2025-10-13,1937.9000244140625,1848.0999755859375,5.86,7.86,7.01,6.66,6.63,False,,BHARTIARTL.NS,2025-10-10,1939.9000244140625,True
2026-07-22,1942.4000244140625,1885.0,-2.96,-2.96,,,,True,5.0,BHARTIARTL.NS,2026-07-21,1948.4000244140625,True
2024-10-15,382.44000244140625,353.8800048828125,-7.47,-7.47,-7.47,-7.47,-7.47,True,5.0,KOTAKBANK.NS,2024-10-14,382.1600036621094,False
2025-03-10,386.5,378.7799987792969,3.14,12.29,6.22,9.47,11.31,False,,KOTAKBANK.NS,2025-03-07,387.0799865722656,True
2024-12-11,359.20001220703125,348.0,-0.89,-3.12,-3.12,-3.12,-3.12,True,10.0,KOTAKBANK.NS,2024-12-10,358.94000244140625,True
2025-03-10,386.5,378.7799987792969,3.14,12.29,6.22,9.47,11.31,False,,KOTAKBANK.NS,2025-03-07,387.0799865722656,True
2025-04-21,439.0,422.3699951171875,1.39,-3.79,-3.79,-3.79,-3.79,True,10.0,KOTAKBANK.NS,2025-04-17,437.6199951171875,True
2025-07-14,444.7799987792969,422.20001220703125,-2.64,-5.08,-5.08,-5.08,-5.08,True,10.0,KOTAKBANK.NS,2025-07-11,444.1199951171875,False
2026-01-01,442.0,411.8399963378906,-3.48,-4.75,-6.82,-6.82,-6.82,True,20.0,KOTAKBANK.NS,2025-12-31,440.2200012207031,False
2026-06-10,380.5,372.20001220703125,6.31,6.69,-2.18,-2.18,,True,20.0,KOTAKBANK.NS,2026-06-09,381.70001220703125,True
2026-08-04,395.5,389.8999938964844,,,,,,False,,KOTAKBANK.NS,2026-08-03,397.5,False
2025-11-17,4004.39990234375,3831.10009765625,0.22,1.72,2.2,-2.92,-4.33,True,60.0,LT.NS,2025-11-14,4004.39990234375,False
2025-11-17,4004.39990234375,3831.10009765625,0.22,1.72,2.2,-2.92,-4.33,True,60.0,LT.NS,2025-11-14,4004.39990234375,False
2025-06-23,3645.0,3485.89990234375,0.68,-1.74,-4.36,-4.36,-4.36,True,20.0,LT.NS,2025-06-20,3662.0,False
2025-06-23,3645.0,3485.89990234375,0.68,-1.74,-4.36,-4.36,-4.36,True,20.0,LT.NS,2025-06-20,3662.0,False
2025-10-10,3765.0,3615.0,1.98,4.22,5.05,6.18,10.41,False,,LT.NS,2025-10-09,3769.199951171875,True
2025-10-10,3765.0,3615.0,1.98,4.22,5.05,6.18,10.41,False,,LT.NS,2025-10-09,3769.199951171875,True
2024-09-25,2950.550048828125,2807.39990234375,-1.94,-4.85,-4.85,-4.85,-4.85,True,10.0,HINDUNILVR.NS,2024-09-24,2950.550048828125,False
2025-08-28,2748.0,2473.199951171875,-2.96,-4.59,-7.63,-10.0,-10.0,True,40.0,HINDUNILVR.NS,2025-08-26,2692.60009765625,False
2025-07-10,2423.39990234375,2294.39990234375,3.57,0.59,3.88,8.27,3.87,False,,HINDUNILVR.NS,2025-07-09,2423.39990234375,True
2025-07-10,2423.39990234375,2294.39990234375,3.57,0.59,3.88,8.27,3.87,False,,HINDUNILVR.NS,2025-07-09,2423.39990234375,True
2026-02-09,2425.0,2312.0,-4.66,-4.66,-4.66,-4.66,-4.66,True,5.0,HINDUNILVR.NS,2026-02-06,2424.199951171875,False
2026-01-22,1290.0,1253.5,-2.83,-2.83,-2.83,-2.83,-2.83,True,5.0,AXISBANK.NS,2026-01-21,1284.9000244140625,True
2025-05-13,1205.199951171875,1146.0,-0.78,-0.8,2.29,-3.3,-4.91,True,60.0,AXISBANK.NS,2025-05-12,1203.0,False
2025-05-13,1205.199951171875,1146.0,-0.78,-0.8,2.29,-3.3,-4.91,True,60.0,AXISBANK.NS,2025-05-12,1203.0,False
2025-11-19,1268.0,1209.4000244140625,1.75,0.21,-3.41,2.43,5.07,False,,AXISBANK.NS,2025-11-18,1265.4000244140625,True
2025-10-10,1168.0,1125.4000244140625,2.76,7.37,4.67,9.24,10.92,False,,AXISBANK.NS,2025-10-09,1167.4000244140625,True
2025-10-17,1196.300048828125,1163.0999755859375,4.83,3.13,5.78,1.95,8.57,False,,AXISBANK.NS,2025-10-16,1196.300048828125,True
2026-01-22,1290.0,1253.5,-2.83,-2.83,-2.83,-2.83,-2.83,True,5.0,AXISBANK.NS,2026-01-21,1284.9000244140625,True
2026-02-06,1325.0,1306.0,0.55,3.27,-1.43,-1.43,-1.43,True,20.0,AXISBANK.NS,2026-02-05,1330.5999755859375,True
2026-02-10,1352.5999755859375,1302.9000244140625,0.34,2.59,-3.67,-3.67,-3.67,True,20.0,AXISBANK.NS,2026-02-09,1341.4000244140625,True
2026-06-15,1372.0,1252.0,-0.98,-1.11,-3.83,,,False,,AXISBANK.NS,2026-06-12,1356.300048828125,False
2025-05-19,435.0,423.0,-2.76,-2.76,-2.76,-2.76,-2.76,True,5.0,ITC.NS,2025-05-16,435.70001220703125,False
2026-05-20,309.0,300.1000061035156,-2.88,-2.88,-2.88,-2.88,,True,5.0,ITC.NS,2026-05-19,310.29998779296875,False
2026-02-09,15125.0,14300.0,-0.49,-0.35,-5.45,-5.45,-5.45,True,20.0,MARUTI.NS,2026-02-06,14997.0,False
2025-01-21,12017.0498046875,11468.0,0.89,9.34,6.21,-4.57,-4.57,True,40.0,MARUTI.NS,2025-01-20,12020.0498046875,True
2026-02-10,14999.0,14058.0,1.2,-0.49,-6.27,-6.27,-6.27,True,20.0,MARUTI.NS,2026-02-09,14978.0,False
2025-05-15,12600.0,12355.0,-1.23,-1.94,-1.94,-1.94,-1.94,True,10.0,MARUTI.NS,2025-05-14,12670.0,True
2025-07-11,12640.0,12320.0,-1.75,-2.53,-2.53,-2.53,-2.53,True,10.0,MARUTI.NS,2025-07-10,12650.0,True
2025-10-14,16350.0,15708.0,0.28,-1.3,-3.93,-3.93,-3.93,True,20.0,MARUTI.NS,2025-10-13,16323.0,True
2026-07-31,14250.0,13435.0,,,,,,False,,MARUTI.NS,2026-07-30,14188.0,False
2024-10-15,1918.0,1888.050048828125,-1.56,-1.56,-1.56,-1.56,-1.56,True,5.0,SUNPHARMA.NS,2024-10-14,1909.75,False
2025-12-12,1808.0,1782.5,-1.41,-1.41,-1.41,-1.41,-1.41,True,5.0,SUNPHARMA.NS,2025-12-11,1807.199951171875,False
2025-12-12,1808.0,1782.5,-1.41,-1.41,-1.41,-1.41,-1.41,True,5.0,SUNPHARMA.NS,2025-12-11,1807.199951171875,False
2025-07-31,1715.5,1671.4000244140625,-2.57,-2.57,-2.57,-2.57,-2.57,True,5.0,SUNPHARMA.NS,2025-07-30,1733.800048828125,False
2026-03-09,1772.9000244140625,1707.0,0.58,-0.82,-3.72,-3.72,-3.72,True,20.0,SUNPHARMA.NS,2026-03-06,1799.4000244140625,False
2026-03-09,1772.9000244140625,1767.9000244140625,0.58,-0.28,-0.28,-0.28,-0.28,True,10.0,SUNPHARMA.NS,2026-03-06,1799.4000244140625,False
2026-03-30,1786.800048828125,1737.9000244140625,-2.74,-2.74,-2.74,-2.74,-2.74,True,5.0,SUNPHARMA.NS,2026-03-27,1793.5999755859375,False
2025-12-17,3930.0,3751.0,-0.53,3.04,7.42,6.34,4.09,False,,TITAN.NS,2025-12-16,3929.5,True
2025-01-08,3487.64990234375,3230.800048828125,-4.71,-3.76,3.16,-7.36,-7.36,True,40.0,TITAN.NS,2025-01-07,3505.10009765625,True
2025-06-26,3655.0,3383.0,0.65,-6.44,-7.44,-7.44,-7.44,True,20.0,TITAN.NS,2025-06-25,3652.199951171875,True
2025-05-30,3580.0,3516.10009765625,-1.78,-1.78,-1.78,-1.78,-1.78,True,5.0,TITAN.NS,2025-05-29,3588.300048828125,True
2025-12-17,3930.0,3751.0,-0.53,3.04,7.42,6.34,4.09,False,,TITAN.NS,2025-12-16,3929.5,True
2025-10-17,3635.0,3303.10009765625,2.88,2.46,6.72,8.1,16.13,False,,TITAN.NS,2025-10-16,3640.300048828125,True
2026-02-10,4300.0,4145.0,-3.6,-3.6,-3.6,-3.6,-3.6,True,5.0,TITAN.NS,2026-02-09,4257.7998046875,True
2026-04-28,4412.2998046875,4330.0,-0.88,-1.87,-1.87,-1.87,-1.87,True,10.0,TITAN.NS,2026-04-27,4441.7998046875,False
2024-10-10,3140.0,3107.0,-1.05,-1.05,-1.05,-1.05,-1.05,True,5.0,ADANIENT.NS,2024-10-09,3153.75,False
2026-06-22,3040.0,2886.199951171875,-2.55,5.48,4.71,,,False,,ADANIENT.NS,2026-06-19,3038.39990234375,True
2026-07-17,3156.10009765625,3026.800048828125,-4.1,-4.1,,,,True,5.0,ADANIENT.NS,2026-07-16,3151.39990234375,False
2025-04-07,2150.050048828125,2291.60009765625,6.58,6.58,6.58,6.58,6.58,True,5.0,ADANIENT.NS,2025-04-04,2334.64990234375,True
2025-06-27,2587.699951171875,2460.0,0.44,-1.12,-1.45,-4.93,-4.93,True,40.0,ADANIENT.NS,2025-06-26,2586.199951171875,False
2026-06-10,2977.0,2865.199951171875,-0.84,3.11,2.35,2.45,,False,,ADANIENT.NS,2026-06-09,2979.89990234375,True
2025-08-12,12447.0,12075.0,3.43,0.59,-0.44,-2.99,-2.99,True,40.0,ULTRACEMCO.NS,2025-08-11,12405.0,True
2024-12-11,11851.0,10915.0,-0.73,-3.29,-4.99,-7.9,-7.9,True,40.0,ULTRACEMCO.NS,2024-12-10,11745.7998046875,True
2025-08-12,12447.0,12075.0,3.43,0.59,-0.44,-2.99,-2.99,True,40.0,ULTRACEMCO.NS,2025-08-11,12405.0,True
2025-04-15,11749.0,11155.0,1.7,-0.92,1.23,-5.06,-5.06,True,40.0,ULTRACEMCO.NS,2025-04-11,11502.650390625,True
2025-08-12,12447.0,12075.0,3.43,0.59,-0.44,-2.99,-2.99,True,40.0,ULTRACEMCO.NS,2025-08-11,12405.0,True
2025-08-12,12447.0,12075.0,3.43,0.59,-0.44,-2.99,-2.99,True,40.0,ULTRACEMCO.NS,2025-08-11,12405.0,True
2025-09-05,12680.0,12472.0,-1.64,-1.64,-1.64,-1.64,-1.64,True,5.0,ULTRACEMCO.NS,2025-09-04,12651.0,False
2026-05-08,12090.0,11484.0,-5.01,-5.01,-5.01,-5.01,-5.01,True,5.0,ULTRACEMCO.NS,2026-05-07,12146.0,False
2025-09-05,2565.0,2465.0,-0.73,-3.25,-3.9,-3.9,-3.9,True,20.0,ASIANPAINT.NS,2025-09-04,2568.60009765625,False
2025-08-07,2484.10009765625,2320.0,1.8,0.82,1.88,-5.29,-6.61,True,60.0,ASIANPAINT.NS,2025-08-06,2491.199951171875,True
2025-07-03,2428.89990234375,2245.0,0.92,-1.24,-1.35,5.82,-3.55,False,,ASIANPAINT.NS,2025-07-02,2419.39990234375,False
2025-07-03,2428.89990234375,2245.0,0.92,-1.24,-1.35,5.82,-3.55,False,,ASIANPAINT.NS,2025-07-02,2419.39990234375,False
2025-09-05,2565.0,2465.0,-0.73,-3.25,-3.9,-3.9,-3.9,True,20.0,ASIANPAINT.NS,2025-09-04,2568.60009765625,False
2026-01-13,2900.0,2746.0,-5.31,-5.31,-5.31,-5.31,-5.31,True,5.0,ASIANPAINT.NS,2026-01-12,2896.39990234375,False
2026-05-20,2562.0,2500.0,4.29,3.92,6.87,4.22,,False,,ASIANPAINT.NS,2026-05-19,2600.699951171875,True
2026-05-08,2540.0,2385.5,2.58,3.93,5.78,7.79,8.16,False,,ASIANPAINT.NS,2026-05-07,2530.60009765625,True
2026-05-08,2540.0,2385.5,2.58,3.93,5.78,7.79,8.16,False,,ASIANPAINT.NS,2026-05-07,2530.60009765625,True
2026-07-30,2758.10009765625,2624.0,-0.11,,,,,False,,ASIANPAINT.NS,2026-07-29,2758.39990234375,False
2026-07-02,1459.0,1398.5,0.29,-2.43,4.23,,,False,,NESTLEIND.NS,2026-07-01,1453.800048828125,True
2025-05-27,1225.050048828125,1145.8499755859375,-2.4,-0.76,-3.44,-0.27,-6.47,True,60.0,NESTLEIND.NS,2025-05-26,1227.0,False
2025-05-27,1225.050048828125,1145.8499755859375,-2.4,-0.76,-3.44,-0.27,-6.47,True,60.0,NESTLEIND.NS,2025-05-26,1227.0,False
2025-11-13,1280.0,1250.699951171875,-0.06,-1.06,-2.29,-2.29,-2.29,True,20.0,NESTLEIND.NS,2025-11-12,1278.199951171875,True
2025-09-16,1212.0,1185.199951171875,-2.21,-2.21,-2.21,-2.21,-2.21,True,5.0,NESTLEIND.NS,2025-09-15,1212.5,True
2026-02-19,1299.800048828125,1278.699951171875,-1.62,-1.62,-1.62,-1.62,-1.62,True,5.0,NESTLEIND.NS,2026-02-18,1300.9000244140625,False
2026-01-19,1306.0,1290.0999755859375,-1.22,-1.22,-1.22,-1.22,-1.22,True,5.0,NESTLEIND.NS,2026-01-16,1315.9000244140625,False
2026-01-19,1306.0,1290.0999755859375,-1.22,-1.22,-1.22,-1.22,-1.22,True,5.0,NESTLEIND.NS,2026-01-16,1315.9000244140625,False
2026-07-02,1459.0,1398.5,0.29,-2.43,4.23,,,False,,NESTLEIND.NS,2026-07-01,1453.800048828125,True
2026-08-03,1509.5,1431.0,,,,,,False,,NESTLEIND.NS,2026-07-31,1509.5999755859375,True
2025-05-13,2046.9000244140625,1917.199951171875,-2.04,-0.83,-2.38,-1.4,-6.34,True,60.0,BAJAJFINSV.NS,2025-05-12,2050.39990234375,False
2025-01-21,1745.0,1666.5999755859375,1.37,-4.49,-4.49,-4.49,-4.49,True,10.0,BAJAJFINSV.NS,2025-01-20,1735.199951171875,True
2025-02-14,1853.5,1698.199951171875,1.39,-0.81,0.98,13.49,8.18,False,,BAJAJFINSV.NS,2025-02-13,1849.25,True
2025-03-25,1905.0,1733.0,1.36,-0.49,7.6,6.56,5.47,False,,BAJAJFINSV.NS,2025-03-24,1894.1500244140625,True
2025-04-17,1961.5,1823.5,4.28,3.3,3.92,3.4,2.15,False,,BAJAJFINSV.NS,2025-04-16,1969.199951171875,True
2025-04-17,1961.5,1823.5,4.28,3.3,3.92,3.4,2.15,False,,BAJAJFINSV.NS,2025-04-16,1969.199951171875,True
2025-10-16,2078.5,1968.0,3.9,0.47,-5.32,-5.32,-5.32,True,20.0,BAJAJFINSV.NS,2025-10-15,2084.10009765625,True
2026-07-21,1855.0,1841.5,3.93,13.48,,,,False,,BAJAJFINSV.NS,2026-07-20,1861.5,True
2026-07-21,1855.0,1841.5,3.93,13.48,,,,False,,BAJAJFINSV.NS,2026-07-20,1861.5,True
2024-09-27,274.45001220703125,264.57501220703125,-3.6,-3.6,-3.6,-3.6,-3.6,True,5.0,WIPRO.NS,2024-09-26,270.95001220703125,True
2024-12-06,299.1499938964844,285.2749938964844,3.61,2.02,-1.62,-4.64,-4.64,True,40.0,WIPRO.NS,2024-12-05,299.29998779296875,True
2025-01-24,319.0,302.79998779296875,-5.08,-5.08,-5.08,-5.08,-5.08,True,5.0,WIPRO.NS,2025-01-23,317.70001220703125,False
2025-02-05,317.79998779296875,301.54998779296875,-2.39,-1.16,-5.11,-5.11,-5.11,True,20.0,WIPRO.NS,2025-02-04,316.25,False
2025-02-05,317.79998779296875,301.54998779296875,-2.39,-1.16,-5.11,-5.11,-5.11,True,20.0,WIPRO.NS,2025-02-04,316.25,False
2026-01-08,270.8999938964844,261.260009765625,-3.56,-3.56,-3.56,-3.56,-3.56,True,5.0,WIPRO.NS,2026-01-07,270.79998779296875,False
2026-01-08,270.8999938964844,261.260009765625,-3.56,-3.56,-3.56,-3.56,-3.56,True,5.0,WIPRO.NS,2026-01-07,270.79998779296875,False
2026-06-04,203.0,200.1999969482422,-1.38,-1.38,-1.38,-1.38,,True,5.0,WIPRO.NS,2026-06-03,204.10000610351562,False
2024-10-31,1840.0,1793.5,-2.53,-2.53,-2.53,-2.53,-2.53,True,5.0,HCLTECH.NS,2024-10-30,1838.800048828125,True
2024-12-09,1915.0,1833.949951171875,2.06,-0.63,0.05,-4.23,-4.23,True,40.0,HCLTECH.NS,2024-12-06,1922.699951171875,True
2025-06-27,1735.0,1697.199951171875,-0.52,-2.18,-2.18,-2.18,-2.18,True,10.0,HCLTECH.NS,2025-06-26,1724.0999755859375,False
2025-06-27,1735.0,1697.199951171875,-0.52,-2.18,-2.18,-2.18,-2.18,True,10.0,HCLTECH.NS,2025-06-26,1724.0999755859375,False
2025-12-03,1635.5,1592.5999755859375,1.86,1.19,-0.06,-2.62,-2.62,True,40.0,HCLTECH.NS,2025-12-02,1635.5,True
2026-07-23,1236.0,1144.5,9.44,8.01,,,,False,,HCLTECH.NS,2026-07-22,1237.300048828125,False
2026-03-11,377.5,365.0,0.26,0.24,-3.31,-3.31,-3.31,True,20.0,NTPC.NS,2026-03-10,377.29998779296875,True
2025-04-16,362.5,351.0,0.19,-3.17,-3.17,-3.17,-3.17,True,10.0,NTPC.NS,2025-04-15,362.5,False
2025-04-16,362.5,351.0,0.19,-3.17,-3.17,-3.17,-3.17,True,10.0,NTPC.NS,2025-04-15,362.5,False
2025-04-16,362.5,347.04998779296875,0.19,-3.81,-4.26,-4.26,-4.26,True,20.0,NTPC.NS,2025-04-15,362.5,False
2026-03-11,377.5,365.0,0.26,0.24,-3.31,-3.31,-3.31,True,20.0,NTPC.NS,2026-03-10,377.29998779296875,True
2026-01-28,344.70001220703125,333.70001220703125,6.54,6.89,11.66,8.98,16.42,False,,NTPC.NS,2026-01-27,344.70001220703125,True
2026-03-11,377.5,365.0,0.26,0.24,-3.31,-3.31,-3.31,True,20.0,NTPC.NS,2026-03-10,377.29998779296875,True
2025-10-17,341.5,331.20001220703125,0.07,-1.84,-3.02,-3.02,-3.02,True,20.0,NTPC.NS,2025-10-16,341.5,False
2024-11-29,331.3500061035156,310.1000061035156,-0.74,0.75,-6.41,-6.41,-6.41,True,20.0,POWERGRID.NS,2024-11-28,333.6499938964844,False
2025-04-11,293.25,284.5,6.58,3.31,0.92,0.75,-2.98,True,60.0,POWERGRID.NS,2025-04-09,293.3999938964844,True
2025-04-11,293.25,284.5,6.58,3.31,0.92,0.75,-2.98,True,60.0,POWERGRID.NS,2025-04-09,293.3999938964844,True
2026-04-13,299.95001220703125,283.5,6.47,6.35,2.12,-5.48,-5.48,True,40.0,POWERGRID.NS,2026-04-10,302.75,False
2026-03-24,309.0,291.3999938964844,-5.7,-5.7,-5.7,-5.7,-5.7,True,5.0,POWERGRID.NS,2026-03-23,302.1000061035156,False
2026-05-28,300.1499938964844,290.20001220703125,-3.32,-3.32,-3.32,-3.32,,True,5.0,POWERGRID.NS,2026-05-27,300.1499938964844,False
2026-02-23,302.0,286.8500061035156,-1.72,-5.02,-5.02,-5.02,-5.02,True,10.0,POWERGRID.NS,2026-02-20,298.95001220703125,True
2026-03-17,302.0,285.5,-0.99,-5.46,-5.46,-5.46,-5.46,True,10.0,POWERGRID.NS,2026-03-16,297.75,True
2025-01-21,268.04998779296875,254.61000061035156,-5.01,-5.01,-5.01,-5.01,-5.01,True,5.0,ONGC.NS,2025-01-20,269.3599853515625,False
2025-01-21,268.04998779296875,254.61000061035156,-5.01,-5.01,-5.01,-5.01,-5.01,True,5.0,ONGC.NS,2025-01-20,269.3599853515625,False
2026-02-11,272.29998779296875,247.60000610351562,-2.83,1.89,-0.64,5.62,9.13,False,,ONGC.NS,2026-02-10,272.1499938964844,True
2026-05-21,296.6499938964844,277.6499938964844,-6.4,-6.4,-6.4,-6.4,,True,5.0,ONGC.NS,2026-05-20,298.29998779296875,False
2026-04-08,464.0,449.20001220703125,-3.19,-3.19,-3.19,-3.19,-3.19,True,5.0,COALINDIA.NS,2026-04-07,463.0,False
2026-01-20,430.1000061035156,415.6499938964844,-3.36,-3.36,-3.36,-3.36,-3.36,True,5.0,COALINDIA.NS,2026-01-19,430.1499938964844,True
2025-11-18,387.8500061035156,379.29998779296875,-2.2,-2.2,-2.2,-2.2,-2.2,True,5.0,COALINDIA.NS,2025-11-17,387.8500061035156,True
2026-03-19,450.8999938964844,433.75,-1.3,2.68,-3.8,-3.8,-3.8,True,20.0,COALINDIA.NS,2026-03-18,455.20001220703125,True
2025-10-23,173.89999389648438,169.25,6.01,4.3,-2.67,-2.67,-2.67,True,20.0,TATASTEEL.NS,2025-10-21,172.77999877929688,True
2025-02-20,135.27000427246094,128.30999755859375,1.43,12.04,17.11,-5.15,-5.15,True,40.0,TATASTEEL.NS,2025-02-19,135.75999450683594,True
2025-06-30,160.99000549316406,149.8000030517578,0.88,-0.34,-0.81,-3.7,7.25,False,,TATASTEEL.NS,2025-06-27,161.4499969482422,True
2025-09-04,169.0,157.0,0.24,1.79,2.49,8.09,-0.72,False,,TATASTEEL.NS,2025-09-03,167.85000610351562,True
2025-10-23,173.89999389648438,169.25,6.01,4.3,-2.67,-2.67,-2.67,True,20.0,TATASTEEL.NS,2025-10-21,172.77999877929688,True
2026-01-19,187.10000610351562,177.3300018310547,2.77,3.12,8.54,4.44,13.31,False,,TATASTEEL.NS,2026-01-16,188.2100067138672,True
2026-02-10,202.99000549316406,182.5500030517578,0.04,3.02,-4.06,-10.07,-10.07,True,40.0,TATASTEEL.NS,2026-02-09,202.0,True
2026-02-24,207.2100067138672,200.5500030517578,-3.21,-3.21,-3.21,-3.21,-3.21,True,5.0,TATASTEEL.NS,2026-02-23,208.13999938964844,True
2025-09-08,1080.0999755859375,1022.2999877929688,1.93,3.42,7.1,8.21,6.53,False,,JSWSTEEL.NS,2025-09-05,1073.0999755859375,True
2025-02-03,915.0,901.0999755859375,4.83,6.4,6.46,14.1,5.58,False,,JSWSTEEL.NS,2025-02-01,934.25,True
2025-02-20,977.0,938.0999755859375,-2.69,3.5,8.63,-3.98,-3.98,True,40.0,JSWSTEEL.NS,2025-02-19,977.3499755859375,True
2025-10-08,1158.0,1119.699951171875,0.24,-1.71,1.18,-3.31,-3.31,True,40.0,JSWSTEEL.NS,2025-10-07,1156.800048828125,True
2025-08-05,1059.0,1017.4000244140625,-1.02,2.23,1.27,9.7,12.84,False,,JSWSTEEL.NS,2025-08-04,1055.9000244140625,True
2025-08-05,1059.0,1017.4000244140625,-1.02,2.23,1.27,9.7,12.84,False,,JSWSTEEL.NS,2025-08-04,1055.9000244140625,True
2026-02-10,1245.0,1174.0,-0.03,0.76,-5.7,-5.7,-5.7,True,20.0,JSWSTEEL.NS,2026-02-09,1245.0,True
2026-02-10,1245.0,1174.0,-0.03,0.76,-5.7,-5.7,-5.7,True,20.0,JSWSTEEL.NS,2026-02-09,1245.0,True
2026-06-15,1312.5999755859375,1270.300048828125,-3.22,-3.22,-3.22,,,True,5.0,JSWSTEEL.NS,2026-06-12,1297.5999755859375,False
2026-05-04,1278.0,1246.5,-2.46,-2.46,-2.46,-2.46,-2.46,True,5.0,JSWSTEEL.NS,2026-05-01,1264.5,False
2026-08-03,1278.9000244140625,1228.0999755859375,,,,,,False,,JSWSTEEL.NS,2026-07-31,1270.0,True
2024-10-21,760.0,708.0,-6.84,-6.84,-6.84,-6.84,-6.84,True,5.0,HINDALCO.NS,2024-10-18,753.5,False
2025-10-23,791.5,754.4500122070312,8.83,-0.14,-1.74,7.64,18.76,False,,HINDALCO.NS,2025-10-21,784.9500122070312,True
2025-10-08,770.0,731.9500122070312,-0.75,2.91,2.65,6.92,21.0,False,,HINDALCO.NS,2025-10-07,767.7999877929688,True
2025-03-20,702.5,676.7999877929688,-1.3,-3.66,-3.66,-3.66,-3.66,True,10.0,HINDALCO.NS,2025-03-19,698.5499877929688,False
2025-03-20,702.5,676.7999877929688,-1.3,-3.66,-3.66,-3.66,-3.66,True,10.0,HINDALCO.NS,2025-03-19,698.5499877929688,False
2025-06-11,660.5,642.5,-2.73,-2.73,-2.73,-2.73,-2.73,True,5.0,HINDALCO.NS,2025-06-10,658.3499755859375,True
2025-07-23,692.0,661.5499877929688,-0.46,-1.03,-4.4,-4.4,-4.4,True,20.0,HINDALCO.NS,2025-07-22,690.0499877929688,True
2025-12-15,851.9500122070312,770.1500244140625,1.48,3.78,9.9,13.38,13.83,False,,HINDALCO.NS,2025-12-12,852.0999755859375,True
2026-01-23,955.0,894.0,-2.57,0.97,-6.39,-6.39,-6.39,True,20.0,HINDALCO.NS,2026-01-22,944.4500122070312,True
2026-04-08,975.0,835.9500122070312,6.66,6.81,8.28,15.45,-2.65,False,,HINDALCO.NS,2026-04-07,954.5,True
2026-05-27,1118.300048828125,1037.0999755859375,1.84,-7.26,-7.26,-7.26,,True,10.0,HINDALCO.NS,2026-05-26,1103.800048828125,True
2024-11-25,1760.0,1685.5999755859375,-0.8,1.01,-4.23,-4.23,-4.23,True,20.0,TECHM.NS,2024-11-22,1747.449951171875,True
2024-12-11,1765.0,1700.5,0.79,-3.65,-3.65,-3.65,-3.65,True,10.0,TECHM.NS,2024-12-10,1763.550048828125,True
2026-02-02,1713.699951171875,1660.0999755859375,-3.13,-3.13,-3.13,-3.13,-3.13,True,5.0,TECHM.NS,2026-01-30,1743.0999755859375,False
2025-06-27,1698.0,1660.699951171875,-2.2,-2.2,-2.2,-2.2,-2.2,True,5.0,TECHM.NS,2025-06-26,1690.199951171875,False
2026-02-02,1713.699951171875,1660.0999755859375,-3.13,-3.13,-3.13,-3.13,-3.13,True,5.0,TECHM.NS,2026-01-30,1743.0999755859375,False
2026-02-02,1713.699951171875,1660.0999755859375,-3.13,-3.13,-3.13,-3.13,-3.13,True,5.0,TECHM.NS,2026-01-30,1743.0999755859375,False
2025-09-17,2855.0,2762.699951171875,-1.67,-3.23,-3.23,-3.23,-3.23,True,10.0,GRASIM.NS,2025-09-16,2843.0,True
2025-09-17,2855.0,2762.699951171875,-1.67,-3.23,-3.23,-3.23,-3.23,True,10.0,GRASIM.NS,2025-09-16,2843.0,True
2025-05-05,2730.0,2673.0,-2.09,-2.09,-2.09,-2.09,-2.09,True,5.0,GRASIM.NS,2025-05-02,2724.0,True
2025-08-19,2845.89990234375,2667.300048828125,-1.75,-2.27,0.69,0.49,-1.95,False,,GRASIM.NS,2025-08-18,2845.89990234375,False
2026-06-16,3180.0,3034.89990234375,-1.12,-2.52,-2.1,,,False,,GRASIM.NS,2026-06-15,3164.5,True
2026-01-28,2870.10009765625,2738.300048828125,-4.59,-4.59,-4.59,-4.59,-4.59,True,5.0,GRASIM.NS,2026-01-27,2856.199951171875,True
2026-06-16,3180.0,3034.89990234375,-1.12,-2.52,-2.1,,,False,,GRASIM.NS,2026-06-15,3164.5,True
2026-03-27,1297.0,1264.0,-2.54,-2.54,-2.54,-2.54,-2.54,True,5.0,DRREDDY.NS,2026-03-25,1300.699951171875,False
2026-03-11,1311.0999755859375,1221.199951171875,-1.24,-0.79,-6.86,-6.86,-6.86,True,20.0,DRREDDY.NS,2026-03-10,1314.5999755859375,False
2026-03-27,1297.0,1264.0,-2.54,-2.54,-2.54,-2.54,-2.54,True,5.0,DRREDDY.NS,2026-03-25,1300.699951171875,False
2025-12-17,1270.0,1241.300048828125,-0.33,-1.31,-2.26,-2.26,-2.26,True,20.0,DRREDDY.NS,2025-12-16,1276.9000244140625,False
2026-05-18,1336.5,1268.5,-0.38,-3.45,-5.09,-5.09,,True,20.0,DRREDDY.NS,2026-05-15,1336.699951171875,False
2025-08-18,1566.199951171875,1464.0999755859375,2.23,0.19,-0.46,-0.48,-2.18,False,,CIPLA.NS,2025-08-14,1564.0,True
2025-08-18,1566.199951171875,1464.0999755859375,2.23,0.19,-0.46,-0.48,-2.18,False,,CIPLA.NS,2025-08-14,1564.0,True
2025-09-17,1556.0,1533.0999755859375,-1.47,-1.47,-1.47,-1.47,-1.47,True,5.0,CIPLA.NS,2025-09-16,1559.0,False
2026-06-23,1422.800048828125,1354.0,2.99,2.04,0.68,,,False,,CIPLA.NS,2026-06-22,1415.699951171875,True
2026-07-30,1478.800048828125,1404.0,-0.12,,,,,False,,CIPLA.NS,2026-07-29,1474.300048828125,False
2024-11-26,6149.14990234375,5692.25,1.0,-3.52,-5.97,-7.43,-7.43,True,40.0,DIVISLAB.NS,2024-11-25,6138.4501953125,False
2025-05-28,6730.0,6433.0,-1.66,-0.16,-2.13,-1.14,-4.41,True,60.0,DIVISLAB.NS,2025-05-27,6698.0,True
2025-05-08,6172.5,5916.0,-4.16,-4.16,-4.16,-4.16,-4.16,True,5.0,DIVISLAB.NS,2025-05-07,6148.0,True
2026-05-28,6797.5,6658.0,-2.05,-2.05,-2.05,-2.05,,True,5.0,DIVISLAB.NS,2026-05-27,6797.5,True
2026-06-10,6750.0,6661.0,-1.32,-1.32,-1.32,-1.32,,True,5.0,DIVISLAB.NS,2026-06-09,6753.0,True
2024-10-16,7085.10009765625,6727.35009765625,-2.52,-1.45,-3.19,-5.05,-5.05,True,40.0,APOLLOHOSP.NS,2024-10-15,7140.14990234375,True
2024-10-16,7085.10009765625,6727.35009765625,-2.52,-1.45,-3.19,-5.05,-5.05,True,40.0,APOLLOHOSP.NS,2024-10-15,7140.14990234375,True
2025-09-08,7834.5,7586.0,-0.23,-1.22,-3.17,-3.17,-3.17,True,20.0,APOLLOHOSP.NS,2025-09-05,7804.5,False
2025-06-12,6932.0,6772.0,1.12,2.45,6.16,3.43,12.33,False,,APOLLOHOSP.NS,2025-06-11,6927.5,True
2025-05-26,7095.0,6677.5,-2.53,-2.3,-1.23,2.25,10.27,False,,APOLLOHOSP.NS,2025-05-23,7064.5,True
2025-04-07,6565.0,6430.25,6.71,9.06,2.39,5.75,15.06,False,,APOLLOHOSP.NS,2025-04-04,6714.5498046875,True
2025-05-26,7095.0,6677.5,-2.53,-2.3,-1.23,2.25,10.27,False,,APOLLOHOSP.NS,2025-05-23,7064.5,True
2025-07-28,7480.0,7159.0,-2.3,-4.29,-4.29,-4.29,-4.29,True,10.0,APOLLOHOSP.NS,2025-07-25,7468.5,True
2026-02-12,7512.0,7111.0,1.07,3.5,0.51,-5.34,-5.34,True,40.0,APOLLOHOSP.NS,2026-02-11,7507.0,True
2026-03-11,7770.5,7605.0,-2.13,-2.13,-2.13,-2.13,-2.13,True,5.0,APOLLOHOSP.NS,2026-03-10,7803.0,True
2025-02-03,5575.0,4925.60009765625,-4.3,-11.65,-11.65,-11.65,-11.65,True,10.0,EICHERMOT.NS,2025-02-01,5390.14990234375,True
2024-11-18,4879.9501953125,4808.0,1.06,-1.47,-1.47,-1.47,-1.47,True,10.0,EICHERMOT.NS,2024-11-14,4883.7001953125,True
2025-08-05,5625.0,5520.5,0.59,5.56,14.22,23.4,24.86,False,,EICHERMOT.NS,2025-08-04,5621.0,True
2025-11-20,6906.0,6720.5,1.35,2.81,2.9,5.92,15.99,False,,EICHERMOT.NS,2025-11-19,6896.5,True
2025-12-08,7230.0,6956.0,-1.5,0.85,4.05,-3.79,-3.79,True,40.0,EICHERMOT.NS,2025-12-05,7208.0,True
2025-12-08,7230.0,6956.0,-1.5,0.85,4.05,-3.79,-3.79,True,40.0,EICHERMOT.NS,2025-12-05,7208.0,True
2026-06-11,7130.0,6950.0,6.61,6.56,-2.52,-2.52,,True,20.0,EICHERMOT.NS,2026-06-10,7219.5,True
2025-05-13,3999.0,3725.0,6.07,8.48,9.5,7.54,13.7,False,,HEROMOTOCO.NS,2025-05-12,3984.89990234375,True
2025-05-30,4341.60009765625,4202.89990234375,-3.19,-3.19,-3.19,-3.19,-3.19,True,5.0,HEROMOTOCO.NS,2025-05-29,4356.60009765625,True
2026-05-13,10370.5,10016.0,0.89,4.22,-2.18,-3.42,-3.42,True,40.0,BAJAJ-AUTO.NS,2026-05-12,10397.0,True
2026-02-02,9454.5,9360.0,-1.0,-1.0,-1.0,-1.0,-1.0,True,5.0,BAJAJ-AUTO.NS,2026-01-30,9597.5,False
2025-05-30,8787.0,8512.5,-3.12,-3.12,-3.12,-3.12,-3.12,True,5.0,BAJAJ-AUTO.NS,2025-05-29,8874.5,False
2025-12-08,9115.0,8922.0,-2.12,-2.12,-2.12,-2.12,-2.12,True,5.0,BAJAJ-AUTO.NS,2025-12-05,9109.0,True
2025-12-08,9115.0,8922.0,-2.12,-2.12,-2.12,-2.12,-2.12,True,5.0,BAJAJ-AUTO.NS,2025-12-05,9109.0,True
2025-10-15,9106.5,8491.5,-0.65,-2.02,-2.89,-1.0,4.22,False,,BAJAJ-AUTO.NS,2025-10-14,9102.5,False
2026-02-02,9454.5,9360.0,-1.0,-1.0,-1.0,-1.0,-1.0,True,5.0,BAJAJ-AUTO.NS,2026-01-30,9597.5,False
2026-02-02,9454.5,9360.0,-1.0,-1.0,-1.0,-1.0,-1.0,True,5.0,BAJAJ-AUTO.NS,2026-01-30,9597.5,False
2026-05-13,10370.5,10016.0,0.89,4.22,-2.18,-3.42,-3.42,True,40.0,BAJAJ-AUTO.NS,2026-05-12,10397.0,True
2026-05-21,10544.5,10220.0,2.5,-3.08,-3.08,-3.08,,True,10.0,BAJAJ-AUTO.NS,2026-05-20,10462.5,False
2025-08-04,5752.5,5570.0,-3.17,-3.17,-3.17,-3.17,-3.17,True,5.0,BRITANNIA.NS,2025-08-01,5798.0,False
2025-09-15,6250.0,5998.5,-3.1,-4.02,-4.02,-4.02,-4.02,True,10.0,BRITANNIA.NS,2025-09-12,6247.0,False
2025-06-02,5515.0,5406.0,3.3,0.83,6.09,1.99,-1.98,True,60.0,BRITANNIA.NS,2025-05-30,5510.5,True
2026-07-22,5478.5,5035.0,0.71,-0.7,,,,False,,BRITANNIA.NS,2026-07-21,5482.0,False
2025-06-23,5551.0,5425.0,5.4,6.0,2.35,-2.27,-2.27,True,40.0,BRITANNIA.NS,2025-06-20,5587.0,True
2025-12-18,6132.0,5723.0,-1.62,-2.41,-3.81,-6.67,-6.67,True,40.0,BRITANNIA.NS,2025-12-17,6096.0,False
2026-02-13,6080.0,5787.0,0.3,-1.27,-4.82,-4.82,-4.82,True,20.0,BRITANNIA.NS,2026-02-12,6102.0,False
2025-01-21,522.0499877929688,509.5,0.63,2.39,-0.29,-2.4,-2.4,True,40.0,DABUR.NS,2025-01-20,521.5999755859375,True
2025-08-05,529.6500244140625,507.0,-4.28,-4.28,-4.28,-4.28,-4.28,True,5.0,DABUR.NS,2025-08-04,529.6500244140625,True
2025-08-05,529.6500244140625,507.0,-4.28,-4.28,-4.28,-4.28,-4.28,True,5.0,DABUR.NS,2025-08-04,529.6500244140625,True
2025-11-26,514.1500244140625,512.5,-0.32,-0.32,-0.32,-0.32,-0.32,True,5.0,DABUR.NS,2025-11-25,514.4000244140625,False
2026-01-14,518.0999755859375,501.25,-3.25,-3.25,-3.25,-3.25,-3.25,True,5.0,DABUR.NS,2026-01-13,522.0499877929688,False
2025-04-24,1275.0,1203.4000244140625,-1.29,-5.62,-5.62,-5.62,-5.62,True,10.0,GODREJCP.NS,2025-04-23,1268.5,False
2026-01-07,1273.9000244140625,1097.300048828125,-3.69,-4.03,-8.14,-12.35,-13.86,True,60.0,GODREJCP.NS,2026-01-06,1254.0,False
2025-09-03,1290.9000244140625,1202.199951171875,-2.69,-3.68,-6.87,-6.87,-6.87,True,20.0,GODREJCP.NS,2025-09-02,1283.800048828125,False
2025-11-18,1151.699951171875,1113.4000244140625,-3.33,-3.33,-3.33,-3.33,-3.33,True,5.0,GODREJCP.NS,2025-11-17,1152.300048828125,True
2026-02-26,1240.300048828125,1213.9000244140625,-2.13,-2.13,-2.13,-2.13,-2.13,True,5.0,GODREJCP.NS,2026-02-25,1237.4000244140625,False
2026-02-26,1240.300048828125,1213.9000244140625,-2.13,-2.13,-2.13,-2.13,-2.13,True,5.0,GODREJCP.NS,2026-02-25,1237.4000244140625,False
2026-04-27,1100.0,1051.300048828125,-4.43,-4.43,-4.43,-4.43,-4.43,True,5.0,GODREJCP.NS,2026-04-24,1089.9000244140625,True
2026-08-04,1080.0,1066.5999755859375,,,,,,False,,GODREJCP.NS,2026-08-03,1085.9000244140625,False
2026-08-04,1080.0,1066.5999755859375,,,,,,False,,GODREJCP.NS,2026-08-03,1085.9000244140625,False
2024-09-26,1628.3499755859375,1580.550048828125,-1.47,-2.94,-2.94,-2.94,-2.94,True,10.0,PIDILITIND.NS,2024-09-25,1628.3499755859375,True
2025-05-19,1547.0,1466.0,-1.58,-0.45,-5.24,-5.24,-5.24,True,20.0,PIDILITIND.NS,2025-05-16,1545.5999755859375,True
2025-05-19,1547.0,1466.0,-1.58,-0.45,-5.24,-5.24,-5.24,True,20.0,PIDILITIND.NS,2025-05-16,1545.5999755859375,True
2025-04-07,1406.5,1396.4749755859375,-0.71,-0.71,-0.71,-0.71,-0.71,True,5.0,PIDILITIND.NS,2025-04-04,1446.0,True
2025-06-02,1562.0,1483.0999755859375,-2.18,-5.05,-5.05,-5.05,-5.05,True,10.0,PIDILITIND.NS,2025-05-30,1553.5999755859375,False
2025-06-02,1562.0,1483.0999755859375,-2.18,-5.05,-5.05,-5.05,-5.05,True,10.0,PIDILITIND.NS,2025-05-30,1553.5999755859375,False
2026-07-22,1591.300048828125,1562.699951171875,-1.8,-1.8,,,,True,5.0,PIDILITIND.NS,2026-07-21,1591.300048828125,True
2026-07-22,1591.300048828125,1562.699951171875,-1.8,-1.8,,,,True,5.0,PIDILITIND.NS,2026-07-21,1591.300048828125,True
2026-05-22,1474.0999755859375,1427.5999755859375,0.59,0.17,7.18,6.24,,False,,PIDILITIND.NS,2026-05-21,1472.800048828125,True
2026-05-22,1474.0999755859375,1427.5999755859375,0.59,0.17,7.18,6.24,,False,,PIDILITIND.NS,2026-05-21,1472.800048828125,True
2026-07-22,1591.300048828125,1562.699951171875,-1.8,-1.8,,,,True,5.0,PIDILITIND.NS,2026-07-21,1591.300048828125,True
2026-05-04,3850.0,3767.89990234375,-2.13,-2.13,-2.13,-2.13,-2.13,True,5.0,SIEMENS.NS,2026-05-01,3808.199951171875,False
2025-03-21,3052.925537109375,2823.790283203125,1.43,-7.51,-7.51,-7.51,-7.51,True,10.0,SIEMENS.NS,2025-03-20,3048.93408203125,True
2025-06-09,3320.0,3252.0,-2.05,-2.05,-2.05,-2.05,-2.05,True,5.0,SIEMENS.NS,2025-06-06,3297.5,False
2025-07-02,3339.0,3082.0,-3.61,-7.7,-7.7,-7.7,-7.7,True,10.0,SIEMENS.NS,2025-07-01,3323.10009765625,False
2025-07-02,3339.0,3169.89990234375,-3.61,-5.06,-5.06,-5.06,-5.06,True,10.0,SIEMENS.NS,2025-07-01,3323.10009765625,False
2026-05-25,3836.39990234375,3469.0,-3.26,-5.54,-1.79,-9.58,,True,40.0,SIEMENS.NS,2026-05-22,3811.699951171875,True
2025-09-10,3192.10009765625,3017.5,4.09,0.28,-0.43,-5.47,-5.47,True,40.0,SIEMENS.NS,2025-09-09,3190.10009765625,True
2026-02-24,3305.0,3036.699951171875,-4.36,-0.99,-8.12,-8.12,-8.12,True,20.0,SIEMENS.NS,2026-02-23,3302.199951171875,True
2026-05-25,3836.39990234375,3469.0,-3.26,-5.54,-1.79,-9.58,,True,40.0,SIEMENS.NS,2026-05-22,3811.699951171875,True
2026-04-09,6575.0,6162.5,6.91,11.46,6.65,9.01,5.71,False,,ABB.NS,2026-04-08,6565.0,True
2026-03-09,5982.0,5775.0,3.95,0.99,10.57,17.23,19.82,False,,ABB.NS,2026-03-06,6062.0,True
2026-03-05,5844.0,5695.0,9.67,6.33,7.27,22.9,23.13,False,,ABB.NS,2026-03-04,5830.5,True
2026-07-17,7667.5,6171.5,-3.81,-5.0,,,,False,,ABB.NS,2026-07-16,7667.5,False
2026-08-06,7737.0,7085.0,,,,,,False,,ABB.NS,2026-08-05,7690.5,False
2026-08-06,7737.0,7085.0,,,,,,False,,ABB.NS,2026-08-05,7690.5,False
2025-05-14,1599.699951171875,1573.300048828125,-1.65,-1.65,-1.65,-1.65,-1.65,True,5.0,HAVELLS.NS,2025-05-13,1593.9000244140625,False
2026-07-21,1206.9000244140625,1161.5999755859375,1.67,7.3,,,,False,,HAVELLS.NS,2026-07-20,1200.300048828125,False
2026-07-09,637.1500244140625,608.6500244140625,1.72,0.79,0.76,,,False,,DLF.NS,2026-07-08,634.0,True
2026-07-09,637.1500244140625,608.6500244140625,1.72,0.79,0.76,,,False,,DLF.NS,2026-07-08,634.0,True
2026-07-20,665.0,630.75,-5.15,-5.15,,,,True,5.0,DLF.NS,2026-07-17,667.7999877929688,False
2024-12-16,2926.449951171875,2759.0,-1.33,-5.72,-5.72,-5.72,-5.72,True,10.0,GODREJPROP.NS,2024-12-13,2926.949951171875,False
2025-06-23,2418.10009765625,2306.39990234375,-3.1,-4.62,-4.62,-4.62,-4.62,True,10.0,GODREJPROP.NS,2025-06-20,2432.0,False
2025-05-30,2239.39990234375,2141.0,10.16,7.26,5.49,-0.25,-4.39,True,60.0,GODREJPROP.NS,2025-05-29,2239.39990234375,True
2025-06-23,2418.10009765625,2306.39990234375,-3.1,-4.62,-4.62,-4.62,-4.62,True,10.0,GODREJPROP.NS,2025-06-20,2432.0,False
2025-10-13,2090.0,1948.5,9.66,9.89,4.97,-3.62,0.24,False,,GODREJPROP.NS,2025-10-10,2091.89990234375,True
2026-07-29,2159.699951171875,2065.5,-4.36,,,,,True,5.0,GODREJPROP.NS,2026-07-28,2136.60009765625,False
2026-07-23,2074.0,1984.0999755859375,-4.33,-4.33,,,,True,5.0,GODREJPROP.NS,2026-07-22,2081.10009765625,True
2026-05-04,1854.9000244140625,1759.800048828125,-3.27,-5.13,-5.13,-5.13,-5.13,True,10.0,GODREJPROP.NS,2026-05-01,1835.199951171875,True
2026-07-23,2074.0,1984.0999755859375,-4.33,-4.33,,,,True,5.0,GODREJPROP.NS,2026-07-22,2081.10009765625,True
2025-04-03,4999.5,4956.2998046875,-0.86,-0.86,-0.86,-0.86,-0.86,True,5.0,INDIGO.NS,2025-04-02,5068.25,True
2025-04-03,4999.5,4956.2998046875,-0.86,-0.86,-0.86,-0.86,-0.86,True,5.0,INDIGO.NS,2025-04-02,5068.25,True
2025-05-13,5501.0,5220.0,-1.07,-3.41,1.78,-5.11,-5.11,True,40.0,INDIGO.NS,2025-05-12,5476.5,True
2025-07-15,5950.0,5731.0,-0.03,-3.68,-3.68,-3.68,-3.68,True,10.0,INDIGO.NS,2025-07-14,5940.5,True
2025-11-27,5913.0,5674.0,-4.04,-4.04,-4.04,-4.04,-4.04,True,5.0,INDIGO.NS,2025-11-26,5913.0,False
2026-08-04,5400.0,5094.0,,,,,,False,,INDIGO.NS,2026-08-03,5400.0,False
2026-08-04,5400.0,5094.0,,,,,,False,,INDIGO.NS,2026-08-03,5400.0,False
2026-04-20,4635.0,4433.7001953125,-1.59,-4.34,-4.34,-4.34,-4.34,True,10.0,INDIGO.NS,2026-04-17,4638.39990234375,True
2026-08-04,5400.0,4886.0,,,,,,False,,INDIGO.NS,2026-08-03,5400.0,False
2026-08-04,5400.0,4886.0,,,,,,False,,INDIGO.NS,2026-08-03,5400.0,False
2025-04-04,738.0,701.0,-5.01,-5.01,-5.01,-5.01,-5.01,True,5.0,IRCTC.NS,2025-04-03,738.25,True
2024-10-17,7780.2998046875,7272.0,-3.76,-6.53,-6.53,-6.53,-6.53,True,10.0,TRENT.NS,2024-10-16,7805.7998046875,False
2025-06-23,5850.0,5481.0,6.28,-6.31,-6.31,-6.31,-6.31,True,10.0,TRENT.NS,2025-06-20,5897.5,True
2025-06-13,5505.5,5481.5,-0.44,-0.44,-0.44,-0.44,-0.44,True,5.0,TRENT.NS,2025-06-12,5627.5,True
2025-09-05,5557.0,5215.0,-6.15,-6.15,-6.15,-6.15,-6.15,True,5.0,TRENT.NS,2025-09-04,5529.0,False
2025-02-06,1430.0,1201.75,-0.15,1.88,4.3,-15.96,-15.96,True,40.0,PGIL.NS,2025-02-05,1419.800048828125,False
2025-07-16,1589.9000244140625,1480.0999755859375,-6.91,-6.91,-6.91,-6.91,-6.91,True,5.0,PGIL.NS,2025-07-15,1591.5,True
2025-08-21,1352.0,1255.199951171875,-7.16,-7.16,-7.16,-7.16,-7.16,True,5.0,PGIL.NS,2025-08-20,1346.9000244140625,True
2025-09-22,1383.0,1330.0,-3.83,-3.83,-3.83,-3.83,-3.83,True,5.0,PGIL.NS,2025-09-19,1383.0,False
2026-07-21,2111.5,1971.0999755859375,-6.65,-6.65,,,,True,5.0,PGIL.NS,2026-07-20,2094.699951171875,True
2026-05-18,1685.0,1531.199951171875,-3.39,-3.22,0.59,21.63,,False,,PGIL.NS,2026-05-15,1671.5999755859375,True
2026-06-16,1716.0999755859375,1555.199951171875,10.01,17.45,16.39,,,False,,PGIL.NS,2026-06-15,1694.9000244140625,True
2026-07-09,1957.300048828125,1845.5,4.66,-0.38,13.5,,,False,,PGIL.NS,2026-07-08,1951.699951171875,True
2024-09-30,14024.599609375,13583.5498046875,-3.14,-3.14,-3.14,-3.14,-3.14,True,5.0,DIXON.NS,2024-09-27,14037.650390625,True
2024-11-26,15721.0,14540.0,7.29,11.41,13.82,-7.51,-7.51,True,40.0,DIXON.NS,2024-11-25,15724.7998046875,True
2025-05-06,16711.0,16100.0,-3.66,-3.66,-3.66,-3.66,-3.66,True,5.0,DIXON.NS,2025-05-05,16710.0,False
2025-05-19,16700.0,15051.0,-9.87,-9.87,-9.87,-9.87,-9.87,True,5.0,DIXON.NS,2025-05-16,16660.0,False
2025-08-22,16750.0,15593.0,4.97,7.5,7.95,-3.75,-6.91,True,60.0,DIXON.NS,2025-08-21,16725.0,True
2025-08-19,16826.0,16250.0,-0.94,5.54,7.63,-3.42,-3.42,True,40.0,DIXON.NS,2025-08-18,16756.0,True
2026-07-30,14282.0,14165.0,-0.82,,,,,True,5.0,DIXON.NS,2026-07-29,14275.0,False
2026-06-10,11670.0,11361.0,-2.65,-2.65,-2.65,-2.65,,True,5.0,DIXON.NS,2026-06-09,11611.0,True
2025-10-09,7588.0,7205.0,-0.13,-0.99,0.26,-5.05,-5.05,True,40.0,POLYCAB.NS,2025-10-08,7588.0,False
2025-01-03,7400.0,7300.0,-1.35,-1.35,-1.35,-1.35,-1.35,True,5.0,POLYCAB.NS,2025-01-02,7390.64990234375,False
2025-10-09,7588.0,7205.0,-0.13,-0.99,0.26,-5.05,-5.05,True,40.0,POLYCAB.NS,2025-10-08,7588.0,False
2025-07-30,6980.0,6822.5,-2.26,-2.26,-2.26,-2.26,-2.26,True,5.0,POLYCAB.NS,2025-07-29,6962.5,True
2025-05-19,6100.0,5600.0,-2.47,-2.84,0.11,11.42,10.78,False,,POLYCAB.NS,2025-05-16,6094.5,True
2025-08-22,7100.0,6620.0,0.63,3.16,7.85,7.11,7.73,False,,POLYCAB.NS,2025-08-21,7084.5,True
2025-07-30,6980.0,6822.5,-2.26,-2.26,-2.26,-2.26,-2.26,True,5.0,POLYCAB.NS,2025-07-29,6962.5,True
2025-10-09,7588.0,7205.0,-0.13,-0.99,0.26,-5.05,-5.05,True,40.0,POLYCAB.NS,2025-10-08,7588.0,False
2026-05-21,9235.0,8865.0,4.65,5.22,7.77,-0.22,,False,,POLYCAB.NS,2026-05-20,9199.0,True
2026-07-28,9061.0,8791.0,1.27,,,,,False,,POLYCAB.NS,2026-07-27,9010.0,False
2026-02-06,4319.10009765625,3893.0,2.16,9.6,8.62,13.62,25.05,False,,CUMMINSIND.NS,2026-02-05,4391.39990234375,True
2025-10-13,3948.0,3833.0,1.48,8.55,11.33,14.89,4.31,False,,CUMMINSIND.NS,2025-10-10,3966.0,True
2025-08-29,3855.0,3729.5,2.12,4.55,2.4,11.17,14.35,False,,CUMMINSIND.NS,2025-08-28,3835.199951171875,True
2025-08-29,3855.0,3729.5,2.12,4.55,2.4,11.17,14.35,False,,CUMMINSIND.NS,2025-08-28,3835.199951171875,True
2025-06-26,3319.89990234375,3248.10009765625,0.39,5.99,7.34,17.96,20.19,False,,CUMMINSIND.NS,2025-06-25,3318.89990234375,True
2025-03-20,3025.199951171875,2808.949951171875,-0.69,-5.96,-7.15,-7.15,-7.15,True,20.0,CUMMINSIND.NS,2025-03-19,3002.199951171875,False
2025-06-30,3377.39990234375,3212.199951171875,1.74,4.33,4.5,13.59,18.11,False,,CUMMINSIND.NS,2025-06-27,3337.199951171875,True
2025-11-18,4381.7001953125,4256.7001953125,-2.85,-2.85,-2.85,-2.85,-2.85,True,5.0,CUMMINSIND.NS,2025-11-17,4381.2001953125,False
2025-11-18,4381.7001953125,4256.7001953125,-2.85,-2.85,-2.85,-2.85,-2.85,True,5.0,CUMMINSIND.NS,2025-11-17,4381.2001953125,False
2026-04-10,4961.0,4563.5,4.82,5.49,5.59,13.09,12.45,False,,CUMMINSIND.NS,2026-04-09,4907.39990234375,True
2025-09-08,3699.800048828125,3436.89990234375,-1.54,-1.16,-7.11,-7.11,-7.11,True,20.0,ESCORTS.NS,2025-09-05,3690.5,True
2025-04-16,3297.0,3154.5,2.77,-2.38,-4.32,-4.32,-4.32,True,20.0,ESCORTS.NS,2025-04-15,3274.0,True
2025-12-03,1415.0,1399.300048828125,-1.11,-1.11,-1.11,-1.11,-1.11,True,5.0,BHARATFORG.NS,2025-12-02,1421.4000244140625,True
2025-05-30,1260.0,1217.0,2.89,3.91,3.94,-3.41,-3.41,True,40.0,BHARATFORG.NS,2025-05-29,1255.9000244140625,True
2025-05-30,1260.0,1217.0,2.89,3.91,3.94,-3.41,-3.41,True,40.0,BHARATFORG.NS,2025-05-29,1255.9000244140625,True
2025-12-17,1415.0,1347.5,2.51,3.49,3.0,22.08,23.39,False,,BHARATFORG.NS,2025-12-16,1417.4000244140625,True
2025-12-03,1415.0,1399.300048828125,-1.11,-1.11,-1.11,-1.11,-1.11,True,5.0,BHARATFORG.NS,2025-12-02,1421.4000244140625,True
2026-06-16,2040.0,1907.199951171875,5.5,5.1,3.91,,,False,,BHARATFORG.NS,2026-06-15,2020.5,True
2026-05-13,1912.9000244140625,1818.300048828125,-1.29,1.34,1.9,9.81,14.86,False,,BHARATFORG.NS,2026-05-12,1913.0,True
2026-07-20,2194.699951171875,2056.10009765625,-0.61,0.74,,,,False,,BHARATFORG.NS,2026-07-17,2190.5,False
2026-07-20,2194.699951171875,2056.10009765625,-0.61,0.74,,,,False,,BHARATFORG.NS,2026-07-17,2190.5,False
2025-06-30,144000.0,137010.0,-0.6,3.36,2.64,-1.12,6.77,False,,MRF.NS,2025-06-27,143215.0,True
2024-12-31,130990.0,127556.1015625,-2.62,-2.62,-2.62,-2.62,-2.62,True,5.0,MRF.NS,2024-12-30,131141.75,False
2024-12-31,130990.0,127556.1015625,-2.62,-2.62,-2.62,-2.62,-2.62,True,5.0,MRF.NS,2024-12-30,131141.75,False
2025-05-19,139410.0,135600.0,5.18,0.96,-2.73,-2.73,-2.73,True,20.0,MRF.NS,2025-05-16,140265.0,True
2025-07-30,149960.0,146550.0,-2.27,-2.27,-2.27,-2.27,-2.27,True,5.0,MRF.NS,2025-07-29,149355.0,False
2025-09-23,153000.0,145000.0,-4.69,1.44,6.08,-0.37,0.38,False,,MRF.NS,2025-09-22,152850.0,True
2026-07-31,135000.0,129550.0,,,,,,False,,MRF.NS,2026-07-30,134860.0,False
2024-10-16,3012.050048828125,2779.0,-2.22,-4.37,-7.74,-7.74,-7.74,True,20.0,BALKRISIND.NS,2024-10-15,3028.199951171875,False
2026-02-12,2679.60009765625,2478.0,-5.43,-7.52,-7.52,-7.52,-7.52,True,10.0,BALKRISIND.NS,2026-02-11,2679.60009765625,False
2024-10-16,139.36666870117188,130.24000549316406,-6.55,-6.55,-6.55,-6.55,-6.55,True,5.0,MOTHERSON.NS,2024-10-15,140.75999450683594,False
2024-10-16,139.36666870117188,130.24000549316406,-6.55,-6.55,-6.55,-6.55,-6.55,True,5.0,MOTHERSON.NS,2024-10-15,140.75999450683594,False
2026-06-16,148.10000610351562,140.55999755859375,-3.03,0.01,-5.09,,,True,20.0,MOTHERSON.NS,2026-06-15,148.1199951171875,True
2026-02-26,133.24000549316406,129.1199951171875,-3.09,-3.09,-3.09,-3.09,-3.09,True,5.0,MOTHERSON.NS,2026-02-25,133.24000549316406,False
2025-12-17,119.0,113.12999725341797,0.45,2.96,-4.93,-4.93,-4.93,True,20.0,MOTHERSON.NS,2025-12-16,119.56999969482422,True
2025-06-11,106.0,99.94000244140625,-5.72,-5.72,-5.72,-5.72,-5.72,True,5.0,MOTHERSON.NS,2025-06-10,105.88666534423828,False
2025-06-16,102.3133316040039,98.02666473388672,-4.19,-4.19,-4.19,-4.19,-4.19,True,5.0,MOTHERSON.NS,2025-06-13,102.67333221435547,True
2025-05-19,98.5,90.94666290283203,1.52,2.16,3.68,3.04,-7.67,True,60.0,MOTHERSON.NS,2025-05-16,98.02666473388672,True
2025-06-11,106.0,99.94000244140625,-5.72,-5.72,-5.72,-5.72,-5.72,True,5.0,MOTHERSON.NS,2025-06-10,105.88666534423828,False
2025-11-17,109.8499984741211,103.26000213623047,-0.57,6.1,9.52,4.62,18.5,False,,MOTHERSON.NS,2025-11-14,109.83999633789062,True
2025-11-17,109.8499984741211,103.26000213623047,-0.57,6.1,9.52,4.62,18.5,False,,MOTHERSON.NS,2025-11-14,109.83999633789062,True
2025-11-17,109.8499984741211,103.26000213623047,-0.57,6.1,9.52,4.62,18.5,False,,MOTHERSON.NS,2025-11-14,109.83999633789062,True
2025-11-26,110.20999908447266,108.13999938964844,5.77,5.51,8.46,-1.88,-1.88,True,40.0,MOTHERSON.NS,2025-11-25,110.20999908447266,True
2025-11-26,110.20999908447266,108.13999938964844,5.77,5.51,8.46,-1.88,-1.88,True,40.0,MOTHERSON.NS,2025-11-25,110.20999908447266,True
2026-06-16,148.10000610351562,140.55999755859375,-3.03,0.01,-5.09,,,True,20.0,MOTHERSON.NS,2026-06-15,148.1199951171875,True
2024-11-07,5755.0,5541.89990234375,-0.72,2.83,8.33,10.07,-3.7,True,60.0,PERSISTENT.NS,2024-11-06,5717.64990234375,True
2025-12-22,6370.0,6013.5,-2.94,-1.9,-0.43,-5.6,-5.6,True,40.0,PERSISTENT.NS,2025-12-19,6358.0,False
2025-06-27,6065.0,5867.5,-3.26,-3.26,-3.26,-3.26,-3.26,True,5.0,PERSISTENT.NS,2025-06-26,6055.5,False
2025-06-27,6065.0,5867.5,-3.26,-3.26,-3.26,-3.26,-3.26,True,5.0,PERSISTENT.NS,2025-06-26,6055.5,False
2025-12-22,6370.0,6013.5,-2.94,-1.9,-0.43,-5.6,-5.6,True,40.0,PERSISTENT.NS,2025-12-19,6358.0,False
2025-11-06,5926.5,5782.0,-2.44,-2.44,-2.44,-2.44,-2.44,True,5.0,PERSISTENT.NS,2025-11-04,5858.5,True
2026-05-11,5124.89990234375,4734.0,-7.63,-7.63,-7.63,-7.63,-7.63,True,5.0,PERSISTENT.NS,2026-05-08,5113.60009765625,False
2024-11-08,1576.0,1484.0,1.61,9.35,14.32,21.29,7.35,False,,COFORGE.NS,2024-11-07,1570.6700439453125,True
2025-06-25,1870.0,1744.5,3.0,3.28,-1.09,-6.71,-6.71,True,40.0,COFORGE.NS,2025-06-24,1862.0,False
2025-11-13,1830.0,1758.0,-3.93,-3.93,-3.93,-3.93,-3.93,True,5.0,COFORGE.NS,2025-11-12,1827.699951171875,True
2026-05-07,1294.9000244140625,1200.0,-1.57,6.34,10.94,11.35,34.91,False,,COFORGE.NS,2026-05-06,1280.4000244140625,True
2026-06-01,1438.199951171875,1366.0999755859375,-1.19,-5.01,-5.01,-5.01,,True,10.0,COFORGE.NS,2026-05-29,1421.800048828125,True
2025-09-11,2980.199951171875,2780.39990234375,0.68,-6.7,-6.7,-6.7,-6.7,True,10.0,MPHASIS.NS,2025-09-10,2968.39990234375,False
2025-08-26,2900.0,2784.5,-3.98,-3.98,-3.98,-3.98,-3.98,True,5.0,MPHASIS.NS,2025-08-25,2917.699951171875,True
2025-08-26,2900.0,2604.0,-0.24,2.36,-5.49,-2.8,-4.64,False,,MPHASIS.NS,2025-08-25,2917.699951171875,True
2025-08-26,2900.0,2784.5,-3.98,-3.98,-3.98,-3.98,-3.98,True,5.0,MPHASIS.NS,2025-08-25,2917.699951171875,True
2026-01-14,2876.10009765625,2761.60009765625,-3.98,-3.98,-3.98,-3.98,-3.98,True,5.0,MPHASIS.NS,2026-01-13,2873.699951171875,False
2024-09-30,2183.0,2138.14990234375,1.56,-2.05,-2.05,-2.05,-2.05,True,10.0,LUPIN.NS,2024-09-27,2218.5,False
2026-03-23,2319.699951171875,2306.0,-0.59,-0.59,-0.59,-0.59,-0.59,True,5.0,LUPIN.NS,2026-03-20,2322.5,True
2026-01-20,2177.10009765625,2139.699951171875,-1.72,-1.72,-1.72,-1.72,-1.72,True,5.0,LUPIN.NS,2026-01-19,2177.10009765625,True
2026-01-20,2177.10009765625,2139.699951171875,-1.72,-1.72,-1.72,-1.72,-1.72,True,5.0,LUPIN.NS,2026-01-19,2177.10009765625,True
2026-01-20,2177.10009765625,2139.699951171875,-1.72,-1.72,-1.72,-1.72,-1.72,True,5.0,LUPIN.NS,2026-01-19,2177.10009765625,True
2025-11-13,2051.60009765625,2015.0,-1.01,-1.78,-1.78,-1.78,-1.78,True,10.0,LUPIN.NS,2025-11-12,2033.9000244140625,False
2026-01-07,2161.0,2065.10009765625,1.61,-0.94,2.66,8.46,6.16,False,,LUPIN.NS,2026-01-06,2149.699951171875,True
2025-11-20,2035.0,1944.0999755859375,1.79,2.8,4.13,7.02,9.16,False,,LUPIN.NS,2025-11-19,2025.4000244140625,True
2026-07-30,1590.0,1550.0999755859375,-2.51,,,,,True,5.0,AUROPHARMA.NS,2026-07-29,1590.699951171875,False
2026-06-24,1540.300048828125,1428.0,0.8,1.11,-0.43,,,False,,AUROPHARMA.NS,2026-06-23,1534.199951171875,True
2025-12-02,1216.0,1189.5999755859375,-2.17,-2.17,-2.17,-2.17,-2.17,True,5.0,AUROPHARMA.NS,2025-12-01,1216.199951171875,False
2025-12-02,1216.0,1189.5999755859375,-2.17,-2.17,-2.17,-2.17,-2.17,True,5.0,AUROPHARMA.NS,2025-12-01,1216.199951171875,False
2025-11-03,1142.9000244140625,1080.0999755859375,2.21,8.43,6.33,3.51,5.67,False,,AUROPHARMA.NS,2025-10-31,1138.9000244140625,True
2026-05-06,1431.0,1386.5999755859375,4.65,6.04,0.66,8.5,11.16,False,,AUROPHARMA.NS,2026-05-05,1428.0999755859375,True
2026-07-30,1590.0,1550.0999755859375,-2.51,,,,,True,5.0,AUROPHARMA.NS,2026-07-29,1590.699951171875,False
2026-07-30,1590.0,1550.0999755859375,-2.51,,,,,True,5.0,AUROPHARMA.NS,2026-07-29,1590.699951171875,False
2024-10-07,3490.0,3364.050048828125,-0.0,-2.79,-3.61,-3.61,-3.61,True,20.0,TORNTPHARM.NS,2024-10-04,3473.550048828125,True
2025-08-25,3689.89990234375,3490.199951171875,-2.9,-1.26,-1.04,-5.41,-5.41,True,40.0,TORNTPHARM.NS,2025-08-22,3685.300048828125,False
2024-12-17,3362.050048828125,3302.0,1.11,1.68,-1.79,-1.79,-1.79,True,20.0,TORNTPHARM.NS,2024-12-16,3362.050048828125,False
2025-07-15,3404.0,3287.300048828125,2.92,10.7,6.52,5.28,3.78,False,,TORNTPHARM.NS,2025-07-14,3404.89990234375,True
2025-07-15,3404.0,3287.300048828125,2.92,10.7,6.52,5.28,3.78,False,,TORNTPHARM.NS,2025-07-14,3404.89990234375,True
2025-04-17,3226.800048828125,3167.050048828125,0.37,1.81,-1.85,-1.85,-1.85,True,20.0,TORNTPHARM.NS,2025-04-16,3222.699951171875,True
2025-05-16,3274.800048828125,3164.699951171875,-3.36,-3.36,-3.36,-3.36,-3.36,True,5.0,TORNTPHARM.NS,2025-05-15,3265.0,False
2025-07-15,3404.0,3287.300048828125,2.92,10.7,6.52,5.28,3.78,False,,TORNTPHARM.NS,2025-07-14,3404.89990234375,True
2025-12-05,3805.10009765625,3672.300048828125,-0.36,-0.13,1.7,6.32,14.08,False,,TORNTPHARM.NS,2025-12-04,3795.699951171875,True
2026-01-20,4105.0,3893.800048828125,-3.56,-5.14,-5.14,-5.14,-5.14,True,10.0,TORNTPHARM.NS,2026-01-19,4086.60009765625,True
2026-01-20,4105.0,3893.800048828125,-3.56,-5.14,-5.14,-5.14,-5.14,True,10.0,TORNTPHARM.NS,2026-01-19,4086.60009765625,True
2026-03-11,4450.0,4175.2001953125,-3.61,-6.18,-6.18,-6.18,-6.18,True,10.0,TORNTPHARM.NS,2026-03-10,4427.7998046875,True
2026-03-11,4450.0,4175.2001953125,-3.61,-6.18,-6.18,-6.18,-6.18,True,10.0,TORNTPHARM.NS,2026-03-10,4427.7998046875,False
2026-05-21,4517.7001953125,4264.0,0.44,-5.62,-5.62,-5.62,,True,10.0,TORNTPHARM.NS,2026-05-20,4429.2001953125,True
2026-07-27,4985.0,4695.10009765625,1.3,,,,,False,,TORNTPHARM.NS,2026-07-24,4961.5,True
2026-07-27,4985.0,4695.10009765625,1.3,,,,,False,,TORNTPHARM.NS,2026-07-24,4961.5,True
2026-02-11,5840.0,5586.5,-4.34,-4.34,-4.34,-4.34,-4.34,True,5.0,ALKEM.NS,2026-02-10,5811.5,False
2025-11-24,5739.5,5607.5,-2.3,-2.3,-2.3,-2.3,-2.3,True,5.0,ALKEM.NS,2025-11-21,5700.0,False
2025-04-17,4979.0,4611.85009765625,1.09,2.14,6.93,-2.23,-2.78,False,,ALKEM.NS,2025-04-16,4957.60009765625,True
2025-05-16,5300.0,4960.7001953125,-0.23,-3.8,-6.4,-6.4,-6.4,True,20.0,ALKEM.NS,2025-05-15,5277.0,True
2025-10-07,5536.5,5362.5,-0.79,0.2,-3.14,-3.14,-3.14,True,20.0,ALKEM.NS,2025-10-06,5494.0,True
2025-09-10,5359.5,5204.5,2.11,4.04,2.26,5.97,4.47,False,,ALKEM.NS,2025-09-09,5336.0,True
2025-11-24,5739.5,5607.5,-2.3,-2.3,-2.3,-2.3,-2.3,True,5.0,ALKEM.NS,2025-11-21,5700.0,False
2026-02-11,5840.0,5586.5,-4.34,-4.34,-4.34,-4.34,-4.34,True,5.0,ALKEM.NS,2026-02-10,5811.5,False
2026-05-08,5588.0,5193.5,-1.83,-3.28,-7.06,-7.06,-7.06,True,20.0,ALKEM.NS,2026-05-07,5590.5,False
2026-07-27,5693.5,5539.0,0.24,,,,,False,,ALKEM.NS,2026-07-24,5633.5,True
2025-06-30,355.0,340.1000061035156,4.82,6.79,9.14,-4.2,-4.2,True,40.0,BIOCON.NS,2025-06-27,354.3999938964844,True
2025-07-31,388.0,384.6000061035156,-0.88,-0.88,-0.88,-0.88,-0.88,True,5.0,BIOCON.NS,2025-07-30,397.29998779296875,False
2026-07-15,438.0,406.04998779296875,-0.01,-1.58,,,,False,,BIOCON.NS,2026-07-14,437.29998779296875,False
2026-07-15,438.0,406.04998779296875,-0.01,-1.58,,,,False,,BIOCON.NS,2026-07-14,437.29998779296875,False
2026-03-11,395.79998779296875,380.0,-3.99,-3.99,-3.99,-3.99,-3.99,True,5.0,BIOCON.NS,2026-03-10,395.79998779296875,False
2024-09-17,1466.0,1388.800048828125,0.95,1.73,12.94,2.65,4.64,False,,IPCALAB.NS,2024-09-16,1459.9000244140625,True
2024-12-31,1661.0,1543.75,4.52,-4.39,-7.06,-7.06,-7.06,True,20.0,IPCALAB.NS,2024-12-30,1662.949951171875,True
2026-03-13,1567.0,1432.0,-1.41,2.18,-8.62,-8.62,-8.62,True,20.0,IPCALAB.NS,2026-03-12,1560.800048828125,True
2026-03-13,1567.0,1432.0,-1.41,2.18,-8.62,-8.62,-8.62,True,20.0,IPCALAB.NS,2026-03-12,1560.800048828125,True
2026-03-12,1549.5999755859375,1471.800048828125,-0.34,2.35,-5.02,-5.02,-5.02,True,20.0,IPCALAB.NS,2026-03-11,1533.9000244140625,True
2026-03-30,1594.0,1509.0999755859375,-5.33,-5.33,-5.33,-5.33,-5.33,True,5.0,IPCALAB.NS,2026-03-27,1586.0,False
2026-07-10,1788.0,1691.0999755859375,6.3,-1.41,,,,False,,IPCALAB.NS,2026-07-09,1770.4000244140625,True
2025-07-17,117.5,107.5199966430664,-8.49,-8.49,-8.49,-8.49,-8.49,True,5.0,CANBK.NS,2025-07-16,117.02999877929688,False
2025-05-13,101.19999694824219,95.87000274658203,5.77,7.14,16.36,12.39,6.19,False,,CANBK.NS,2025-05-12,100.86000061035156,True
2025-04-07,83.69999694824219,86.80000305175781,3.7,3.7,3.7,3.7,3.7,True,5.0,CANBK.NS,2025-04-04,90.38999938964844,True
2025-07-17,117.5,104.5999984741211,-3.4,-8.72,-7.01,-10.98,-10.98,True,40.0,CANBK.NS,2025-07-16,117.02999877929688,False
2026-01-20,157.5,146.9600067138672,0.15,-6.69,-6.69,-6.69,-6.69,True,10.0,CANBK.NS,2026-01-19,156.86000061035156,False
2026-06-23,135.38999938964844,128.8000030517578,-4.87,-4.87,-4.87,,,True,5.0,CANBK.NS,2026-06-22,134.82000732421875,False
2025-11-17,122.69999694824219,118.86000061035156,-0.77,2.12,-3.13,-3.13,-3.13,True,20.0,PNB.NS,2025-11-14,122.20999908447266,True
2025-11-17,122.69999694824219,118.86000061035156,-0.77,2.12,-3.13,-3.13,-3.13,True,20.0,PNB.NS,2025-11-14,122.20999908447266,True
2025-07-16,112.37000274658203,109.86000061035156,-2.23,-2.23,-2.23,-2.23,-2.23,True,5.0,PNB.NS,2025-07-15,112.23999786376953,True
2025-07-01,110.6500015258789,100.5199966430664,1.23,1.44,-1.23,-8.31,0.68,False,,PNB.NS,2025-06-30,110.5,True
2025-07-01,110.6500015258789,100.5199966430664,1.23,1.44,-1.23,-8.31,0.68,False,,PNB.NS,2025-06-30,110.5,True
2025-04-17,98.77999877929688,90.08000183105469,0.52,0.63,-8.81,-8.81,-8.81,True,20.0,PNB.NS,2025-04-16,98.83000183105469,True
2025-10-07,114.54000091552734,107.30000305175781,0.64,2.73,5.17,4.36,9.44,False,,PNB.NS,2025-10-06,114.54000091552734,True
2026-06-22,108.9000015258789,104.37000274658203,-1.78,-4.16,-4.16,,,True,10.0,PNB.NS,2026-06-19,108.7699966430664,False
2024-10-29,249.89999389648438,239.0399932861328,3.2,1.12,-4.35,-4.35,-4.35,True,20.0,BANKBARODA.NS,2024-10-28,249.9199981689453,True
2025-11-19,287.8500061035156,280.95001220703125,-2.4,-2.4,-2.4,-2.4,-2.4,True,5.0,BANKBARODA.NS,2025-11-18,288.45001220703125,True
2025-07-01,248.7899932861328,241.0500030517578,-3.11,-3.11,-3.11,-3.11,-3.11,True,5.0,BANKBARODA.NS,2025-06-30,248.77999877929688,False
2025-04-17,241.0500030517578,219.0,2.38,3.35,-9.15,-9.15,-9.15,True,20.0,BANKBARODA.NS,2025-04-16,240.7899932861328,True
2026-02-10,290.6000061035156,270.5,4.35,7.74,-0.45,-6.92,-6.92,True,40.0,BANKBARODA.NS,2026-02-09,290.6000061035156,True
2025-11-17,289.0,283.1000061035156,-2.04,-2.04,-2.04,-2.04,-2.04,True,5.0,BANKBARODA.NS,2025-11-14,286.75,True
2026-01-01,296.5,285.20001220703125,1.03,3.78,0.98,-3.81,-3.81,True,40.0,BANKBARODA.NS,2025-12-31,295.8999938964844,True
2026-01-20,306.95001220703125,295.70001220703125,-3.67,-3.67,-3.67,-3.67,-3.67,True,5.0,BANKBARODA.NS,2026-01-19,307.1499938964844,False
2025-06-24,71.5,69.0999984741211,8.03,8.9,1.31,-3.36,-3.36,True,40.0,IDFCFIRSTB.NS,2025-06-23,71.01000213623047,True
2025-05-13,69.0,63.11000061035156,-2.64,-1.28,3.51,12.84,0.48,False,,IDFCFIRSTB.NS,2025-05-12,69.08000183105469,True
2025-11-17,81.01000213623047,78.72000122070312,-2.83,-2.83,-2.83,-2.83,-2.83,True,5.0,IDFCFIRSTB.NS,2025-11-14,80.43000030517578,True
2025-10-10,73.4000015258789,68.37000274658203,-2.07,6.31,9.93,10.23,14.99,False,,IDFCFIRSTB.NS,2025-10-09,73.44999694824219,True
2025-11-17,81.01000213623047,78.72000122070312,-2.83,-2.83,-2.83,-2.83,-2.83,True,5.0,IDFCFIRSTB.NS,2025-11-14,80.43000030517578,True
2026-02-04,84.80000305175781,83.37999725341797,-1.67,-1.67,-1.67,-1.67,-1.67,True,5.0,IDFCFIRSTB.NS,2026-02-03,84.8499984741211,False
2026-05-26,69.25,68.36000061035156,3.38,6.41,13.72,17.92,,False,,IDFCFIRSTB.NS,2026-05-25,69.45999908447266,True
2025-06-25,210.0,202.33999633789062,3.69,1.85,1.34,-3.65,-3.65,True,40.0,FEDERALBNK.NS,2025-06-24,209.22000122070312,True
2024-12-02,210.77999877929688,195.0399932861328,1.42,1.24,-7.47,-7.47,-7.47,True,20.0,FEDERALBNK.NS,2024-11-29,210.77999877929688,False
2025-04-17,194.00999450683594,188.8300018310547,1.28,-2.67,-2.67,-2.67,-2.67,True,10.0,FEDERALBNK.NS,2025-04-16,194.9199981689453,True
2025-04-17,194.00999450683594,188.8300018310547,1.28,-2.67,-2.67,-2.67,-2.67,True,10.0,FEDERALBNK.NS,2025-04-16,194.9199981689453,True
2025-06-25,210.0,202.33999633789062,3.69,1.85,1.34,-3.65,-3.65,True,40.0,FEDERALBNK.NS,2025-06-24,209.22000122070312,True
2026-01-19,271.45001220703125,253.1999969482422,4.97,5.18,6.41,0.02,8.95,False,,FEDERALBNK.NS,2026-01-16,270.25,True
2026-02-03,294.0,277.54998779296875,-4.0,-1.75,-2.57,-5.6,-5.6,True,40.0,FEDERALBNK.NS,2026-02-02,281.29998779296875,True
2026-05-08,297.0,280.0,-5.72,-5.72,-5.72,-5.72,-5.72,True,5.0,FEDERALBNK.NS,2026-05-07,297.04998779296875,True
2025-05-13,703.4000244140625,655.5,-2.26,-0.31,8.81,16.56,5.58,False,,AUBANK.NS,2025-05-12,703.4000244140625,True
2025-01-30,596.2000122070312,592.4000244140625,-0.64,-0.64,-0.64,-0.64,-0.64,True,5.0,AUBANK.NS,2025-01-29,595.9500122070312,False
2025-11-21,918.0,878.7999877929688,4.06,4.65,7.31,11.21,8.91,False,,AUBANK.NS,2025-11-20,919.2999877929688,True
2026-04-13,962.0,895.0499877929688,7.89,6.32,3.91,1.72,10.9,False,,AUBANK.NS,2026-04-10,981.7999877929688,True
2025-12-23,975.0,957.4000244140625,2.0,3.03,2.04,-1.81,-1.81,True,40.0,AUBANK.NS,2025-12-22,984.4500122070312,True
2026-02-10,1011.9000244140625,968.2999877929688,-1.2,-4.31,-4.31,-4.31,-4.31,True,10.0,AUBANK.NS,2026-02-09,1005.2999877929688,False
2026-05-11,1045.0,998.0,-4.5,-4.5,-4.5,-4.5,-4.5,True,5.0,AUBANK.NS,2026-05-08,1050.4000244140625,False
2026-06-25,1079.1500244140625,948.0,-2.05,-2.94,-9.31,,,False,,AUBANK.NS,2026-06-24,1067.199951171875,True
2026-07-07,1065.0,1015.5499877929688,-2.51,-4.64,-4.64,,,True,10.0,AUBANK.NS,2026-07-06,1061.4000244140625,False
2026-06-01,210.0,194.5,-3.38,-7.38,-7.38,-7.38,,True,10.0,BANDHANBNK.NS,2026-05-29,208.3000030517578,True
2025-06-26,182.0,172.0,1.06,-2.05,1.18,-5.49,-5.49,True,40.0,BANDHANBNK.NS,2025-06-25,181.99000549316406,False
2025-06-26,182.0,172.0,1.06,-2.05,1.18,-5.49,-5.49,True,40.0,BANDHANBNK.NS,2025-06-25,181.99000549316406,False
2025-05-15,168.1999969482422,161.75999450683594,-1.55,1.62,5.64,5.98,-1.23,False,,BANDHANBNK.NS,2025-05-14,167.02999877929688,True
2025-05-15,168.1999969482422,161.14999389648438,-1.55,1.62,5.64,5.98,-1.23,False,,BANDHANBNK.NS,2025-05-14,167.02999877929688,True
2025-05-15,168.1999969482422,161.75999450683594,-1.55,1.62,5.64,5.98,-1.23,False,,BANDHANBNK.NS,2025-05-14,167.02999877929688,True
2025-05-28,820.5,750.0,-0.75,1.93,1.13,3.74,-6.47,False,,INDUSINDBK.NS,2025-05-27,820.7000122070312,True
2025-07-03,849.0,823.7999877929688,0.45,1.9,-2.97,-2.97,-2.97,True,20.0,INDUSINDBK.NS,2025-07-02,857.6500244140625,False
2025-12-08,870.0999755859375,827.5,-4.9,-4.9,-4.9,-4.9,-4.9,True,5.0,INDUSINDBK.NS,2025-12-05,870.0999755859375,True
2025-12-08,870.0999755859375,827.5,-4.9,-4.9,-4.9,-4.9,-4.9,True,5.0,INDUSINDBK.NS,2025-12-05,870.0999755859375,True
2026-04-23,861.7000122070312,804.7999877929688,6.31,9.89,4.44,8.94,17.62,False,,INDUSINDBK.NS,2026-04-22,870.0999755859375,True
2026-04-23,861.7000122070312,771.7000122070312,6.31,9.89,4.44,8.94,17.62,False,,INDUSINDBK.NS,2026-04-22,870.0999755859375,True
2026-07-16,1018.0,989.7999877929688,-1.23,-2.77,,,,True,10.0,INDUSINDBK.NS,2026-07-15,1009.7000122070312,True
2026-07-02,941.5999755859375,900.1500244140625,7.81,7.64,7.42,,,False,,INDUSINDBK.NS,2026-07-01,941.5999755859375,True
2025-06-27,703.0499877929688,643.5,-3.83,-4.95,-8.47,-8.47,-8.47,True,20.0,SHRIRAMFIN.NS,2025-06-26,703.2000122070312,False
2025-04-02,640.0,615.5499877929688,-3.82,-3.82,-3.82,-3.82,-3.82,True,5.0,SHRIRAMFIN.NS,2025-04-01,637.4500122070312,True
2026-04-09,1010.0999755859375,870.2000122070312,2.66,0.12,-0.23,-8.59,5.3,False,,SHRIRAMFIN.NS,2026-04-08,1023.2000122070312,False
2026-04-09,1010.0999755859375,870.2000122070312,2.66,0.12,-0.23,-8.59,5.3,False,,SHRIRAMFIN.NS,2026-04-08,1023.2000122070312,False
2026-04-09,1010.0999755859375,870.2000122070312,2.66,0.12,-0.23,-8.59,5.3,False,,SHRIRAMFIN.NS,2026-04-08,1023.2000122070312,False
2026-07-22,1058.0,1005.0,-5.01,-5.01,,,,True,5.0,SHRIRAMFIN.NS,2026-07-21,1061.5,True
2026-07-22,1058.0,1005.0,-5.01,-5.01,,,,True,5.0,SHRIRAMFIN.NS,2026-07-21,1061.5,True
2025-11-11,1749.4000244140625,1686.0999755859375,-3.62,-3.62,-3.62,-3.62,-3.62,True,5.0,CHOLAFIN.NS,2025-11-10,1754.4000244140625,False
2025-02-20,1370.0,1300.5999755859375,2.24,6.38,11.63,12.66,20.06,False,,CHOLAFIN.NS,2025-02-19,1375.4000244140625,True
2025-02-20,1370.0,1300.5999755859375,2.24,6.38,11.63,12.66,20.06,False,,CHOLAFIN.NS,2025-02-19,1375.4000244140625,True
2025-03-21,1502.0,1408.75,1.2,-6.21,-6.21,-6.21,-6.21,True,10.0,CHOLAFIN.NS,2025-03-20,1493.199951171875,True
2025-11-11,1749.4000244140625,1686.0999755859375,-3.62,-3.62,-3.62,-3.62,-3.62,True,5.0,CHOLAFIN.NS,2025-11-10,1754.4000244140625,False
2025-10-07,1634.0999755859375,1562.0,0.71,2.22,3.02,2.55,-4.41,True,60.0,CHOLAFIN.NS,2025-10-06,1634.0999755859375,True
2025-10-07,1634.0999755859375,1562.0,0.71,2.22,3.02,2.55,-4.41,True,60.0,CHOLAFIN.NS,2025-10-06,1634.0999755859375,True
2025-10-07,1634.0999755859375,1562.0,0.71,2.22,3.02,2.55,-4.41,True,60.0,CHOLAFIN.NS,2025-10-06,1634.0999755859375,True
2026-08-03,1870.4000244140625,1755.300048828125,,,,,,False,,CHOLAFIN.NS,2026-07-31,1849.9000244140625,True
2026-08-03,1870.4000244140625,1660.4000244140625,,,,,,False,,CHOLAFIN.NS,2026-07-31,1849.9000244140625,True
