symbol,outcome,trade_status,p0_date,p0_price,bos1_date,bos1_price,p1_date,p1_price,retest_date,retest_price,reaccumulation_start_date,reaccum_bars,reaccum_reversal_date,reaccum_reversal_price,num_reaccum_reversals,pre_bos2_ready_date,bos2_date,bos2_price,signal_date,signal_price,entry_date,entry_price,stop_price,ret_5d_pct,ret_10d_pct,ret_20d_pct,ret_40d_pct,ret_60d_pct,stopped_out,stopped_out_within_days,eventually_confirmed,invalidated_date,timeout_date
RELIANCE.NS,BOS2_CONFIRMED,STOPPED_OUT,2024-10-28,1353.0,2025-04-28,1368.8,2025-05-05,1439.5,2025-05-09,1374.5,2025-05-12,30.0,2025-06-16,1437.8,4,2025-05-19,2025-06-20,1466.2,2025-06-16,1437.8,2025-06-17,1448.0,1374.5,0.19,5.55,2.58,-5.08,-5.08,True,40.0,True,,
RELIANCE.NS,BOS2_CONFIRMED,STOPPED_OUT,2025-05-13,1439.5,2025-05-15,1454.2,2025-05-15,1461.4,2025-05-22,1396.9,2025-05-23,25.0,2025-06-16,1437.8,3,2025-05-29,2025-06-26,1495.3,2025-06-16,1437.8,2025-06-17,1448.0,1396.9,0.19,5.55,2.58,-3.53,-3.53,True,40.0,True,,
RELIANCE.NS,BOS2_CONFIRMED,STOPPED_OUT,2025-06-24,1471.0,2025-06-26,1495.3,2025-07-09,1551.0,2025-07-29,1383.0,2025-07-30,81.0,2025-11-06,1496.1,5,2025-11-12,2025-11-26,1569.9,2025-11-06,1496.1,2025-11-07,1494.6,1383.0,1.63,3.48,3.08,5.59,-7.47,True,60.0,True,,
RELIANCE.NS,INVALIDATED,STOPPED_OUT,2025-11-25,1557.8,2025-11-26,1569.9,2025-11-28,1581.3,2025-12-04,1517.6,2025-12-05,32.0,2025-12-31,1570.4,3,2025-12-11,,,2025-12-31,1570.4,2026-01-01,1573.7,1517.6,-3.56,-3.56,-3.56,-3.56,-3.56,True,5.0,False,2026-01-20,
HDFCBANK.NS,BOS2_CONFIRMED,STOPPED_OUT,2025-04-16,940.0,2025-04-17,953.35,2025-04-23,989.45,2025-04-25,945.9,2025-04-28,43.0,2025-06-16,967.7,4,2025-05-05,2025-06-26,1010.9,2025-06-16,967.7,2025-06-17,968.5,945.9,1.23,3.88,3.02,1.7,-2.33,True,60.0,True,,
HDFCBANK.NS,TIMEOUT,STOPPED_OUT,2025-06-06,998.15,2025-06-26,1010.9,2025-06-26,1013.55,2025-07-18,976.5,2025-07-21,89.0,2025-11-27,1009.5,8,2025-07-25,,,2025-11-27,1009.5,2025-11-28,1007.0,976.5,-0.37,-0.55,-3.03,-3.03,-3.03,True,20.0,False,,2025-11-27
ICICIBANK.NS,BOS2_CONFIRMED,COMPLETE,2025-03-24,1373.0,2025-04-17,1406.7,2025-05-08,1448.9,2025-05-09,1387.0,2025-05-12,14.0,2025-05-23,1449.8,2,2025-05-16,2025-05-29,1456.5,2025-05-23,1449.8,2025-05-26,1458.0,1387.0,-0.51,-1.59,-2.6,0.53,-1.49,False,,True,,
ICICIBANK.NS,BOS2_CONFIRMED,STOPPED_OUT,2025-05-12,1448.9,2025-05-15,1450.8,2025-05-26,1471.6,2025-06-04,1426.4,2025-06-05,41.0,2025-06-16,1426.9,1,2025-06-11,2025-07-31,1481.4,2025-06-16,1426.9,2025-06-17,1426.9,1426.4,-0.04,-0.04,-0.04,-0.04,-0.04,True,5.0,True,,
ICICIBANK.NS,INVALIDATED,STOPPED_OUT,2025-05-26,1471.6,2025-07-22,1473.6,2025-07-25,1500.0,2025-08-14,1412.0,2025-08-18,55.0,2025-10-01,1372.0,3,,,,2025-10-01,1372.0,2025-10-03,1371.9,1412.0,2.92,2.92,2.92,2.92,2.92,True,5.0,False,2025-11-06,
ICICIBANK.NS,STILL_OPEN,"OPEN (still within holding period, more horizons pending)",2026-02-13,1443.9,2026-07-17,1444.3,2026-07-20,1480.0,2026-07-24,1415.4,2026-07-27,,2026-07-27,1445.7,1,2026-08-03,,,2026-07-27,1445.7,2026-07-28,1442.3,1415.4,0.85,,,,,False,,False,,
INFY.NS,INVALIDATED,STOPPED_OUT,2025-12-19,1654.9,2025-12-22,1689.6,2025-12-22,1693.2,2026-01-05,1583.1,2026-01-06,26.0,2026-01-16,1689.8,2,2026-01-16,,,2026-01-16,1689.8,2026-01-19,1685.0,1583.1,-0.14,-1.72,-6.05,-6.05,-6.05,True,20.0,False,2026-02-11,
SBIN.NS,BOS2_CONFIRMED,COMPLETE,2025-09-24,880.5,2025-10-10,880.65,2025-11-26,999.0,2025-12-04,944.45,2025-12-05,21.0,2025-12-31,982.2,2,2025-12-17,2026-01-05,1005.55,2025-12-31,982.2,2026-01-01,983.2,944.45,1.51,4.59,9.56,22.22,3.52,False,,True,,
SBIN.NS,BOS2_CONFIRMED,COMPLETE,2025-11-06,971.4,2025-11-17,973.35,2025-11-26,999.0,2025-12-04,944.45,2025-12-05,21.0,2025-12-31,982.2,2,2025-12-17,2026-01-05,1005.55,2025-12-31,982.2,2026-01-01,983.2,944.45,1.51,4.59,9.56,22.22,3.52,False,,True,,
SBIN.NS,BOS2_CONFIRMED,STOPPED_OUT,2026-01-06,1024.0,2026-01-13,1028.45,2026-01-30,1082.5,2026-02-02,990.0,2026-02-03,5.0,2026-02-04,1068.2,1,,2026-02-09,1146.0,2026-02-04,1068.2,2026-02-05,1068.2,990.0,11.63,12.87,7.0,-7.32,-7.32,True,40.0,True,,
SBIN.NS,BOS2_CONFIRMED,STOPPED_OUT,2026-01-22,1055.5,2026-01-28,1063.5,2026-01-30,1082.5,2026-02-02,990.0,2026-02-03,5.0,2026-02-04,1068.2,1,,2026-02-09,1146.0,2026-02-04,1068.2,2026-02-05,1068.2,990.0,11.63,12.87,7.0,-7.32,-7.32,True,40.0,True,,
BAJFINANCE.NS,BOS2_CONFIRMED,STOPPED_OUT,2025-03-19,873.9,2025-03-21,891.61,2025-03-25,926.01,2025-03-27,882.22,2025-03-28,46.0,2025-05-12,901.85,3,2025-04-15,2025-06-06,937.15,2025-05-12,901.85,2025-05-13,900.4,882.22,0.83,1.85,5.48,3.03,-2.02,True,60.0,True,,
BAJFINANCE.NS,BOS2_CONFIRMED,STOPPED_OUT,2025-06-09,978.8,2025-09-12,1003.25,2025-09-15,1025.7,2025-09-19,988.6,2025-09-22,17.0,2025-10-15,1059.9,3,2025-09-30,2025-10-15,1059.9,2025-10-15,1059.9,2025-10-16,1062.0,988.6,2.61,-1.81,-3.31,-6.91,-6.91,True,40.0,True,,
BAJFINANCE.NS,INVALIDATED,STOPPED_OUT,2025-09-24,1036.0,2025-10-13,1036.75,2025-10-23,1102.5,2025-11-03,1031.0,2025-11-04,57.0,2025-12-24,1011.7,4,,,,2025-12-24,1011.7,2025-12-26,1011.7,1031.0,1.91,1.91,1.91,1.91,1.91,True,5.0,False,2026-01-23,
BAJFINANCE.NS,BOS2_CONFIRMED,"OPEN (still within holding period, more horizons pending)",2026-07-07,1052.9,2026-07-17,1056.3,2026-07-21,1074.4,2026-07-24,1001.3,2026-07-27,5.0,2026-07-27,1048.3,1,,2026-07-31,1141.2,2026-07-27,1048.3,2026-07-28,1049.0,1001.3,9.53,,,,,False,,True,,
BHARTIARTL.NS,BOS2_CONFIRMED,STOPPED_OUT,2025-04-07,1774.75,2025-04-15,1798.8,2025-04-21,1904.3,2025-04-23,1836.1,2025-04-24,41.0,2025-06-04,1875.4,3,2025-04-30,2025-06-20,1936.7,2025-06-04,1875.4,2025-06-05,1884.0,1836.1,-2.54,-2.54,-2.54,-2.54,-2.54,True,5.0,True,,
BHARTIARTL.NS,BOS2_CONFIRMED,COMPLETE,2025-05-07,1917.0,2025-06-20,1936.7,2025-07-02,2045.8,2025-07-22,1883.0,2025-07-23,66.0,2025-10-06,1903.1,3,2025-10-17,2025-10-28,2090.2,2025-10-06,1903.1,2025-10-07,1900.0,1883.0,2.45,7.55,10.26,10.73,10.86,False,,True,,
BHARTIARTL.NS,INVALIDATED,STOPPED_OUT,2025-11-04,2135.6,2025-11-18,2149.2,2025-11-21,2174.5,2025-12-11,2038.0,2025-12-12,52.0,2025-12-31,2105.6,2,2025-12-22,,,2025-12-31,2105.6,2026-01-01,2114.8,2038.0,-2.29,-3.63,-3.63,-3.63,-3.63,True,10.0,False,2026-02-25,
KOTAKBANK.NS,BOS2_CONFIRMED,STOPPED_OUT,2025-03-17,399.54,2025-03-19,404.31,2025-03-25,440.5,2025-03-27,422.37,2025-03-28,58.0,2025-06-16,427.8,3,2025-04-17,2025-06-24,444.72,2025-06-16,427.8,2025-06-17,427.8,422.37,-1.27,-1.27,-1.27,-1.27,-1.27,True,5.0,True,,
KOTAKBANK.NS,INVALIDATED,STOPPED_OUT,2025-03-25,440.5,2025-04-21,448.28,2025-04-22,460.38,2025-04-25,435.64,2025-04-28,65.0,2025-07-07,429.96,5,,,,2025-07-07,429.96,2025-07-08,437.0,435.64,-0.31,-0.31,-0.31,-0.31,-0.31,True,5.0,False,2025-07-28,
LT.NS,BOS2_CONFIRMED,STOPPED_OUT,2025-10-10,3799.0,2025-10-15,3828.7,2025-10-30,4062.6,2025-11-07,3831.1,2025-11-10,75.0,2026-01-29,3932.9,3,2025-11-14,2026-02-24,4259.2,2026-01-29,3932.9,2026-01-30,3902.5,3831.1,-1.83,-1.83,-1.83,-1.83,-1.83,True,5.0,True,,
LT.NS,BOS2_CONFIRMED,STOPPED_OUT,2025-11-26,4062.6,2025-11-27,4081.3,2025-11-27,4140.0,2025-12-09,3949.1,2025-12-10,53.0,2026-01-29,3932.9,4,2025-12-16,2026-02-24,4259.2,2026-01-29,3932.9,2026-01-30,3902.5,3949.1,1.19,1.19,1.19,1.19,1.19,True,5.0,True,,
AXISBANK.NS,BOS2_CONFIRMED,STOPPED_OUT,2026-01-28,1327.0,2026-01-29,1363.7,2026-01-30,1378.7,2026-02-02,1302.9,2026-02-03,18.0,2026-02-16,1358.3,1,2026-02-09,2026-02-26,1395.5,2026-02-16,1358.3,2026-02-17,1358.3,1302.9,2.16,-0.52,-4.08,-4.08,-4.08,True,20.0,True,,
MARUTI.NS,TIMEOUT,STOPPED_OUT,2025-05-16,13086.0,2025-08-18,14068.0,2025-09-04,15240.0,2026-01-30,14300.0,2026-02-02,89.0,2026-06-04,13064.0,3,2026-02-06,,,2026-06-04,13064.0,2026-06-05,13151.0,14300.0,8.74,8.74,8.74,8.74,8.74,True,5.0,False,,2026-06-11
MARUTI.NS,BOS2_CONFIRMED,STOPPED_OUT,2025-09-04,15240.0,2025-09-08,15258.0,2025-09-26,16435.0,2025-10-06,15708.0,2025-10-07,58.0,2025-12-22,16649.0,2,2025-10-13,2025-12-30,16647.0,2025-12-22,16649.0,2025-12-23,16709.0,15708.0,-0.07,0.6,-5.99,-5.99,-5.99,True,20.0,True,,
SUNPHARMA.NS,TIMEOUT,STOPPED_OUT,2025-11-17,1765.0,2025-11-19,1784.1,2025-12-01,1849.0,2025-12-03,1782.5,2025-12-04,89.0,2026-04-07,1718.0,4,2025-12-11,,,2026-04-07,1718.0,2026-04-08,1730.0,1782.5,3.03,3.03,3.03,3.03,3.03,True,5.0,False,,2026-04-16
SUNPHARMA.NS,BOS2_CONFIRMED,STOPPED_OUT,2026-05-06,1857.8,2026-05-11,1872.7,2026-05-11,1885.8,2026-05-13,1820.0,2026-05-14,41.0,2026-06-12,1807.7,1,2026-05-20,2026-07-09,1938.7,2026-06-12,1807.7,2026-06-15,1818.0,1820.0,0.11,0.11,0.11,0.11,0.11,True,5.0,True,,
TITAN.NS,BOS2_CONFIRMED,COMPLETE,2025-05-15,3665.0,2025-06-26,3694.7,2025-07-01,3726.5,2025-07-14,3344.0,2025-07-15,77.0,2025-11-04,3813.5,6,2025-08-21,2025-11-04,3813.5,2025-11-04,3813.5,2025-11-06,3780.0,3344.0,1.57,3.24,0.54,7.19,4.58,False,,True,,
TITAN.NS,BOS2_CONFIRMED,COMPLETE,2025-11-12,3877.0,2025-11-18,3879.2,2025-11-20,3956.0,2025-12-09,3751.0,2025-12-10,12.0,2025-12-12,3880.2,1,2025-12-16,2025-12-26,3992.0,2025-12-12,3880.2,2025-12-15,3861.3,3751.0,1.88,2.92,9.79,10.04,6.95,False,,True,,
TITAN.NS,BOS2_CONFIRMED,STOPPED_OUT,2025-12-19,3961.9,2025-12-26,3992.0,2026-01-07,4312.1,2026-01-12,4145.0,2026-01-13,57.0,2026-02-17,4236.4,2,2026-02-09,2026-04-08,4492.5,2026-02-17,4236.4,2026-02-18,4251.0,4145.0,1.74,-2.49,-2.49,-2.49,-2.49,True,10.0,True,,
TITAN.NS,BOS2_CONFIRMED,"OPEN (still within holding period, more horizons pending)",2026-02-11,4378.4,2026-04-08,4492.5,2026-04-16,4554.0,2026-04-17,4330.0,2026-04-20,57.0,2026-06-30,4404.0,5,2026-04-27,2026-07-07,4604.2,2026-06-30,4404.0,2026-07-01,4469.0,4330.0,2.63,2.47,8.53,,,False,,True,,
ADANIENT.NS,BOS2_CONFIRMED,"OPEN (still within holding period, more horizons pending)",2026-05-04,2501.9,2026-05-06,2540.3,2026-05-07,2549.9,2026-05-12,2400.1,2026-05-13,5.0,2026-05-14,2712.9,1,,2026-05-19,2725.0,2026-05-14,2712.9,2026-05-15,2781.1,2400.1,-2.29,5.62,5.05,13.53,,False,,True,,
ADANIENT.NS,BOS2_CONFIRMED,"OPEN (still within holding period, more horizons pending)",2026-05-15,2803.1,2026-05-25,2849.7,2026-05-27,3027.5,2026-06-02,2865.2,2026-06-03,21.0,2026-06-18,3013.4,2,2026-06-09,2026-07-01,3143.6,2026-06-18,3013.4,2026-06-19,3017.0,2865.2,0.7,6.47,4.76,,,False,,True,,
ADANIENT.NS,STILL_OPEN,STOPPED_OUT,2026-06-25,3105.0,2026-07-01,3143.6,2026-07-06,3245.0,2026-07-09,3026.8,2026-07-10,,2026-07-10,3157.3,1,2026-07-16,,,2026-07-10,3157.3,2026-07-13,3127.3,3026.8,1.79,-3.21,-3.21,-3.21,-3.21,True,10.0,False,,
ULTRACEMCO.NS,BOS2_CONFIRMED,STOPPED_OUT,2024-12-16,12145.35,2025-04-24,12159.0,2025-04-28,12339.0,2025-05-09,11313.0,2025-05-12,38.0,2025-06-05,11159.0,2,2025-06-27,2025-07-02,12436.0,2025-06-05,11159.0,2025-06-06,11180.0,11313.0,1.19,1.19,1.19,1.19,1.19,True,5.0,True,,
ULTRACEMCO.NS,BOS2_CONFIRMED,STOPPED_OUT,2025-04-28,12339.0,2025-07-02,12436.0,2025-07-21,12714.0,2025-08-01,12075.0,2025-08-04,11.0,2025-08-11,12405.0,1,2025-08-11,2025-08-19,12863.0,2025-08-11,12405.0,2025-08-12,12447.0,12075.0,3.43,0.59,-0.44,-2.99,-2.99,True,40.0,True,,
ASIANPAINT.NS,INVALIDATED,STOPPED_OUT,2025-09-05,2602.0,2025-11-06,2602.9,2025-12-04,2985.7,2025-12-12,2746.0,2025-12-15,54.0,2026-02-17,2437.4,4,2026-01-12,,,2026-02-17,2437.4,2026-02-18,2440.0,2746.0,12.54,12.54,12.54,12.54,12.54,True,5.0,False,2026-03-02,
ASIANPAINT.NS,INVALIDATED,STOPPED_OUT,2025-11-17,2926.9,2025-12-02,2954.4,2025-12-04,2985.7,2025-12-12,2746.0,2025-12-15,30.0,2026-01-05,2815.6,2,2026-01-12,,,2026-01-05,2815.6,2026-01-06,2820.0,2746.0,2.35,-2.62,-2.62,-2.62,-2.62,True,10.0,False,2026-01-27,
NESTLEIND.NS,BOS2_CONFIRMED,STOPPED_OUT,2025-04-24,1257.5,2025-10-16,1276.6,2025-10-17,1311.6,2025-11-04,1250.7,2025-11-06,48.0,2025-11-19,1279.0,2,2025-11-12,2026-01-13,1318.7,2025-11-19,1279.0,2025-11-20,1288.0,1250.7,-1.68,-2.9,-2.9,-2.9,-2.9,True,10.0,True,,
NESTLEIND.NS,BOS2_CONFIRMED,"OPEN (still within holding period, more horizons pending)",2026-02-03,1340.4,2026-04-21,1379.9,2026-05-11,1498.1,2026-05-20,1398.5,2026-05-21,51.0,2026-07-20,1446.3,5,2026-07-01,2026-07-30,1520.7,2026-07-20,1446.3,2026-07-21,1451.5,1398.5,2.78,4.72,,,,False,,True,,
BAJAJFINSV.NS,TIMEOUT,STOPPED_OUT,2025-03-28,2022.0,2025-04-17,2035.3,2025-04-24,2135.0,2025-04-25,2023.1,2025-04-28,89.0,2025-09-01,1943.5,6,,,,2025-09-01,1943.5,2025-09-02,1945.0,2023.1,4.02,4.02,4.02,4.02,4.02,True,5.0,False,,2025-09-02
BAJAJFINSV.NS,INVALIDATED,STOPPED_OUT,2025-04-24,2135.0,2025-10-20,2139.8,2025-10-23,2195.0,2025-11-07,2042.8,2025-11-10,55.0,2026-01-13,2011.2,4,,,,2026-01-13,2011.2,2026-01-14,2003.5,2042.8,1.96,1.96,1.96,1.96,1.96,True,5.0,False,2026-01-27,
NTPC.NS,BOS2_CONFIRMED,COMPLETE,2025-09-25,350.8,2026-01-02,352.1,2026-01-05,354.8,2026-01-12,333.7,2026-01-13,12.0,2026-01-28,348.05,2,2026-01-27,2026-01-29,358.15,2026-01-28,348.05,2026-01-29,350.0,333.7,4.86,5.21,9.11,5.9,14.04,False,,True,,
NTPC.NS,BOS2_CONFIRMED,STOPPED_OUT,2026-01-05,354.8,2026-01-29,358.15,2026-02-25,388.55,2026-03-02,365.0,2026-03-04,7.0,2026-03-05,378.05,1,2026-03-10,2026-03-12,390.55,2026-03-05,378.05,2026-03-06,377.0,365.0,1.98,1.05,-3.18,-3.18,-3.18,True,20.0,True,,
NTPC.NS,BOS2_CONFIRMED,STOPPED_OUT,2026-02-12,372.0,2026-02-20,372.95,2026-02-25,388.55,2026-03-02,365.0,2026-03-04,7.0,2026-03-05,378.05,1,2026-03-10,2026-03-12,390.55,2026-03-05,378.05,2026-03-06,377.0,365.0,1.98,1.05,-3.18,-3.18,-3.18,True,20.0,True,,
NTPC.NS,INVALIDATED,STOPPED_OUT,2026-04-16,397.25,2026-04-20,398.0,2026-04-27,414.4,2026-05-06,391.65,2026-05-07,24.0,2026-05-27,398.15,1,,,,2026-05-27,398.15,2026-05-28,398.15,391.65,-1.63,-1.63,-1.63,-1.63,-1.63,True,5.0,False,2026-06-09,
POWERGRID.NS,TIMEOUT,STOPPED_OUT,2026-02-11,297.65,2026-02-16,300.5,2026-02-25,311.7,2026-03-02,289.5,2026-03-04,89.0,2026-06-05,285.65,5,2026-03-12,,,2026-06-05,285.65,2026-06-08,283.0,289.5,2.3,2.3,2.3,2.3,2.3,True,5.0,False,,2026-07-10
POWERGRID.NS,INVALIDATED,STOPPED_OUT,2026-02-25,311.7,2026-04-15,312.45,2026-04-27,324.95,2026-05-13,295.65,2026-05-14,40.0,2026-06-05,285.65,2,,,,2026-06-05,285.65,2026-06-08,283.0,295.65,4.47,4.47,4.47,4.47,4.47,True,5.0,False,2026-07-08,
ONGC.NS,BOS2_CONFIRMED,COMPLETE,2025-11-03,258.5,2026-01-28,268.58,2026-01-29,277.77,2026-02-02,247.6,2026-02-03,20.0,2026-02-19,274.65,1,2026-02-10,2026-03-02,282.2,2026-02-19,274.65,2026-02-20,277.4,247.6,0.83,-2.38,-4.31,2.67,4.54,False,,True,,
ONGC.NS,INVALIDATED,STOPPED_OUT,2026-03-02,293.0,2026-04-28,301.3,2026-04-29,307.5,2026-05-11,277.65,2026-05-12,21.0,2026-06-03,267.75,2,2026-05-20,,,2026-06-03,267.75,2026-06-04,266.7,277.65,4.11,4.11,4.11,4.11,4.11,True,5.0,False,2026-06-09,
COALINDIA.NS,BOS2_CONFIRMED,STOPPED_OUT,2025-12-24,412.4,2026-01-02,427.9,2026-01-05,436.7,2026-01-12,415.65,2026-01-13,11.0,2026-01-22,423.2,2,2026-01-19,2026-01-28,444.05,2026-01-22,423.2,2026-01-23,424.0,415.65,-1.97,-1.97,-1.97,-1.97,-1.97,True,5.0,True,,
COALINDIA.NS,BOS2_CONFIRMED,STOPPED_OUT,2026-01-29,461.55,2026-03-12,470.1,2026-03-13,476.0,2026-03-18,449.2,2026-03-19,26.0,2026-03-30,450.45,1,2026-04-07,2026-04-29,479.9,2026-03-30,450.45,2026-04-01,464.0,449.2,-3.19,-3.19,-3.19,-3.19,-3.19,True,5.0,True,,
COALINDIA.NS,INVALIDATED,STOPPED_OUT,2026-03-13,476.0,2026-04-29,479.9,2026-04-30,491.25,2026-05-07,456.1,2026-05-08,49.0,2026-06-29,444.85,4,2026-06-04,,,2026-06-29,444.85,2026-06-30,445.6,456.1,2.36,2.36,2.36,2.36,2.36,True,5.0,False,2026-07-15,
TATASTEEL.NS,BOS2_CONFIRMED,COMPLETE,2025-05-20,160.1,2025-05-21,161.64,2025-05-26,165.55,2025-06-06,154.25,2025-06-09,61.0,2025-09-01,156.17,7,2025-06-27,2025-09-03,167.85,2025-09-01,156.17,2025-09-02,156.17,154.25,8.31,10.15,8.07,18.04,7.55,False,,True,,
TATASTEEL.NS,BOS2_CONFIRMED,STOPPED_OUT,2025-09-08,169.3,2025-09-10,169.43,2025-09-24,174.44,2025-10-01,166.13,2025-10-03,5.0,2025-10-03,173.21,1,,2025-10-09,176.42,2025-10-03,173.21,2025-10-06,173.3,166.13,-0.16,-0.78,3.46,-4.14,-4.14,True,40.0,True,,
TATASTEEL.NS,BOS2_CONFIRMED,COMPLETE,2025-10-27,177.82,2025-10-28,181.81,2025-10-29,186.94,2025-11-07,175.01,2025-11-10,47.0,2026-01-12,183.24,4,2026-01-01,2026-01-14,189.25,2026-01-12,183.24,2026-01-13,183.5,175.01,0.03,5.64,13.13,5.43,13.74,False,,True,,
TATASTEEL.NS,BOS2_CONFIRMED,COMPLETE,2026-01-06,187.85,2026-01-14,189.25,2026-01-16,191.0,2026-01-21,180.88,2026-01-22,5.0,2026-01-22,189.1,1,,2026-01-29,202.32,2026-01-22,189.1,2026-01-23,190.5,180.88,-1.04,6.04,9.26,0.15,11.95,False,,True,,
TATASTEEL.NS,BOS2_CONFIRMED,STOPPED_OUT,2026-01-27,192.4,2026-01-28,193.85,2026-01-29,202.99,2026-02-02,182.55,2026-02-03,6.0,2026-02-04,195.4,1,2026-02-09,2026-02-10,208.01,2026-02-04,195.4,2026-02-05,193.0,182.55,7.83,6.43,2.83,-5.41,-5.41,True,40.0,True,,
TATASTEEL.NS,BOS2_CONFIRMED,STOPPED_OUT,2026-02-09,202.99,2026-02-10,208.01,2026-02-10,211.1,2026-02-16,200.55,2026-02-17,7.0,2026-02-18,209.03,1,2026-02-23,2026-02-25,214.64,2026-02-18,209.03,2026-02-19,211.0,200.55,2.14,-4.95,-4.95,-4.95,-4.95,True,10.0,True,,
JSWSTEEL.NS,BOS2_CONFIRMED,STOPPED_OUT,2025-08-20,1089.2,2025-09-08,1101.4,2025-09-26,1167.9,2025-09-29,1119.7,2025-09-30,19.0,2025-10-16,1172.1,1,2025-10-07,2025-10-28,1184.2,2025-10-16,1172.1,2025-10-17,1175.0,1119.7,-2.08,1.7,-1.02,-4.71,-4.71,True,40.0,True,,
JSWSTEEL.NS,BOS2_CONFIRMED,STOPPED_OUT,2025-10-09,1178.8,2025-10-28,1184.2,2025-10-29,1223.9,2025-11-07,1151.2,2025-11-10,57.0,2026-01-27,1222.0,4,2026-01-07,2026-01-29,1237.5,2026-01-27,1222.0,2026-01-28,1232.0,1151.2,-0.31,1.4,3.49,-6.56,-6.56,True,40.0,True,,
HINDALCO.NS,BOS2_CONFIRMED,COMPLETE,2025-09-01,720.9,2025-09-02,720.95,2025-09-25,769.1,2025-09-26,731.95,2025-09-29,8.0,2025-09-29,753.8,1,2025-10-07,2025-10-09,774.1,2025-09-29,753.8,2025-09-30,759.95,731.95,1.09,0.57,13.34,6.38,13.82,False,,True,,
HINDALCO.NS,BOS2_CONFIRMED,COMPLETE,2025-09-30,769.1,2025-10-03,780.35,2025-10-03,790.6,2025-10-14,754.45,2025-10-15,7.0,2025-10-20,786.35,1,2025-10-21,2025-10-24,824.45,2025-10-20,786.35,2025-10-21,791.0,754.45,8.25,-0.33,1.11,8.31,18.16,False,,True,,
HINDALCO.NS,BOS2_CONFIRMED,COMPLETE,2025-10-21,790.6,2025-10-23,792.4,2025-10-30,864.0,2025-11-06,770.15,2025-11-07,37.0,2025-11-25,789.35,2,2025-12-12,2025-12-30,884.15,2025-11-25,789.35,2025-11-26,790.15,770.15,3.31,4.0,9.4,19.53,18.42,False,,True,,
HINDALCO.NS,BOS2_CONFIRMED,STOPPED_OUT,2025-12-19,864.4,2025-12-22,864.55,2026-01-06,970.8,2026-01-09,894.0,2026-01-12,12.0,2026-01-28,998.2,2,2026-01-22,2026-01-28,998.2,2026-01-28,998.2,2026-01-29,1010.25,894.0,-7.4,-4.54,-11.51,-11.51,-11.51,True,20.0,True,,
GRASIM.NS,BOS2_CONFIRMED,COMPLETE,2025-04-21,2787.3,2025-05-15,2824.8,2025-05-16,2845.0,2025-06-02,2511.0,2025-06-03,18.0,2025-06-03,2552.4,1,2025-06-24,2025-06-26,2883.3,2025-06-03,2552.4,2025-06-04,2556.3,2511.0,6.49,4.66,11.48,7.91,8.58,False,,True,,
GRASIM.NS,BOS2_CONFIRMED,COMPLETE,2025-05-16,2845.0,2025-06-26,2883.3,2025-06-27,2896.0,2025-07-24,2667.3,2025-07-25,63.0,2025-10-27,2923.9,7,2025-08-18,2025-10-27,2923.9,2025-10-27,2923.9,2025-10-28,2932.7,2667.3,-1.73,-5.64,-6.43,-3.61,-4.95,False,,True,,
GRASIM.NS,BOS2_CONFIRMED,"OPEN (still within holding period, more horizons pending)",2026-05-11,3007.3,2026-05-21,3154.5,2026-05-27,3197.5,2026-06-08,3034.9,2026-06-09,42.0,2026-07-27,3112.4,4,2026-06-15,2026-08-05,3224.0,2026-07-27,3112.4,2026-07-28,3108.7,3034.9,0.94,,,,,False,,True,,
CIPLA.NS,BOS2_CONFIRMED,STOPPED_OUT,2025-07-30,1579.9,2025-08-21,1592.8,2025-08-25,1607.8,2025-09-09,1533.1,2025-09-10,28.0,2025-10-01,1513.0,2,2025-09-17,2025-10-20,1639.1,2025-10-01,1513.0,2025-10-03,1522.0,1533.1,0.73,0.73,0.73,0.73,0.73,True,5.0,True,,
DIVISLAB.NS,BOS2_CONFIRMED,STOPPED_OUT,2025-05-16,6323.0,2025-05-19,6580.0,2025-05-19,6705.0,2025-05-20,6433.0,2025-05-21,29.0,2025-06-23,6636.0,2,2025-05-27,2025-06-30,6809.5,2025-06-23,6636.0,2025-06-24,6680.0,6433.0,2.64,3.86,-1.0,-3.7,-3.7,True,40.0,True,,
DIVISLAB.NS,INVALIDATED,STOPPED_OUT,2025-07-02,6862.5,2025-07-03,6876.0,2025-07-08,7071.5,2025-07-14,6545.0,2025-07-15,17.0,2025-07-16,6831.0,1,,,,2025-07-16,6831.0,2025-07-17,6830.5,6545.0,-3.1,-4.18,-4.18,-4.18,-4.18,True,10.0,False,2025-08-06,
APOLLOHOSP.NS,BOS2_CONFIRMED,COMPLETE,2025-07-01,7545.35,2025-07-03,7565.0,2025-07-08,7635.0,2025-07-11,7159.0,2025-07-14,23.0,2025-08-13,7808.5,3,2025-07-25,2025-08-13,7808.5,2025-08-13,7808.5,2025-08-14,7830.0,7159.0,1.18,-2.02,-0.17,-0.91,-4.97,False,,True,,
APOLLOHOSP.NS,TIMEOUT,STOPPED_OUT,2025-07-08,7635.0,2025-08-13,7808.5,2025-08-22,7980.0,2025-08-29,7586.0,2025-09-01,89.0,2026-01-01,7111.5,4,2025-09-05,,,2026-01-01,7111.5,2026-01-02,7130.0,7586.0,6.4,6.4,6.4,6.4,6.4,True,5.0,False,,2026-01-07
APOLLOHOSP.NS,BOS2_CONFIRMED,"OPEN (still within holding period, more horizons pending)",2025-11-07,7891.0,2026-05-08,8097.0,2026-05-25,8443.0,2026-06-02,7816.0,2026-06-03,5.0,2026-06-03,8290.5,1,,2026-06-09,8524.0,2026-06-03,8290.5,2026-06-04,8270.0,7816.0,2.7,1.71,5.15,8.68,,False,,True,,
APOLLOHOSP.NS,BOS2_CONFIRMED,"OPEN (still within holding period, more horizons pending)",2026-05-14,8180.0,2026-05-21,8308.5,2026-05-25,8443.0,2026-06-02,7816.0,2026-06-03,5.0,2026-06-03,8290.5,1,,2026-06-09,8524.0,2026-06-03,8290.5,2026-06-04,8270.0,7816.0,2.7,1.71,5.15,8.68,,False,,True,,
EICHERMOT.NS,BOS2_CONFIRMED,STOPPED_OUT,2025-02-03,5575.5,2025-04-16,5615.5,2025-04-22,5906.5,2025-04-23,5605.5,2025-04-24,82.0,2025-08-04,5621.0,5,2025-08-14,2025-08-19,5938.5,2025-08-04,5621.0,2025-08-05,5625.0,5605.5,-0.35,-0.35,-0.35,-0.35,-0.35,True,5.0,True,,
EICHERMOT.NS,BOS2_CONFIRMED,COMPLETE,2025-04-22,5906.5,2025-08-18,5912.0,2025-09-04,6713.0,2025-09-05,6440.5,2025-09-08,35.0,2025-10-28,7002.5,2,,2025-10-28,7002.5,2025-10-28,7002.5,2025-10-29,7007.5,6440.5,-2.87,-2.18,-0.12,4.52,-0.49,False,,True,,
EICHERMOT.NS,BOS2_CONFIRMED,STOPPED_OUT,2025-09-23,7122.5,2025-11-20,7125.5,2025-11-24,7284.5,2025-11-28,6956.0,2025-12-01,51.0,2026-02-03,7215.0,4,2025-12-05,2026-02-11,7771.0,2026-02-03,7215.0,2026-02-04,7215.0,6956.0,7.71,11.01,7.48,-3.59,-3.59,True,40.0,True,,
EICHERMOT.NS,BOS2_CONFIRMED,STOPPED_OUT,2026-01-02,7382.5,2026-01-05,7482.5,2026-01-09,7613.5,2026-01-27,6910.5,2026-01-28,11.0,2026-02-03,7215.0,1,,2026-02-11,7771.0,2026-02-03,7215.0,2026-02-04,7215.0,6910.5,7.71,11.01,7.48,-4.22,-4.22,True,40.0,True,,
HEROMOTOCO.NS,BOS2_CONFIRMED,COMPLETE,2025-08-13,4793.5,2025-08-18,4984.0,2025-08-20,5165.0,2025-08-25,4976.0,2025-08-26,24.0,2025-09-18,5370.0,2,,2025-09-29,5300.5,2025-09-18,5370.0,2025-09-19,5390.0,4976.0,-1.15,3.55,4.66,9.03,7.92,False,,True,,
HEROMOTOCO.NS,BOS2_CONFIRMED,STOPPED_OUT,2025-09-01,5246.0,2025-09-02,5312.0,2025-09-04,5519.0,2025-09-08,5335.0,2025-09-09,18.0,2025-09-18,5370.0,1,2025-09-18,2025-10-03,5550.5,2025-09-18,5370.0,2025-09-19,5390.0,5335.0,-1.02,-1.02,-1.02,-1.02,-1.02,True,5.0,True,,
HEROMOTOCO.NS,BOS2_CONFIRMED,STOPPED_OUT,2025-09-08,5524.5,2025-10-03,5550.5,2025-10-23,5717.0,2025-10-24,5484.5,2025-10-27,15.0,2025-11-12,5534.0,2,,2025-11-17,5798.5,2025-11-12,5534.0,2025-11-13,5554.0,5484.5,-1.25,-1.25,-1.25,-1.25,-1.25,True,5.0,True,,
HEROMOTOCO.NS,INVALIDATED,STOPPED_OUT,2025-10-23,5717.0,2025-11-17,5798.5,2025-12-05,6388.5,2025-12-18,5513.0,2025-12-19,64.0,2026-03-17,5355.0,4,,,,2026-03-17,5355.0,2026-03-18,5370.0,5513.0,2.66,2.66,2.66,2.66,2.66,True,5.0,False,2026-03-23,
BAJAJ-AUTO.NS,BOS2_CONFIRMED,STOPPED_OUT,2025-09-01,9007.0,2025-09-02,9030.5,2025-09-04,9353.5,2025-09-05,9053.0,2025-09-08,81.0,2025-12-31,9343.0,5,2025-09-17,2026-01-02,9502.5,2025-12-31,9343.0,2026-01-01,9365.0,9053.0,4.22,2.29,2.48,6.49,-3.33,True,60.0,True,,
BAJAJ-AUTO.NS,BOS2_CONFIRMED,STOPPED_OUT,2025-09-08,9490.0,2026-01-01,9558.0,2026-01-08,9888.0,2026-01-12,9360.0,2026-01-13,72.0,2026-04-06,8942.5,5,2026-01-30,2026-04-30,9994.0,2026-04-06,8942.5,2026-04-07,8900.0,9360.0,5.17,5.17,5.17,5.17,5.17,True,5.0,True,,
BAJAJ-AUTO.NS,BOS2_CONFIRMED,STOPPED_OUT,2026-05-04,10187.0,2026-05-06,10319.0,2026-05-08,10785.0,2026-05-13,10220.0,2026-05-14,50.0,2026-06-17,10042.0,2,2026-05-20,2026-07-22,10998.5,2026-06-17,10042.0,2026-06-18,10049.0,10220.0,1.7,1.7,1.7,1.7,1.7,True,5.0,True,,
BRITANNIA.NS,BOS2_CONFIRMED,STOPPED_OUT,2025-06-25,5731.0,2025-06-26,5828.0,2025-07-10,5930.5,2025-07-25,5570.0,2025-07-28,27.0,2025-08-18,5439.0,2,2025-08-01,2025-09-04,6083.0,2025-08-18,5439.0,2025-08-19,5446.0,5570.0,2.28,2.28,2.28,2.28,2.28,True,5.0,True,,
BRITANNIA.NS,TIMEOUT,STOPPED_OUT,2025-07-10,5930.5,2025-09-04,6083.0,2025-09-04,6336.0,2025-09-05,5998.5,2025-09-08,89.0,2025-12-12,5915.5,5,2025-09-12,,,2025-12-12,5915.5,2025-12-15,5915.5,5998.5,1.4,1.4,1.4,1.4,1.4,True,5.0,False,,2026-01-14
GODREJCP.NS,TIMEOUT,STOPPED_OUT,2025-05-05,1287.9,2025-05-12,1289.5,2025-05-19,1308.2,2025-05-22,1255.2,2025-05-23,89.0,2025-09-10,1256.2,5,2025-07-08,,,2025-09-10,1256.2,2025-09-11,1256.2,1255.2,-0.08,-0.08,-0.08,-0.08,-0.08,True,5.0,False,,2025-09-26
PIDILITIND.NS,BOS2_CONFIRMED,"OPEN (still within holding period, more horizons pending)",2026-06-10,1525.0,2026-06-12,1535.5,2026-07-07,1626.7,2026-07-08,1562.7,2026-07-09,20.0,2026-07-27,1611.3,2,2026-07-21,2026-08-05,1665.0,2026-07-27,1611.3,2026-07-28,1625.0,1562.7,-0.31,,,,,False,,True,,
SIEMENS.NS,INVALIDATED,STOPPED_OUT,2026-02-25,3384.0,2026-02-27,3418.6,2026-02-27,3440.0,2026-03-04,3141.7,2026-03-05,13.0,2026-03-10,3274.9,1,,,,2026-03-10,3274.9,2026-03-11,3296.0,3141.7,-4.68,-4.68,-4.68,-4.68,-4.68,True,5.0,False,2026-03-23,
SIEMENS.NS,BOS2_CONFIRMED,"OPEN (still within holding period, more horizons pending)",2026-02-27,3440.0,2026-04-15,3576.1,2026-04-23,3901.0,2026-04-24,3767.9,2026-04-27,72.0,2026-07-31,3760.0,7,2026-05-01,2026-08-04,4000.5,2026-07-31,3760.0,2026-08-03,3741.7,3767.9,,,,,,False,,True,,
ABB.NS,BOS2_CONFIRMED,COMPLETE,2026-01-30,5605.5,2026-02-03,5668.5,2026-02-17,5940.0,2026-02-19,5695.0,2026-02-20,15.0,2026-03-05,5929.0,2,2026-03-04,2026-03-13,6392.5,2026-03-05,5929.0,2026-03-06,5900.0,5695.0,8.35,6.73,11.27,21.83,21.29,False,,True,,
ABB.NS,BOS2_CONFIRMED,COMPLETE,2026-02-10,5884.0,2026-02-16,5888.0,2026-02-17,5940.0,2026-02-19,5695.0,2026-02-20,15.0,2026-03-05,5929.0,2,2026-03-04,2026-03-13,6392.5,2026-03-05,5929.0,2026-03-06,5900.0,5695.0,8.35,6.73,11.27,21.83,21.29,False,,True,,
ABB.NS,BOS2_CONFIRMED,STOPPED_OUT,2026-03-10,6246.0,2026-03-11,6280.0,2026-03-13,6554.0,2026-03-16,6162.5,2026-03-17,15.0,2026-04-02,6142.0,1,2026-04-08,2026-04-09,6614.0,2026-04-02,6142.0,2026-04-06,6150.0,6162.5,0.2,0.2,0.2,0.2,0.2,True,5.0,True,,
ABB.NS,STILL_OPEN,"OPEN (still within holding period, more horizons pending)",2026-03-13,6554.0,2026-04-08,6565.0,2026-04-22,7822.5,2026-04-30,7102.0,2026-05-01,,2026-08-03,7601.0,3,2026-07-16,,,2026-08-03,7601.0,2026-08-04,7601.0,7102.0,,,,,,False,,False,,
INDIGO.NS,BOS2_CONFIRMED,STOPPED_OUT,2025-03-19,4993.0,2025-03-20,5086.75,2025-03-20,5190.35,2025-03-24,4956.3,2025-03-25,13.0,2025-04-08,5157.05,1,2025-04-02,2025-04-15,5256.0,2025-04-08,5157.05,2025-04-09,5145.5,4956.3,6.82,3.8,-3.68,-3.68,-3.68,True,20.0,True,,
INDIGO.NS,BOS2_CONFIRMED,COMPLETE,2025-04-15,5265.0,2025-04-17,5366.0,2025-04-22,5649.0,2025-04-25,5193.0,2025-04-28,44.0,2025-06-16,5382.5,4,2025-05-05,2025-06-27,5816.0,2025-06-16,5382.5,2025-06-17,5380.0,5193.0,4.21,10.87,10.23,10.18,5.33,False,,True,,
INDIGO.NS,BOS2_CONFIRMED,STOPPED_OUT,2025-06-10,5729.0,2025-06-27,5816.0,2025-07-01,6018.0,2025-07-07,5731.0,2025-07-08,29.0,2025-08-13,5969.5,2,2025-07-14,2025-08-18,6096.5,2025-08-13,5969.5,2025-08-14,5978.0,5731.0,1.81,-4.13,-4.13,-4.13,-4.13,True,10.0,True,,
INDIGO.NS,INVALIDATED,STOPPED_OUT,2025-08-14,6055.0,2025-08-18,6096.5,2025-08-18,6232.5,2025-08-19,6021.0,2025-08-20,73.0,2025-11-20,5785.5,6,2025-08-26,,,2025-11-20,5785.5,2025-11-21,5785.0,6021.0,4.08,4.08,4.08,4.08,4.08,True,5.0,False,2025-12-04,
INDIGO.NS,STILL_OPEN,"OPEN (still within holding period, more horizons pending)",2026-01-01,5184.0,2026-06-24,5207.2,2026-07-03,5476.5,2026-07-08,5094.0,2026-07-09,,2026-07-27,5230.0,2,2026-08-03,,,2026-07-27,5230.0,2026-07-28,5255.0,5094.0,1.96,,,,,False,,False,,
PGIL.NS,INVALIDATED,STOPPED_OUT,2025-07-18,1658.8,2025-11-12,1693.6,2025-11-13,1993.3,2025-11-17,1638.0,2025-11-18,37.0,2026-01-02,1653.7,2,,,,2026-01-02,1653.7,2026-01-05,1666.0,1638.0,-1.68,-1.68,-1.68,-1.68,-1.68,True,5.0,False,2026-01-08,
PGIL.NS,BOS2_CONFIRMED,"OPEN (still within holding period, more horizons pending)",2026-02-05,1970.1,2026-06-24,2081.0,2026-06-24,2115.7,2026-06-30,1971.1,2026-07-01,27.0,2026-07-27,2016.6,2,2026-07-20,2026-08-06,2221.5,2026-07-27,2016.6,2026-07-28,2005.1,1971.1,5.85,,,,,False,,True,,
DIXON.NS,INVALIDATED,STOPPED_OUT,2025-08-25,17287.0,2025-09-01,17582.0,2025-09-25,18471.0,2025-09-30,15982.0,2025-10-01,16.0,2025-10-06,17041.0,1,,,,2025-10-06,17041.0,2025-10-07,17026.0,15982.0,-2.3,-5.31,-6.13,-6.13,-6.13,True,20.0,False,2025-10-24,
POLYCAB.NS,BOS2_CONFIRMED,COMPLETE,2025-07-14,6871.0,2025-07-15,6944.5,2025-07-18,7080.0,2025-07-21,6822.5,2025-07-22,40.0,2025-09-16,7395.0,4,2025-07-29,2025-09-17,7359.0,2025-09-16,7395.0,2025-09-17,7439.0,6822.5,1.26,-1.18,1.87,3.28,-1.34,False,,True,,
POLYCAB.NS,BOS2_CONFIRMED,STOPPED_OUT,2025-07-18,7080.0,2025-08-18,7087.0,2025-09-22,7714.0,2025-09-30,7205.0,2025-10-01,65.0,2025-12-19,7439.0,5,2025-10-08,2026-01-05,7762.0,2025-12-19,7439.0,2025-12-22,7450.0,7205.0,0.63,4.64,-3.29,-3.29,-3.29,True,20.0,True,,
POLYCAB.NS,BOS2_CONFIRMED,STOPPED_OUT,2025-08-20,7208.0,2025-09-03,7235.0,2025-09-22,7714.0,2025-09-30,7205.0,2025-10-01,65.0,2025-12-19,7439.0,5,2025-10-08,2026-01-05,7762.0,2025-12-19,7439.0,2025-12-22,7450.0,7205.0,0.63,4.64,-3.29,-3.29,-3.29,True,20.0,True,,
POLYCAB.NS,BOS2_CONFIRMED,STOPPED_OUT,2025-09-08,7384.5,2025-09-16,7395.0,2025-09-22,7714.0,2025-09-30,7205.0,2025-10-01,65.0,2025-12-19,7439.0,5,2025-10-08,2026-01-05,7762.0,2025-12-19,7439.0,2025-12-22,7450.0,7205.0,0.63,4.64,-3.29,-3.29,-3.29,True,20.0,True,,
POLYCAB.NS,INVALIDATED,STOPPED_OUT,2025-09-22,7714.0,2025-10-10,7730.0,2025-10-10,7794.5,2025-10-17,7239.5,2025-10-20,67.0,2025-11-10,7608.0,2,2025-10-27,,,2025-11-10,7608.0,2025-11-11,7620.0,7239.5,0.54,-2.38,-4.99,-4.99,-4.99,True,20.0,False,2026-01-23,
POLYCAB.NS,BOS2_CONFIRMED,STOPPED_OUT,2026-02-27,8722.0,2026-05-07,9003.0,2026-05-12,9220.0,2026-05-13,8865.0,2026-05-14,20.0,2026-06-03,9571.5,1,2026-05-20,2026-06-10,9523.5,2026-06-03,9571.5,2026-06-04,9565.0,8865.0,-2.02,4.05,0.73,-7.32,-7.32,True,40.0,True,,
POLYCAB.NS,BOS2_CONFIRMED,STOPPED_OUT,2026-05-22,9316.5,2026-05-25,9398.5,2026-06-05,9833.0,2026-06-09,9423.5,2026-06-10,6.0,2026-06-12,9554.0,1,2026-06-16,2026-06-17,9926.5,2026-06-12,9554.0,2026-06-15,9679.5,9423.5,3.54,-2.64,-2.64,-2.64,-2.64,True,10.0,True,,
POLYCAB.NS,STILL_OPEN,STOPPED_OUT,2026-06-05,9833.0,2026-06-17,9926.5,2026-06-22,10126.0,2026-06-29,9420.5,2026-06-30,,2026-07-14,9532.5,1,,,,2026-07-14,9532.5,2026-07-15,9514.0,9420.5,-0.98,-0.98,-0.98,-0.98,-0.98,True,5.0,False,,
CUMMINSIND.NS,BOS2_CONFIRMED,COMPLETE,2025-07-01,3450.8,2025-07-08,3478.0,2025-08-08,3900.1,2025-08-20,3729.5,2025-08-21,13.0,2025-09-01,3880.1,2,2025-08-28,2025-09-09,4012.0,2025-09-01,3880.1,2025-09-02,3900.0,3729.5,2.87,5.41,0.68,12.42,14.85,False,,True,,
CUMMINSIND.NS,BOS2_CONFIRMED,COMPLETE,2025-07-24,3633.0,2025-08-06,3635.7,2025-08-08,3900.1,2025-08-20,3729.5,2025-08-21,13.0,2025-09-01,3880.1,2,2025-08-28,2025-09-09,4012.0,2025-09-01,3880.1,2025-09-02,3900.0,3729.5,2.87,5.41,0.68,12.42,14.85,False,,True,,
CUMMINSIND.NS,BOS2_CONFIRMED,COMPLETE,2025-08-08,3900.1,2025-08-22,3916.0,2025-09-18,4168.7,2025-10-03,3833.0,2025-10-06,15.0,2025-10-07,3967.4,1,2025-10-23,2025-10-27,4311.5,2025-10-07,3967.4,2025-10-08,3956.5,3833.0,0.02,2.97,8.47,12.95,8.93,False,,True,,
CUMMINSIND.NS,BOS2_CONFIRMED,COMPLETE,2025-08-22,3932.0,2025-09-04,3935.6,2025-09-18,4168.7,2025-10-03,3833.0,2025-10-06,15.0,2025-10-07,3967.4,1,2025-10-23,2025-10-27,4311.5,2025-10-07,3967.4,2025-10-08,3956.5,3833.0,0.02,2.97,8.47,12.95,8.93,False,,True,,
CUMMINSIND.NS,BOS2_CONFIRMED,STOPPED_OUT,2025-09-18,4168.7,2025-10-24,4183.2,2025-11-07,4495.0,2025-11-10,4256.7,2025-11-11,70.0,2026-01-28,4024.0,6,2025-11-17,2026-02-18,4725.8,2026-01-28,4024.0,2026-01-29,4038.9,4256.7,5.39,5.39,5.39,5.39,5.39,True,5.0,True,,
CUMMINSIND.NS,INVALIDATED,STOPPED_OUT,2025-12-11,4574.0,2025-12-12,4600.2,2025-12-12,4615.0,2025-12-19,4338.6,2025-12-22,15.0,2026-01-01,4470.6,2,2026-01-02,,,2026-01-01,4470.6,2026-01-02,4484.0,4338.6,-3.24,-3.24,-3.24,-3.24,-3.24,True,5.0,False,2026-01-12,
CUMMINSIND.NS,BOS2_CONFIRMED,"OPEN (still within holding period, more horizons pending)",2025-12-12,4615.0,2026-02-18,4725.8,2026-02-27,4987.0,2026-03-04,4563.5,2026-03-05,56.0,2026-05-27,6027.5,5,2026-04-09,2026-05-27,6027.5,2026-05-27,6027.5,2026-05-28,6027.5,4563.5,-3.98,-7.81,-6.4,-7.11,,False,,True,,
CUMMINSIND.NS,BOS2_CONFIRMED,"OPEN (still within holding period, more horizons pending)",2026-02-27,4987.0,2026-04-10,5138.7,2026-04-10,5154.9,2026-04-16,4951.0,2026-04-17,29.0,2026-05-27,6027.5,2,2026-04-23,2026-05-27,6027.5,2026-05-27,6027.5,2026-05-28,6027.5,4951.0,-3.98,-7.81,-6.4,-7.11,,False,,True,,
CUMMINSIND.NS,BOS2_CONFIRMED,"OPEN (still within holding period, more horizons pending)",2026-04-17,5179.9,2026-04-20,5200.3,2026-05-08,5470.5,2026-05-12,5147.5,2026-05-13,11.0,2026-05-27,6027.5,2,2026-05-20,2026-05-27,6027.5,2026-05-27,6027.5,2026-05-28,6027.5,5147.5,-3.98,-7.81,-6.4,-7.11,,False,,True,,
CUMMINSIND.NS,BOS2_CONFIRMED,"OPEN (still within holding period, more horizons pending)",2026-05-06,5324.8,2026-05-07,5403.0,2026-05-08,5470.5,2026-05-12,5147.5,2026-05-13,11.0,2026-05-27,6027.5,2,2026-05-20,2026-05-27,6027.5,2026-05-27,6027.5,2026-05-28,6027.5,5147.5,-3.98,-7.81,-6.4,-7.11,,False,,True,,
CUMMINSIND.NS,STILL_OPEN,STOPPED_OUT,2026-05-08,5470.5,2026-05-27,6027.5,2026-05-29,6100.0,2026-06-02,5607.0,2026-06-03,,2026-06-15,5754.0,1,,,,2026-06-15,5754.0,2026-06-16,5798.0,5607.0,-1.08,-3.29,-3.29,-3.29,-3.29,True,10.0,False,,
BHARATFORG.NS,BOS2_CONFIRMED,STOPPED_OUT,2025-06-09,1362.1,2025-11-11,1402.1,2025-11-20,1460.2,2025-11-25,1399.3,2025-11-26,25.0,2025-12-11,1407.4,1,2025-12-02,2025-12-31,1470.4,2025-12-11,1407.4,2025-12-12,1414.9,1399.3,-1.1,-1.1,-1.1,-1.1,-1.1,True,5.0,True,,
BHARATFORG.NS,BOS2_CONFIRMED,STOPPED_OUT,2025-12-31,1470.6,2026-01-02,1477.2,2026-01-06,1506.5,2026-01-12,1419.0,2026-01-13,14.0,2026-01-22,1431.5,1,,2026-02-03,1539.0,2026-01-22,1431.5,2026-01-23,1435.0,1419.0,-1.11,-1.11,-1.11,-1.11,-1.11,True,5.0,True,,
BHARATFORG.NS,BOS2_CONFIRMED,COMPLETE,2026-01-06,1506.5,2026-02-03,1539.0,2026-02-13,1784.2,2026-03-16,1650.0,2026-03-17,28.0,2026-04-08,1781.4,3,2026-03-25,2026-04-29,1907.8,2026-04-08,1781.4,2026-04-09,1778.0,1650.0,4.64,4.39,11.91,8.54,20.17,False,,True,,
BHARATFORG.NS,BOS2_CONFIRMED,COMPLETE,2026-02-19,1801.3,2026-02-23,1832.0,2026-03-02,1929.5,2026-03-04,1810.4,2026-03-05,42.0,2026-05-07,1992.9,2,2026-04-21,2026-05-07,1992.9,2026-05-07,1992.9,2026-05-08,2009.4,1810.4,-4.79,-5.56,-3.96,6.34,9.48,False,,True,,
BHARATFORG.NS,BOS2_CONFIRMED,"OPEN (still within holding period, more horizons pending)",2026-04-29,1949.9,2026-05-07,1992.9,2026-05-08,2044.0,2026-05-12,1907.2,2026-05-13,29.0,2026-06-15,2020.5,3,2026-06-15,2026-06-22,2103.8,2026-06-15,2020.5,2026-06-16,2040.0,1907.2,5.5,5.1,3.91,,,False,,True,,
BHARATFORG.NS,STILL_OPEN,"OPEN (still within holding period, more horizons pending)",2026-06-19,2059.5,2026-06-22,2103.8,2026-06-29,2238.0,2026-06-30,2056.1,2026-07-01,,2026-07-27,2181.3,4,2026-07-17,,,2026-07-27,2181.3,2026-07-28,2182.0,2056.1,0.6,,,,,False,,False,,
MRF.NS,BOS2_CONFIRMED,COMPLETE,2025-05-08,143275.0,2025-05-23,143670.0,2025-05-26,147435.0,2025-06-02,137010.0,2025-06-03,27.0,2025-06-25,139255.0,3,2025-06-27,2025-07-09,150715.0,2025-06-25,139255.0,2025-06-26,139305.0,137010.0,4.03,6.44,8.31,5.89,9.72,False,,True,,
MRF.NS,BOS2_CONFIRMED,STOPPED_OUT,2025-07-03,148075.0,2025-07-09,150715.0,2025-07-16,153000.0,2025-07-21,146550.0,2025-07-22,29.0,2025-08-18,144515.0,2,2025-07-29,2025-09-02,153885.0,2025-08-18,144515.0,2025-08-19,144500.0,146550.0,1.42,1.42,1.42,1.42,1.42,True,5.0,True,,
MRF.NS,INVALIDATED,STOPPED_OUT,2025-10-08,160150.0,2025-10-20,161695.0,2025-10-24,163600.0,2025-11-20,151505.0,2025-11-21,39.0,2025-12-30,151090.0,3,,,,2025-12-30,151090.0,2025-12-31,151505.0,151505.0,0.0,0.0,0.0,0.0,0.0,True,5.0,False,2026-01-16,
MOTHERSON.NS,BOS2_CONFIRMED,COMPLETE,2025-06-10,108.17,2025-09-16,109.89,2025-09-24,112.6,2025-09-26,103.26,2025-09-29,41.0,2025-11-13,109.13,3,2025-11-14,2025-11-27,116.13,2025-11-13,109.13,2025-11-14,111.31,103.26,-1.36,4.49,8.97,3.31,16.28,False,,True,,
MOTHERSON.NS,BOS2_CONFIRMED,STOPPED_OUT,2025-11-14,113.47,2025-11-27,116.13,2025-12-02,119.6,2025-12-09,113.13,2025-12-10,17.0,2025-12-19,120.98,2,2025-12-16,2026-01-02,122.04,2025-12-19,120.98,2025-12-22,121.5,113.13,-1.44,-0.55,-6.89,-6.89,-6.89,True,20.0,True,,
MOTHERSON.NS,BOS2_CONFIRMED,STOPPED_OUT,2025-12-02,119.6,2025-12-11,119.8,2025-12-12,121.48,2025-12-18,115.6,2025-12-19,35.0,2026-01-28,111.43,3,2025-12-26,2026-02-09,124.41,2026-01-28,111.43,2026-01-29,112.8,115.6,2.48,2.48,2.48,2.48,2.48,True,5.0,True,,
MOTHERSON.NS,INVALIDATED,STOPPED_OUT,2026-02-03,125.49,2026-02-10,129.43,2026-02-11,135.83,2026-02-12,129.12,2026-02-13,24.0,2026-03-17,115.83,3,2026-02-25,,,2026-03-17,115.83,2026-03-18,116.58,129.12,10.76,10.76,10.76,10.76,10.76,True,5.0,False,2026-03-19,
MOTHERSON.NS,BOS2_CONFIRMED,"OPEN (still within holding period, more horizons pending)",2026-02-27,136.15,2026-05-21,137.0,2026-05-29,151.77,2026-06-02,140.56,2026-06-03,46.0,2026-07-27,148.97,3,2026-06-15,2026-08-05,154.35,2026-07-27,148.97,2026-07-28,147.0,140.56,2.72,,,,,False,,True,,
PERSISTENT.NS,INVALIDATED,STOPPED_OUT,2025-11-13,6185.5,2025-11-19,6316.0,2025-12-08,6553.0,2025-12-10,6013.5,2025-12-11,44.0,2026-01-07,6513.5,2,2025-12-19,,,2026-01-07,6513.5,2026-01-08,6520.0,6013.5,-3.77,-3.06,-7.77,-7.77,-7.77,True,20.0,False,2026-02-12,
PERSISTENT.NS,INVALIDATED,STOPPED_OUT,2025-12-04,6478.0,2025-12-05,6520.5,2025-12-08,6553.0,2025-12-10,6013.5,2025-12-11,43.0,2026-01-07,6513.5,2,2025-12-19,,,2026-01-07,6513.5,2026-01-08,6520.0,6013.5,-3.77,-3.06,-7.77,-7.77,-7.77,True,20.0,False,2026-02-11,
LUPIN.NS,BOS2_CONFIRMED,COMPLETE,2025-11-27,2076.6,2025-11-28,2082.2,2025-12-19,2146.9,2025-12-30,2065.1,2025-12-31,6.0,2025-12-31,2109.5,1,2026-01-06,2026-01-07,2214.3,2025-12-31,2109.5,2026-01-01,2114.0,2065.1,3.64,3.87,1.84,8.89,7.61,False,,True,,
LUPIN.NS,BOS2_CONFIRMED,COMPLETE,2025-12-19,2146.9,2026-01-06,2149.7,2026-01-07,2226.3,2026-01-12,2139.7,2026-01-13,30.0,2026-02-16,2221.5,2,2026-01-19,2026-02-24,2250.2,2026-02-16,2221.5,2026-02-17,2235.0,2139.7,0.68,3.13,3.02,3.42,2.34,False,,True,,
LUPIN.NS,BOS2_CONFIRMED,STOPPED_OUT,2026-02-17,2263.0,2026-02-25,2292.2,2026-03-11,2377.6,2026-03-12,2306.0,2026-03-13,35.0,2026-05-04,2348.8,3,2026-03-20,2026-05-06,2442.9,2026-05-04,2348.8,2026-05-05,2354.0,2306.0,-2.04,-2.04,-2.04,-2.04,-2.04,True,5.0,True,,
LUPIN.NS,STILL_OPEN,STOPPED_OUT,2026-07-08,2494.0,2026-07-09,2503.3,2026-07-16,2529.5,2026-07-20,2424.0,2026-07-21,,2026-07-27,2410.0,1,,,,2026-07-27,2410.0,2026-07-28,2409.2,2424.0,0.61,0.61,0.61,0.61,0.61,True,5.0,False,,
AUROPHARMA.NS,BOS2_CONFIRMED,COMPLETE,2026-01-07,1270.8,2026-03-10,1285.9,2026-03-12,1319.8,2026-03-19,1240.0,2026-03-20,7.0,2026-03-20,1291.4,1,2026-03-27,2026-04-01,1342.1,2026-03-20,1291.4,2026-03-23,1291.6,1240.0,3.91,3.78,9.46,13.31,15.96,False,,True,,
AUROPHARMA.NS,BOS2_CONFIRMED,COMPLETE,2026-03-25,1330.0,2026-04-01,1342.1,2026-04-23,1459.5,2026-04-27,1386.6,2026-04-28,7.0,2026-05-06,1484.0,1,2026-05-05,2026-05-06,1484.0,2026-05-06,1484.0,2026-05-07,1475.1,1386.6,2.43,4.85,-0.78,5.82,6.86,False,,True,,
AUROPHARMA.NS,BOS2_CONFIRMED,COMPLETE,2026-04-08,1363.0,2026-04-15,1373.9,2026-04-23,1459.5,2026-04-27,1386.6,2026-04-28,7.0,2026-05-06,1484.0,1,2026-05-05,2026-05-06,1484.0,2026-05-06,1484.0,2026-05-07,1475.1,1386.6,2.43,4.85,-0.78,5.82,6.86,False,,True,,
AUROPHARMA.NS,BOS2_CONFIRMED,STOPPED_OUT,2026-04-23,1459.5,2026-05-06,1484.0,2026-05-21,1550.0,2026-05-25,1428.0,2026-05-26,26.0,2026-06-04,1463.6,1,2026-06-23,2026-06-30,1578.7,2026-06-04,1463.6,2026-06-05,1483.9,1428.0,-0.75,-3.77,-3.77,-3.77,-3.77,True,10.0,True,,
AUROPHARMA.NS,STILL_OPEN,STOPPED_OUT,2026-06-24,1550.0,2026-06-25,1555.2,2026-07-03,1636.8,2026-07-09,1550.1,2026-07-10,,2026-07-27,1549.4,1,2026-07-29,,,2026-07-27,1549.4,2026-07-28,1550.5,1550.1,-0.03,-0.03,-0.03,-0.03,-0.03,True,5.0,False,,
TORNTPHARM.NS,BOS2_CONFIRMED,COMPLETE,2025-07-01,3488.9,2025-07-17,3504.6,2025-07-30,3787.9,2025-08-07,3490.2,2025-08-08,62.0,2025-11-10,3817.5,6,2025-08-22,2025-11-10,3817.5,2025-11-10,3817.5,2025-11-11,3817.5,3490.2,-0.7,-1.89,-1.4,7.2,4.16,False,,True,,
TORNTPHARM.NS,BOS2_CONFIRMED,COMPLETE,2025-07-30,3787.9,2025-11-10,3817.5,2025-11-11,3882.2,2025-11-21,3672.3,2025-11-24,32.0,2026-01-02,3885.3,4,2025-12-04,2026-01-07,4092.2,2026-01-02,3885.3,2026-01-05,3885.3,3672.3,1.66,5.18,4.13,11.73,3.25,False,,True,,
TORNTPHARM.NS,BOS2_CONFIRMED,STOPPED_OUT,2025-11-11,3882.2,2026-01-02,3885.3,2026-01-07,4104.8,2026-01-12,3893.8,2026-01-13,24.0,2026-02-03,4045.6,1,2026-01-19,2026-02-16,4261.5,2026-02-03,4045.6,2026-02-04,4066.0,3893.8,-0.23,3.56,7.07,-4.24,-4.24,True,40.0,True,,
TORNTPHARM.NS,BOS2_CONFIRMED,STOPPED_OUT,2026-02-13,4130.0,2026-02-16,4261.5,2026-02-26,4470.0,2026-03-02,4175.2,2026-03-04,45.0,2026-03-10,4427.8,1,2026-03-10,2026-05-11,4517.1,2026-03-10,4427.8,2026-03-11,4450.0,4175.2,-3.61,-6.18,-6.18,-6.18,-6.18,True,10.0,True,,
TORNTPHARM.NS,BOS2_CONFIRMED,"OPEN (still within holding period, more horizons pending)",2026-06-29,4712.9,2026-07-03,4768.3,2026-07-16,5085.8,2026-07-17,4695.1,2026-07-20,10.0,2026-07-31,5122.8,2,2026-07-24,2026-07-31,5122.8,2026-07-31,5122.8,2026-08-03,5250.0,4695.1,,,,,,False,,True,,
ALKEM.NS,BOS2_CONFIRMED,COMPLETE,2025-08-21,5423.5,2025-08-22,5426.0,2025-08-22,5479.0,2025-09-02,5204.5,2025-09-03,13.0,2025-09-11,5393.5,1,2025-09-09,2025-09-19,5541.5,2025-09-11,5393.5,2025-09-12,5393.5,5204.5,2.74,0.73,1.84,6.93,3.8,False,,True,,
ALKEM.NS,BOS2_CONFIRMED,COMPLETE,2025-08-22,5479.0,2025-09-15,5500.5,2025-09-25,5591.0,2025-09-26,5362.5,2025-09-29,25.0,2025-10-29,5535.0,3,2025-10-06,2025-11-04,5664.0,2025-10-29,5535.0,2025-10-30,5540.0,5362.5,2.32,3.29,2.62,-0.63,3.29,False,,True,,
ALKEM.NS,TIMEOUT,STOPPED_OUT,2025-10-20,5648.0,2025-11-04,5664.0,2025-11-13,5868.0,2025-11-14,5607.5,2025-11-17,89.0,2026-03-24,5297.0,6,2025-11-21,,,2026-03-24,5297.0,2026-03-25,5355.0,5607.5,4.72,4.72,4.72,4.72,4.72,True,5.0,False,,2026-03-25
BIOCON.NS,INVALIDATED,STOPPED_OUT,2025-11-12,406.0,2025-11-13,417.0,2025-11-18,424.95,2025-11-20,391.3,2025-11-21,43.0,2025-12-15,390.65,2,,,,2025-12-15,390.65,2025-12-16,390.65,391.3,0.17,0.17,0.17,0.17,0.17,True,5.0,False,2026-01-21,
BIOCON.NS,STILL_OPEN,PENDING_ENTRY (signal is on the most recent bar - no next-session open yet),2025-11-18,424.95,2026-05-15,430.1,2026-05-26,440.4,2026-06-04,406.05,2026-06-05,,2026-08-06,436.6,4,2026-07-14,,,2026-08-06,436.6,,,406.05,,,,,,,,False,,
IPCALAB.NS,BOS2_CONFIRMED,"OPEN (still within holding period, more horizons pending)",2026-05-20,1678.3,2026-06-30,1701.0,2026-07-01,1766.7,2026-07-02,1691.1,2026-07-03,7.0,2026-07-13,1823.3,1,2026-07-09,2026-07-13,1823.3,2026-07-13,1823.3,2026-07-14,1823.0,1691.1,-1.32,-1.87,,,,False,,True,,
CANBK.NS,BOS2_CONFIRMED,STOPPED_OUT,2024-12-06,110.8,2025-05-28,110.94,2025-06-09,119.3,2025-06-13,107.52,2025-06-16,70.0,2025-09-02,106.16,5,2025-07-16,2025-09-23,121.9,2025-09-02,106.16,2025-09-03,106.45,107.52,1.01,1.01,1.01,1.01,1.01,True,5.0,True,,
CANBK.NS,BOS2_CONFIRMED,STOPPED_OUT,2025-10-28,130.14,2025-10-30,132.89,2025-11-20,151.8,2025-12-09,141.11,2025-12-10,14.0,2025-12-11,146.8,1,2025-12-17,2025-12-30,154.03,2025-12-11,146.8,2025-12-12,147.01,141.11,1.07,2.66,2.05,-4.01,-4.01,True,40.0,True,,
CANBK.NS,BOS2_CONFIRMED,STOPPED_OUT,2025-12-30,154.21,2025-12-31,154.91,2025-12-31,158.0,2026-01-12,146.96,2026-01-13,32.0,2026-02-17,149.11,4,2026-01-19,2026-02-26,158.88,2026-02-17,149.11,2026-02-18,149.5,146.96,6.31,-1.7,-1.7,-1.7,-1.7,True,10.0,True,,
PNB.NS,BOS2_CONFIRMED,COMPLETE,2025-07-16,115.71,2025-10-10,117.24,2025-10-10,117.85,2025-10-17,112.75,2025-10-20,6.0,2025-10-20,118.1,1,,2025-10-28,121.13,2025-10-20,118.1,2025-10-21,118.25,112.75,2.41,1.87,4.74,0.55,11.93,False,,True,,
PNB.NS,BOS2_CONFIRMED,STOPPED_OUT,2025-10-27,120.2,2025-10-28,121.13,2025-11-03,124.48,2025-11-07,118.86,2025-11-10,17.0,2025-11-26,124.99,2,2025-11-14,2025-12-02,125.35,2025-11-26,124.99,2025-11-27,125.4,118.86,-5.22,-5.22,-5.22,-5.22,-5.22,True,5.0,True,,
PNB.NS,INVALIDATED,STOPPED_OUT,2026-01-05,128.24,2026-01-14,128.68,2026-01-19,135.15,2026-01-23,119.55,2026-01-27,29.0,2026-02-17,124.82,3,,,,2026-02-17,124.82,2026-02-18,125.1,119.55,4.35,-2.32,-4.44,-4.44,-4.44,True,20.0,False,2026-03-09,
BANKBARODA.NS,BOS2_CONFIRMED,COMPLETE,2025-09-30,259.44,2025-10-01,259.6,2025-10-06,272.05,2025-10-08,258.5,2025-10-09,16.0,2025-10-20,271.45,1,2025-10-15,2025-10-31,278.4,2025-10-20,271.45,2025-10-21,271.5,258.5,1.14,5.47,6.17,6.11,13.54,False,,True,,
BANKBARODA.NS,BOS2_CONFIRMED,STOPPED_OUT,2025-10-20,273.1,2025-10-27,273.65,2025-11-03,293.25,2025-11-07,283.1,2025-11-10,16.0,2025-11-26,288.4,2,2025-11-14,2025-12-01,295.55,2025-11-26,288.4,2025-11-27,289.25,283.1,-0.36,-2.13,-2.13,-2.13,-2.13,True,10.0,True,,
BANKBARODA.NS,BOS2_CONFIRMED,STOPPED_OUT,2025-12-02,303.95,2026-01-02,305.05,2026-01-05,311.8,2026-01-12,295.7,2026-01-13,32.0,2026-02-20,309.05,2,2026-01-19,2026-02-26,324.45,2026-02-20,309.05,2026-02-23,310.95,295.7,1.37,-4.9,-4.9,-4.9,-4.9,True,10.0,True,,
IDFCFIRSTB.NS,BOS2_CONFIRMED,COMPLETE,2025-05-13,69.08,2025-05-14,69.47,2025-05-16,70.17,2025-05-21,65.75,2025-05-22,12.0,2025-06-06,71.55,2,2025-06-02,2025-06-06,71.55,2025-06-06,71.55,2025-06-09,72.5,65.75,-2.21,-2.06,7.19,-4.37,-2.63,False,,True,,
IDFCFIRSTB.NS,BOS2_CONFIRMED,STOPPED_OUT,2025-05-16,70.17,2025-06-06,71.55,2025-06-09,73.09,2025-06-13,69.1,2025-06-16,12.0,2025-06-23,71.01,1,2025-06-23,2025-07-01,77.24,2025-06-23,71.01,2025-06-24,71.5,69.1,8.03,8.9,1.31,-3.36,-3.36,True,40.0,True,,
IDFCFIRSTB.NS,BOS2_CONFIRMED,COMPLETE,2025-06-30,73.16,2025-07-01,77.24,2025-07-04,78.45,2025-07-14,72.6,2025-07-15,69.0,2025-10-20,76.93,6,2025-10-20,2025-10-23,78.96,2025-10-20,76.93,2025-10-21,77.25,72.6,2.72,4.04,2.17,8.47,8.47,False,,True,,
IDFCFIRSTB.NS,BOS2_CONFIRMED,STOPPED_OUT,2025-10-28,80.1,2025-10-31,81.77,2025-11-03,82.7,2025-11-07,78.72,2025-11-10,26.0,2025-11-25,79.35,1,2025-11-14,2025-12-15,83.87,2025-11-25,79.35,2025-11-26,79.51,78.72,1.35,-0.99,-0.99,-0.99,-0.99,True,10.0,True,,
IDFCFIRSTB.NS,INVALIDATED,STOPPED_OUT,2025-12-12,82.82,2025-12-15,83.87,2026-01-02,87.0,2026-01-08,83.38,2026-01-09,31.0,2026-02-16,82.91,3,2026-02-03,,,2026-02-16,82.91,2026-02-17,82.29,83.38,1.32,1.32,1.32,1.32,1.32,True,5.0,False,2026-02-23,
FEDERALBNK.NS,INVALIDATED,STOPPED_OUT,2025-06-10,214.45,2025-07-01,218.72,2025-07-02,220.0,2025-07-14,206.39,2025-07-15,30.0,2025-07-15,211.67,1,,,,2025-07-15,211.67,2025-07-16,211.67,206.39,0.54,-2.49,-2.49,-2.49,-2.49,True,10.0,False,2025-08-26,
FEDERALBNK.NS,BOS2_CONFIRMED,STOPPED_OUT,2025-11-17,239.91,2025-11-18,244.51,2025-12-22,271.1,2025-12-26,260.1,2025-12-29,16.0,2026-01-16,270.25,2,2026-01-02,2026-01-19,279.7,2026-01-16,270.25,2026-01-19,271.45,260.1,4.97,5.18,6.41,-4.18,-4.18,True,40.0,True,,
FEDERALBNK.NS,BOS2_CONFIRMED,STOPPED_OUT,2025-12-12,263.6,2025-12-15,265.25,2025-12-22,271.1,2025-12-26,260.1,2025-12-29,16.0,2026-01-16,270.25,2,2026-01-02,2026-01-19,279.7,2026-01-16,270.25,2026-01-19,271.45,260.1,4.97,5.18,6.41,-4.18,-4.18,True,40.0,True,,
FEDERALBNK.NS,BOS2_CONFIRMED,STOPPED_OUT,2026-01-16,278.4,2026-01-19,279.7,2026-01-22,287.2,2026-01-23,277.55,2026-01-27,21.0,2026-02-04,287.4,1,2026-02-02,2026-02-24,295.65,2026-02-04,287.4,2026-02-05,287.9,277.55,-0.28,0.14,-0.49,-3.6,-3.6,True,40.0,True,,
AUBANK.NS,BOS2_CONFIRMED,STOPPED_OUT,2025-05-27,715.0,2025-06-02,718.65,2025-07-02,841.0,2025-07-21,735.2,2025-07-22,62.0,2025-08-14,750.6,2,,2025-10-20,865.2,2025-08-14,750.6,2025-08-18,755.0,735.2,-0.72,-2.62,-2.62,-2.62,-2.62,True,10.0,True,,
AUBANK.NS,BOS2_CONFIRMED,COMPLETE,2025-07-02,841.0,2025-10-20,865.2,2025-11-10,922.9,2025-11-13,878.8,2025-11-14,19.0,2025-12-05,960.7,1,2025-11-20,2025-12-10,993.7,2025-12-05,960.7,2025-12-08,962.85,878.8,1.68,2.24,4.77,1.88,1.1,False,,True,,
AUBANK.NS,BOS2_CONFIRMED,COMPLETE,2025-11-06,886.45,2025-11-07,908.7,2025-11-10,922.9,2025-11-13,878.8,2025-11-14,19.0,2025-12-05,960.7,1,2025-11-20,2025-12-10,993.7,2025-12-05,960.7,2025-12-08,962.85,878.8,1.68,2.24,4.77,1.88,1.1,False,,True,,
AUBANK.NS,BOS2_CONFIRMED,STOPPED_OUT,2025-11-24,929.9,2025-11-25,944.05,2025-12-10,1007.25,2025-12-15,957.4,2025-12-16,23.0,2026-01-16,1025.4,2,2025-12-22,2026-01-16,1025.4,2026-01-16,1025.4,2026-01-19,1025.0,957.4,-6.6,-6.6,-6.6,-6.6,-6.6,True,5.0,True,,
AUBANK.NS,BOS2_CONFIRMED,STOPPED_OUT,2025-12-02,966.9,2025-12-09,972.05,2025-12-10,1007.25,2025-12-15,957.4,2025-12-16,23.0,2026-01-16,1025.4,2,2025-12-22,2026-01-16,1025.4,2026-01-16,1025.4,2026-01-19,1025.0,957.4,-6.6,-6.6,-6.6,-6.6,-6.6,True,5.0,True,,
AUBANK.NS,BOS2_CONFIRMED,"OPEN (still within holding period, more horizons pending)",2026-04-21,1039.2,2026-04-22,1043.2,2026-04-24,1079.55,2026-04-30,998.0,2026-05-01,70.0,2026-07-24,1004.0,5,2026-05-08,2026-08-06,1087.6,2026-07-24,1004.0,2026-07-27,1021.0,998.0,3.82,,,,,False,,True,,
BANDHANBNK.NS,INVALIDATED,STOPPED_OUT,2025-10-28,175.95,2026-02-24,180.55,2026-02-26,190.23,2026-02-27,177.68,2026-03-02,13.0,2026-03-10,182.26,1,,,,2026-03-10,182.26,2026-03-11,182.0,177.68,-2.37,-2.37,-2.37,-2.37,-2.37,True,5.0,False,2026-03-19,
BANDHANBNK.NS,BOS2_CONFIRMED,STOPPED_OUT,2026-02-26,190.23,2026-04-29,198.3,2026-05-04,212.66,2026-05-05,204.1,2026-05-06,30.0,2026-06-12,204.6,3,2026-05-29,2026-06-16,216.74,2026-06-12,204.6,2026-06-15,208.0,204.1,0.16,-1.87,-1.87,-1.87,-1.87,True,10.0,True,,
INDUSINDBK.NS,BOS2_CONFIRMED,STOPPED_OUT,2025-11-13,892.8,2026-01-02,902.45,2026-01-07,924.7,2026-01-08,876.1,2026-01-09,6.0,2026-01-12,905.45,1,,2026-01-16,953.85,2026-01-12,905.45,2026-01-13,909.0,876.1,-0.42,-3.62,-3.62,-3.62,-3.62,True,10.0,True,,
INDUSINDBK.NS,INVALIDATED,STOPPED_OUT,2026-01-07,924.7,2026-01-14,944.5,2026-01-19,961.9,2026-01-27,851.15,2026-01-28,31.0,2026-01-28,901.7,1,2026-02-17,,,2026-01-28,901.7,2026-01-29,899.9,851.15,1.61,2.53,7.19,-5.42,-5.42,True,40.0,False,2026-03-12,
INDUSINDBK.NS,BOS2_CONFIRMED,STOPPED_OUT,2026-02-26,968.85,2026-07-03,974.35,2026-07-07,1038.0,2026-07-08,989.8,2026-07-09,9.0,2026-07-17,1027.2,1,2026-07-15,2026-07-21,1063.45,2026-07-17,1027.2,2026-07-20,1029.0,989.8,-3.81,-3.81,-3.81,-3.81,-3.81,True,5.0,True,,
SHRIRAMFIN.NS,BOS2_CONFIRMED,COMPLETE,2025-11-25,838.65,2025-11-26,856.6,2025-11-28,872.0,2025-12-03,818.95,2025-12-04,12.0,2025-12-15,855.35,1,2025-12-11,2025-12-19,901.7,2025-12-15,855.35,2025-12-16,855.35,818.95,11.98,16.47,14.7,26.59,17.33,False,,True,,
SHRIRAMFIN.NS,BOS2_CONFIRMED,STOPPED_OUT,2025-12-18,872.0,2025-12-19,901.7,2026-01-01,1025.6,2026-02-02,939.0,2026-02-03,5.0,2026-02-06,1002.5,1,,2026-02-09,1062.7,2026-02-06,1002.5,2026-02-09,1005.0,939.0,8.0,5.94,-6.57,-6.57,-6.57,True,20.0,True,,
SHRIRAMFIN.NS,INVALIDATED,STOPPED_OUT,2026-02-03,1041.5,2026-02-09,1062.7,2026-02-16,1088.3,2026-02-20,1044.6,2026-02-23,20.0,2026-03-10,1062.9,2,2026-02-27,,,2026-03-10,1062.9,2026-03-11,1062.9,1044.6,-1.72,-1.72,-1.72,-1.72,-1.72,True,5.0,False,2026-03-23,
CHOLAFIN.NS,INVALIDATED,STOPPED_OUT,2025-03-24,1580.0,2025-04-16,1611.9,2025-04-21,1682.0,2025-04-28,1485.1,2025-04-29,86.0,2025-08-07,1488.0,5,2025-05-19,,,2025-08-07,1488.0,2025-08-08,1493.9,1485.1,-0.59,-0.59,-0.59,-0.59,-0.59,True,5.0,False,2025-08-29,
CHOLAFIN.NS,TIMEOUT,STOPPED_OUT,2025-10-15,1708.0,2025-10-24,1733.6,2025-10-27,1782.0,2025-10-29,1686.1,2025-10-30,89.0,2026-02-03,1694.4,5,2025-11-10,,,2026-02-03,1694.4,2026-02-04,1694.4,1686.1,-0.49,-0.49,-0.49,-0.49,-0.49,True,5.0,False,,2026-03-09
