symbol,bos1_date,1_new_26w_high,2_freshly_broken,3_ema20_gt_ema50,4_ema50_rising,5_rsi_gt_60,6_rsi_rising,7_macd_hist_pos,8_vol_gt_sma10,9_green_candle,outcome,is_win,ret_5d,ret_10d,ret_20d
RELIANCE.NS,2022-04-21,True,True,True,True,True,True,True,True,True,INVALIDATED,False,1.14,-8.72,-10.25
RELIANCE.NS,2023-07-03,True,True,True,True,True,True,True,True,True,TIMEOUT,False,5.32,7.45,3.73
RELIANCE.NS,2024-01-10,True,True,True,True,True,True,True,True,True,BOS2_CONFIRMED,True,2.89,8.92,9.24
RELIANCE.NS,2024-01-29,True,True,True,True,True,True,True,True,True,BOS2_CONFIRMED,True,-2.2,0.35,1.76
RELIANCE.NS,2024-02-23,True,True,True,True,True,True,True,True,True,BOS2_CONFIRMED,True,0.93,-1.21,-0.05
RELIANCE.NS,2024-06-27,True,True,True,True,True,True,False,True,True,INVALIDATED,False,3.76,4.29,-0.71
RELIANCE.NS,2025-04-28,True,True,False,True,True,True,True,True,True,BOS2_CONFIRMED,True,2.55,3.89,3.06
RELIANCE.NS,2025-05-15,True,True,False,True,True,True,True,False,True,BOS2_CONFIRMED,True,-1.82,-2.22,-1.74
RELIANCE.NS,2025-06-26,True,True,True,True,True,True,True,False,True,BOS2_CONFIRMED,True,1.86,-0.28,-7.18
RELIANCE.NS,2025-11-26,True,True,True,True,True,True,True,True,True,INVALIDATED,False,-2.5,-1.9,-1.0
RELIANCE.NS,2026-01-02,True,True,True,True,True,True,True,False,True,INVALIDATED,False,-6.89,-10.66,-10.66
TCS.NS,2023-02-03,True,True,False,True,True,True,True,True,True,INVALIDATED,False,0.27,0.41,-2.92
TCS.NS,2023-09-12,True,True,True,True,True,True,True,True,True,BOS2_CONFIRMED,True,0.4,-0.96,-0.01
TCS.NS,2023-12-15,True,True,True,True,True,True,True,True,True,BOS2_CONFIRMED,True,-1.62,-1.94,0.08
TCS.NS,2024-01-19,True,True,True,True,True,True,True,True,False,BOS2_CONFIRMED,True,-2.16,4.7,2.35
TCS.NS,2024-02-02,True,True,True,True,True,True,True,True,True,BOS2_CONFIRMED,True,3.46,3.03,2.45
TCS.NS,2024-03-12,True,True,True,True,True,True,True,True,True,INVALIDATED,False,-5.57,-7.82,-6.27
TCS.NS,2024-07-18,True,True,True,True,True,True,True,True,True,BOS2_CONFIRMED,True,1.63,-0.8,4.0
TCS.NS,2024-08-19,True,True,True,True,True,True,True,False,True,INVALIDATED,False,-0.17,0.16,0.01
HDFCBANK.NS,2022-11-11,True,True,True,True,True,True,True,True,True,BOS2_CONFIRMED,True,-0.91,-0.73,1.97
HDFCBANK.NS,2024-11-27,True,True,True,True,True,True,True,True,True,BOS2_CONFIRMED,True,2.57,2.21,-1.14
HDFCBANK.NS,2025-04-17,True,True,True,True,True,True,True,False,True,BOS2_CONFIRMED,True,-0.2,0.4,-0.47
HDFCBANK.NS,2025-06-26,True,True,True,True,True,True,True,True,True,TIMEOUT,False,-1.18,-1.46,-0.42
ICICIBANK.NS,2022-08-03,True,True,True,True,True,True,True,True,True,BOS2_CONFIRMED,True,6.12,3.43,7.24
ICICIBANK.NS,2022-09-08,True,True,True,True,True,True,True,False,True,BOS2_CONFIRMED,True,-0.12,-3.07,-3.12
ICICIBANK.NS,2023-07-17,True,True,True,True,True,True,True,True,True,TIMEOUT,False,1.71,1.69,-2.2
ICICIBANK.NS,2023-12-05,True,True,True,True,True,True,True,True,True,BOS2_CONFIRMED,True,-0.01,-0.72,-2.65
ICICIBANK.NS,2024-02-22,True,True,True,True,True,True,True,False,True,BOS2_CONFIRMED,True,1.58,0.81,1.28
ICICIBANK.NS,2024-04-29,True,True,True,True,True,True,True,True,True,BOS2_CONFIRMED,True,-3.19,-3.07,-3.99
ICICIBANK.NS,2024-06-25,True,True,True,True,True,True,True,True,True,BOS2_CONFIRMED,True,-0.03,3.43,-0.34
ICICIBANK.NS,2024-09-16,True,True,True,True,True,True,True,True,True,TIMEOUT,False,4.65,1.15,-1.33
ICICIBANK.NS,2025-04-17,True,True,True,True,True,True,True,False,True,BOS2_CONFIRMED,True,-0.5,-0.31,0.15
ICICIBANK.NS,2025-05-15,True,True,True,True,True,True,True,False,True,BOS2_CONFIRMED,True,-0.24,-0.52,-2.56
ICICIBANK.NS,2025-07-22,True,True,True,True,True,True,False,True,True,INVALIDATED,False,-0.03,-2.65,-2.49
ICICIBANK.NS,2026-07-17,True,True,True,True,True,True,True,False,True,STILL_OPEN,,0.08,1.07,
INFY.NS,2022-11-25,True,True,False,True,True,True,True,False,True,INVALIDATED,False,0.72,-4.96,-7.71
INFY.NS,2023-09-12,True,True,False,True,True,True,True,False,True,BOS2_CONFIRMED,True,-0.22,-4.36,-4.91
INFY.NS,2023-12-15,True,True,True,True,True,True,True,True,True,BOS2_CONFIRMED,True,-1.53,-2.14,4.06
INFY.NS,2024-01-12,True,True,True,True,True,True,True,True,True,INVALIDATED,False,-0.17,0.97,1.29
INFY.NS,2024-07-18,True,True,True,True,True,True,True,True,True,BOS2_CONFIRMED,True,1.89,-1.24,1.13
INFY.NS,2024-08-28,True,True,True,True,True,True,True,False,True,TIMEOUT,False,0.01,0.9,-1.69
INFY.NS,2024-12-13,True,True,True,True,True,True,False,True,True,INVALIDATED,False,-3.57,-5.79,-2.78
INFY.NS,2025-12-22,True,True,False,True,True,True,True,False,False,INVALIDATED,False,-3.79,-2.38,-1.47
SBIN.NS,2022-09-09,True,True,True,True,True,True,True,False,True,BOS2_CONFIRMED,True,3.13,-2.09,-4.96
SBIN.NS,2022-11-04,True,True,True,True,True,True,True,True,True,INVALIDATED,False,-1.98,-2.27,-0.66
SBIN.NS,2023-07-20,True,True,True,True,True,True,True,True,True,TIMEOUT,False,0.99,-6.02,-6.28
SBIN.NS,2023-12-14,True,True,True,True,True,True,True,True,True,BOS2_CONFIRMED,True,1.39,2.13,1.93
SBIN.NS,2024-02-07,True,True,True,True,True,True,True,True,True,BOS2_CONFIRMED,True,11.95,12.57,15.82
SBIN.NS,2024-03-05,True,True,True,True,True,True,True,False,True,BOS2_CONFIRMED,True,-5.44,-5.02,-1.96
SBIN.NS,2024-04-25,True,True,True,True,True,True,True,True,True,BOS2_CONFIRMED,True,-0.99,-0.87,1.87
SBIN.NS,2025-09-17,True,True,True,True,True,True,True,True,True,,,0.29,1.01,3.55
SBIN.NS,2025-10-10,True,True,True,True,True,True,True,True,True,BOS2_CONFIRMED,True,3.24,5.83,8.89
SBIN.NS,2025-11-17,True,True,True,True,True,True,True,False,True,BOS2_CONFIRMED,True,0.82,-0.85,-1.48
SBIN.NS,2026-01-13,True,True,True,True,True,True,True,False,True,BOS2_CONFIRMED,True,-0.13,3.51,15.77
SBIN.NS,2026-01-28,True,True,True,True,True,True,True,True,True,BOS2_CONFIRMED,True,0.99,12.17,13.78
SBIN.NS,2026-02-09,True,True,True,True,True,True,True,True,True,INVALIDATED,False,5.42,6.28,-5.2
BAJFINANCE.NS,2023-05-26,True,True,False,True,True,True,True,False,True,BOS2_CONFIRMED,True,1.48,2.27,0.84
BAJFINANCE.NS,2023-06-13,True,True,True,True,True,True,True,False,True,BOS2_CONFIRMED,True,0.34,-1.28,4.07
BAJFINANCE.NS,2023-07-04,True,True,True,True,True,True,True,True,True,BOS2_CONFIRMED,True,-5.69,-3.75,-8.59
BAJFINANCE.NS,2023-10-06,True,True,True,True,True,True,True,True,True,INVALIDATED,False,-0.82,-3.74,-7.49
BAJFINANCE.NS,2024-09-13,True,True,True,True,True,True,True,True,True,INVALIDATED,False,-1.11,0.3,-8.63
BAJFINANCE.NS,2024-09-26,True,True,True,True,True,True,True,False,True,INVALIDATED,False,-6.56,-7.34,-10.37
BAJFINANCE.NS,2025-01-30,True,True,True,True,True,True,True,True,True,BOS2_CONFIRMED,True,7.35,6.11,7.64
BAJFINANCE.NS,2025-03-21,True,True,True,True,True,True,True,False,True,BOS2_CONFIRMED,True,-4.37,-3.01,0.18
BAJFINANCE.NS,2025-09-12,True,True,True,True,True,True,False,True,True,BOS2_CONFIRMED,True,0.75,-0.81,2.02
BAJFINANCE.NS,2025-10-13,True,True,True,True,True,True,True,True,True,INVALIDATED,False,4.47,2.21,-3.33
BAJFINANCE.NS,2026-07-17,True,True,True,True,True,True,True,False,True,BOS2_CONFIRMED,True,-0.82,9.08,
BAJFINANCE.NS,2026-07-31,True,True,True,True,True,True,True,True,True,,,,,
BHARTIARTL.NS,2022-09-30,True,True,True,True,True,True,True,False,True,BOS2_CONFIRMED,True,-2.88,-2.52,0.8
BHARTIARTL.NS,2022-10-27,True,True,True,True,True,True,True,False,True,TIMEOUT,False,-0.32,0.35,2.25
BHARTIARTL.NS,2023-09-13,True,True,True,True,True,True,True,True,True,BOS2_CONFIRMED,True,-0.97,0.66,2.85
BHARTIARTL.NS,2023-10-11,True,True,True,True,True,True,True,True,True,BOS2_CONFIRMED,True,-1.32,-4.29,-2.1
BHARTIARTL.NS,2023-11-20,True,True,True,True,True,True,True,False,True,BOS2_CONFIRMED,True,2.94,5.94,0.47
BHARTIARTL.NS,2024-01-04,True,True,True,True,True,True,True,True,True,BOS2_CONFIRMED,True,2.14,6.76,7.62
BHARTIARTL.NS,2024-03-15,True,True,True,True,True,True,True,True,True,BOS2_CONFIRMED,True,-0.97,0.06,5.22
BHARTIARTL.NS,2024-04-18,True,True,True,True,True,True,True,True,True,BOS2_CONFIRMED,True,3.59,0.27,5.02
BHARTIARTL.NS,2024-05-23,True,True,True,True,True,True,True,False,True,,,-0.2,-11.01,-11.01
BHARTIARTL.NS,2024-06-07,True,True,True,True,True,True,True,True,True,BOS2_CONFIRMED,True,0.51,-0.43,1.02
BHARTIARTL.NS,2024-08-28,True,True,True,True,True,True,True,True,True,BOS2_CONFIRMED,True,-1.14,5.22,13.17
BHARTIARTL.NS,2024-09-12,True,True,True,True,True,True,True,True,True,TIMEOUT,False,3.68,5.06,2.7
BHARTIARTL.NS,2025-04-15,True,True,True,True,True,True,True,False,True,BOS2_CONFIRMED,True,2.4,2.54,0.64
BHARTIARTL.NS,2025-06-20,True,True,True,True,True,True,True,False,True,BOS2_CONFIRMED,True,4.12,5.38,-1.08
BHARTIARTL.NS,2025-11-18,True,True,True,True,True,True,True,True,True,INVALIDATED,False,-1.31,-3.2,-2.18
KOTAKBANK.NS,2024-09-19,True,True,True,True,True,True,True,True,True,TIMEOUT,False,-0.08,-4.47,-4.53
KOTAKBANK.NS,2025-03-19,True,True,True,True,True,True,True,True,True,BOS2_CONFIRMED,True,4.81,4.97,9.65
KOTAKBANK.NS,2025-04-21,True,True,True,True,True,True,True,True,True,INVALIDATED,False,-1.96,-6.85,-7.9
LT.NS,2022-08-19,True,True,False,True,True,True,True,False,True,BOS2_CONFIRMED,True,-2.87,1.3,-0.23
LT.NS,2022-10-31,True,True,True,True,True,True,True,True,True,BOS2_CONFIRMED,True,-1.4,-1.4,2.11
LT.NS,2022-11-25,True,True,True,True,True,True,True,False,True,BOS2_CONFIRMED,True,1.03,4.81,1.29
LT.NS,2022-12-07,True,True,True,True,True,True,True,True,True,BOS2_CONFIRMED,True,2.71,-0.47,-1.54
LT.NS,2023-01-17,True,True,True,True,True,True,True,True,True,BOS2_CONFIRMED,True,-2.08,-3.43,-1.92
LT.NS,2023-04-28,True,True,True,True,True,True,True,False,True,BOS2_CONFIRMED,True,0.05,-6.15,-6.84
LT.NS,2023-06-30,True,True,True,True,True,True,True,False,True,BOS2_CONFIRMED,True,-1.59,-0.38,8.2
LT.NS,2023-07-21,True,True,True,True,True,True,True,True,True,BOS2_CONFIRMED,True,1.66,-0.07,1.56
LT.NS,2023-09-07,True,True,True,True,True,True,True,True,True,BOS2_CONFIRMED,True,0.71,0.5,6.51
LT.NS,2023-09-28,True,True,True,True,True,True,True,True,True,BOS2_CONFIRMED,True,1.14,2.04,-3.65
LT.NS,2023-12-01,True,True,True,True,True,True,True,False,True,BOS2_CONFIRMED,True,3.07,6.29,4.66
LT.NS,2023-12-27,True,True,True,True,True,True,True,False,True,BOS2_CONFIRMED,True,-2.43,-1.13,4.6
LT.NS,2024-01-12,True,True,True,True,True,True,True,True,True,BOS2_CONFIRMED,True,-0.7,-2.69,-7.47
LT.NS,2024-03-28,True,True,True,True,True,True,False,False,True,INVALIDATED,False,0.71,-6.28,-4.8
LT.NS,2024-12-09,True,True,True,True,True,True,True,True,True,INVALIDATED,False,-3.74,-7.97,-9.07
LT.NS,2025-10-15,True,True,True,True,True,True,True,True,True,BOS2_CONFIRMED,True,1.95,5.24,5.15
LT.NS,2025-11-27,True,True,True,True,True,True,True,True,True,BOS2_CONFIRMED,True,-1.15,-0.27,-1.13
LT.NS,2026-01-01,True,True,True,True,True,True,True,False,True,,,-2.73,-6.81,-9.96
LT.NS,2026-02-16,True,True,True,True,True,True,True,True,True,INVALIDATED,False,1.17,-10.24,-10.24
HINDUNILVR.NS,2022-07-06,True,True,False,True,True,True,True,True,True,BOS2_CONFIRMED,True,-0.29,4.09,4.91
HINDUNILVR.NS,2024-07-18,True,True,False,True,True,True,True,True,True,BOS2_CONFIRMED,True,-1.02,-1.7,0.13
HINDUNILVR.NS,2024-08-23,True,True,True,True,True,True,True,False,True,INVALIDATED,False,-0.94,3.77,7.56
HINDUNILVR.NS,2024-09-04,True,True,True,True,True,True,True,False,True,INVALIDATED,False,4.1,2.52,0.31
AXISBANK.NS,2022-10-19,True,True,True,True,True,True,True,True,True,BOS2_CONFIRMED,True,9.47,5.24,5.47
AXISBANK.NS,2022-12-08,True,True,True,True,True,True,True,False,True,INVALIDATED,False,-0.94,-3.96,-0.43
AXISBANK.NS,2023-06-07,True,True,True,True,True,True,True,True,True,BOS2_CONFIRMED,True,0.42,-0.66,0.38
AXISBANK.NS,2023-09-11,True,True,True,True,True,True,True,False,True,BOS2_CONFIRMED,True,1.71,1.5,0.84
AXISBANK.NS,2023-11-29,True,True,True,True,True,True,True,True,True,TIMEOUT,False,5.19,5.43,3.73
AXISBANK.NS,2024-06-25,True,True,True,True,True,True,True,True,True,TIMEOUT,False,-0.09,0.82,-8.21
AXISBANK.NS,2024-07-12,True,True,True,True,True,True,True,False,True,,,-4.06,-10.46,-10.46
AXISBANK.NS,2026-01-29,True,True,True,True,True,True,True,True,True,BOS2_CONFIRMED,True,-0.77,-1.46,2.36
ITC.NS,2022-04-08,True,True,True,True,True,True,True,False,True,BOS2_CONFIRMED,True,-3.42,-4.19,-5.9
ITC.NS,2022-05-19,True,True,True,True,True,True,True,True,True,BOS2_CONFIRMED,True,-2.82,-1.55,-4.95
ITC.NS,2022-07-01,True,True,True,True,True,True,True,True,True,BOS2_CONFIRMED,True,3.27,3.38,7.65
ITC.NS,2022-07-20,True,True,True,True,True,True,True,False,True,BOS2_CONFIRMED,True,1.49,3.51,5.15
ITC.NS,2022-08-30,True,True,True,True,True,True,True,True,True,BOS2_CONFIRMED,True,3.26,4.57,4.24
ITC.NS,2022-09-21,True,True,True,True,True,True,True,True,True,BOS2_CONFIRMED,True,-2.33,-2.02,1.35
ITC.NS,2022-11-02,True,True,True,True,True,True,True,True,True,BOS2_CONFIRMED,True,0.66,-3.66,-4.76
ITC.NS,2023-02-02,True,True,True,True,True,True,False,True,True,BOS2_CONFIRMED,True,-2.76,0.39,0.8
ITC.NS,2023-04-11,True,True,True,True,True,True,True,False,True,BOS2_CONFIRMED,True,0.64,4.59,5.71
ITC.NS,2023-05-24,True,True,True,True,True,True,True,True,True,BOS2_CONFIRMED,True,0.63,1.36,2.45
ITC.NS,2023-06-16,True,True,True,True,True,True,True,False,True,BOS2_CONFIRMED,True,-1.99,2.55,3.9
ITC.NS,2023-07-03,True,True,True,True,True,True,True,True,True,BOS2_CONFIRMED,True,1.75,1.61,-0.04
ITC.NS,2023-07-20,True,True,True,True,True,True,True,True,True,INVALIDATED,False,-4.75,-7.49,-8.95
ITC.NS,2024-07-23,True,True,True,True,True,True,True,True,True,BOS2_CONFIRMED,True,-0.13,-0.68,1.72
ITC.NS,2024-09-26,True,True,True,True,True,True,True,False,True,INVALIDATED,False,-1.93,-4.48,-6.94
MARUTI.NS,2022-09-22,True,True,True,True,True,True,True,True,True,BOS2_CONFIRMED,True,-6.06,-5.7,-6.73
MARUTI.NS,2022-10-28,True,True,True,True,True,True,False,True,True,INVALIDATED,False,-3.28,-5.05,-7.67
MARUTI.NS,2023-05-26,True,True,True,True,True,True,True,False,True,BOS2_CONFIRMED,True,1.56,1.22,0.37
MARUTI.NS,2023-09-01,True,True,True,True,True,True,True,True,True,BOS2_CONFIRMED,True,1.28,1.16,-2.61
MARUTI.NS,2023-09-11,True,True,True,True,True,True,True,True,True,BOS2_CONFIRMED,True,-1.87,1.3,0.35
MARUTI.NS,2023-10-13,True,True,True,True,True,True,True,False,True,TIMEOUT,False,-1.64,-3.15,-2.55
MARUTI.NS,2024-02-14,True,True,True,True,True,True,True,False,True,BOS2_CONFIRMED,True,5.6,2.25,3.96
MARUTI.NS,2024-03-20,True,True,True,True,True,True,True,True,True,BOS2_CONFIRMED,True,4.76,7.22,7.88
MARUTI.NS,2025-08-18,True,True,True,True,True,True,True,True,True,TIMEOUT,False,4.58,6.09,12.3
MARUTI.NS,2025-09-08,True,True,True,True,True,True,True,True,True,BOS2_CONFIRMED,True,2.12,5.56,5.0
MARUTI.NS,2026-01-02,True,True,True,True,True,True,False,True,True,INVALIDATED,False,-2.6,-4.99,-11.61
SUNPHARMA.NS,2022-03-17,True,True,True,True,True,True,True,False,True,INVALIDATED,False,-0.72,1.48,1.21
SUNPHARMA.NS,2022-10-13,True,True,True,True,True,True,True,True,True,TIMEOUT,False,0.17,4.19,4.1
SUNPHARMA.NS,2022-10-31,True,True,True,True,True,True,True,True,True,TIMEOUT,False,-0.82,-0.32,2.36
SUNPHARMA.NS,2023-07-11,True,True,True,True,True,True,True,True,True,BOS2_CONFIRMED,True,0.64,3.44,7.24
SUNPHARMA.NS,2023-11-07,True,True,True,True,True,True,False,False,True,BOS2_CONFIRMED,True,1.24,2.03,5.17
SUNPHARMA.NS,2023-11-30,True,True,True,True,True,True,True,True,True,BOS2_CONFIRMED,True,0.22,0.22,2.21
SUNPHARMA.NS,2024-01-02,True,True,True,True,True,True,True,True,True,BOS2_CONFIRMED,True,2.21,0.22,9.29
SUNPHARMA.NS,2024-01-18,True,True,True,True,True,True,True,True,True,BOS2_CONFIRMED,True,2.37,10.08,14.83
SUNPHARMA.NS,2024-02-22,True,True,True,True,True,True,True,False,True,BOS2_CONFIRMED,True,0.08,2.28,2.57
SUNPHARMA.NS,2024-03-06,True,True,True,True,True,True,True,False,True,BOS2_CONFIRMED,True,-3.88,-0.11,-0.51
SUNPHARMA.NS,2024-07-25,True,True,True,True,True,True,True,True,True,TIMEOUT,False,3.66,3.88,6.11
SUNPHARMA.NS,2024-08-20,True,True,True,True,True,True,True,False,True,TIMEOUT,False,2.36,3.55,3.73
SUNPHARMA.NS,2024-09-12,True,True,True,True,True,True,True,False,True,TIMEOUT,False,0.04,4.49,2.4
SUNPHARMA.NS,2024-09-26,True,True,True,True,True,True,True,False,True,TIMEOUT,False,-0.66,-0.43,-0.78
SUNPHARMA.NS,2025-11-19,True,True,True,True,True,True,True,False,True,TIMEOUT,False,1.13,1.58,-2.46
SUNPHARMA.NS,2026-05-11,True,True,True,True,True,True,True,False,True,BOS2_CONFIRMED,True,0.39,-1.82,-5.12
SUNPHARMA.NS,2026-07-09,True,True,True,True,True,True,True,False,True,,,-0.53,-0.09,-0.18
SUNPHARMA.NS,2026-07-27,True,True,True,True,True,True,True,True,True,,,-0.75,,
TITAN.NS,2022-03-17,True,True,True,True,True,True,False,False,True,INVALIDATED,False,-7.45,-8.14,-11.73
TITAN.NS,2022-11-04,True,True,True,True,True,True,True,True,True,INVALIDATED,False,-4.16,-5.98,-5.59
TITAN.NS,2023-05-12,True,True,True,True,True,True,True,False,True,BOS2_CONFIRMED,True,-2.22,1.38,2.83
TITAN.NS,2023-05-29,True,True,True,True,True,True,True,True,True,BOS2_CONFIRMED,True,1.84,2.93,5.17
TITAN.NS,2023-06-28,True,True,True,True,True,True,True,False,True,BOS2_CONFIRMED,True,3.22,0.31,-1.94
TITAN.NS,2023-09-11,True,True,True,True,True,True,True,True,True,BOS2_CONFIRMED,True,2.82,-0.05,2.14
TITAN.NS,2023-11-21,True,True,True,True,True,True,False,False,True,BOS2_CONFIRMED,True,2.66,5.45,5.29
TITAN.NS,2023-12-27,True,True,True,True,True,True,True,False,True,INVALIDATED,False,0.54,-0.04,4.51
TITAN.NS,2024-01-16,True,True,True,True,True,True,True,True,True,INVALIDATED,False,-1.28,-5.41,-4.28
TITAN.NS,2025-06-26,True,True,True,True,True,True,True,True,True,BOS2_CONFIRMED,True,-0.35,-9.15,-6.41
TITAN.NS,2025-11-18,True,True,True,True,True,True,True,False,True,BOS2_CONFIRMED,True,0.38,-1.68,0.64
TITAN.NS,2025-12-26,True,True,True,True,True,True,True,False,True,BOS2_CONFIRMED,True,1.74,5.53,-0.32
TITAN.NS,2026-04-08,True,True,True,True,True,True,False,True,True,BOS2_CONFIRMED,True,1.14,-1.45,0.76
TITAN.NS,2026-07-27,True,True,True,True,True,True,True,True,True,,,3.89,,
ADANIENT.NS,2022-03-28,True,True,True,True,True,True,True,True,True,BOS2_CONFIRMED,True,11.49,14.47,23.93
ADANIENT.NS,2022-04-18,True,True,True,True,True,True,True,True,True,BOS2_CONFIRMED,True,6.69,0.39,-2.85
ADANIENT.NS,2022-07-18,True,True,True,True,True,True,True,False,True,INVALIDATED,False,6.35,11.5,31.02
ADANIENT.NS,2022-09-02,True,True,True,True,True,True,True,True,True,BOS2_CONFIRMED,True,2.66,11.99,-6.43
ADANIENT.NS,2022-11-07,True,True,True,True,True,True,True,False,True,BOS2_CONFIRMED,True,-0.51,-1.85,0.56
ADANIENT.NS,2023-12-05,True,True,False,True,True,True,True,True,True,BOS2_CONFIRMED,True,-6.65,-9.62,-2.65
ADANIENT.NS,2024-05-23,True,True,True,True,True,True,False,True,True,INVALIDATED,False,0.16,-11.48,-11.48
ADANIENT.NS,2026-05-06,True,True,False,True,True,True,True,True,True,BOS2_CONFIRMED,True,6.79,6.19,17.03
ADANIENT.NS,2026-05-25,True,True,True,True,True,True,True,True,True,BOS2_CONFIRMED,True,4.29,4.7,4.11
ADANIENT.NS,2026-07-01,True,True,True,True,True,True,True,True,True,STILL_OPEN,,-2.29,-0.14,-3.38
ULTRACEMCO.NS,2022-11-30,True,True,False,True,True,True,True,True,True,BOS2_CONFIRMED,True,1.11,0.2,-1.66
ULTRACEMCO.NS,2023-03-29,True,True,True,True,True,True,True,False,True,BOS2_CONFIRMED,True,2.2,-0.78,-0.96
ULTRACEMCO.NS,2023-06-06,True,True,True,True,True,True,True,True,True,BOS2_CONFIRMED,True,2.74,1.31,3.38
ULTRACEMCO.NS,2023-09-13,True,True,True,True,True,True,True,True,True,BOS2_CONFIRMED,True,-5.52,-4.74,-4.31
ULTRACEMCO.NS,2023-11-15,True,True,True,True,True,True,True,False,True,BOS2_CONFIRMED,True,-2.1,2.78,14.11
ULTRACEMCO.NS,2023-11-30,True,True,True,True,True,True,True,True,True,BOS2_CONFIRMED,True,3.4,10.17,14.94
ULTRACEMCO.NS,2023-12-27,True,True,True,True,True,True,True,False,True,TIMEOUT,False,-4.55,-5.45,-2.08
ULTRACEMCO.NS,2024-06-10,True,True,True,True,True,True,True,True,True,BOS2_CONFIRMED,True,0.84,2.19,6.7
ULTRACEMCO.NS,2024-06-27,True,True,True,True,True,True,True,True,True,TIMEOUT,False,-0.08,-0.83,1.49
ULTRACEMCO.NS,2025-04-24,True,True,True,True,True,True,True,False,True,BOS2_CONFIRMED,True,-3.94,-3.4,-3.79
ULTRACEMCO.NS,2025-07-02,True,True,True,True,True,True,True,True,True,BOS2_CONFIRMED,True,0.64,0.47,-1.5
ASIANPAINT.NS,2022-07-29,True,True,False,True,True,True,True,True,True,BOS2_CONFIRMED,True,3.54,5.5,3.19
ASIANPAINT.NS,2023-06-13,True,True,True,True,True,True,True,True,True,TIMEOUT,False,1.57,2.55,4.09
ASIANPAINT.NS,2023-06-28,True,True,True,True,True,True,True,False,True,INVALIDATED,False,-0.28,2.29,1.12
ASIANPAINT.NS,2023-07-17,True,True,True,True,True,True,True,False,True,INVALIDATED,False,-1.72,-3.38,-7.69
ASIANPAINT.NS,2024-07-31,True,True,False,True,True,True,True,True,True,BOS2_CONFIRMED,True,-2.67,-1.29,1.26
ASIANPAINT.NS,2024-08-21,True,True,False,True,True,True,True,False,True,INVALIDATED,False,-1.62,2.25,4.01
ASIANPAINT.NS,2024-09-04,True,True,True,True,True,True,True,True,True,INVALIDATED,False,4.42,1.66,-5.17
ASIANPAINT.NS,2025-11-06,True,True,False,True,True,True,True,True,True,INVALIDATED,False,11.66,10.52,14.05
ASIANPAINT.NS,2025-12-02,True,True,True,True,True,True,True,True,True,INVALIDATED,False,-5.54,-6.17,-7.31
NESTLEIND.NS,2022-07-28,True,True,False,True,True,True,True,True,True,BOS2_CONFIRMED,True,4.23,2.99,4.26
NESTLEIND.NS,2022-10-21,True,True,True,True,True,True,True,True,True,TIMEOUT,False,1.15,-0.17,-3.88
NESTLEIND.NS,2023-04-27,True,True,True,True,True,True,True,True,True,BOS2_CONFIRMED,True,3.78,2.85,2.58
NESTLEIND.NS,2023-06-14,True,True,True,True,True,True,True,False,True,BOS2_CONFIRMED,True,-0.86,0.73,1.8
NESTLEIND.NS,2023-10-13,True,True,True,True,True,True,False,False,True,BOS2_CONFIRMED,True,2.75,2.91,2.65
NESTLEIND.NS,2023-12-06,True,True,True,True,True,True,True,True,True,BOS2_CONFIRMED,True,-0.7,0.59,6.79
NESTLEIND.NS,2023-12-19,True,True,True,True,True,True,True,True,True,TIMEOUT,False,2.16,5.54,-2.62
NESTLEIND.NS,2024-09-20,True,True,True,True,True,True,True,True,True,,,-0.56,-4.56,-11.84
NESTLEIND.NS,2025-10-16,True,True,True,True,True,True,True,True,True,BOS2_CONFIRMED,True,1.51,0.22,0.09
NESTLEIND.NS,2026-04-21,True,True,True,True,True,True,True,True,True,BOS2_CONFIRMED,True,5.36,6.84,2.09
NESTLEIND.NS,2026-08-06,True,True,True,True,True,True,True,True,True,,,,,
BAJAJFINSV.NS,2023-07-04,True,True,False,True,True,True,True,True,True,TIMEOUT,False,-2.32,0.8,-6.38
BAJAJFINSV.NS,2023-12-01,True,True,True,True,True,True,True,False,True,TIMEOUT,False,0.16,1.45,-0.81
BAJAJFINSV.NS,2024-08-29,True,True,True,True,True,True,True,True,True,BOS2_CONFIRMED,True,4.93,7.03,13.6
BAJAJFINSV.NS,2024-09-20,True,True,True,True,True,True,True,True,True,INVALIDATED,False,2.26,-4.75,-11.07
BAJAJFINSV.NS,2025-04-17,True,True,True,True,True,True,True,False,True,TIMEOUT,False,0.62,-0.06,-1.57
BAJAJFINSV.NS,2025-10-20,True,True,True,True,True,True,True,False,True,INVALIDATED,False,-0.6,-4.04,-2.53
WIPRO.NS,2023-09-04,True,True,False,True,True,True,True,True,True,INVALIDATED,False,-0.18,-1.31,-6.65
WIPRO.NS,2023-12-15,True,True,False,True,True,True,True,True,True,BOS2_CONFIRMED,True,5.4,5.2,8.74
WIPRO.NS,2024-01-15,True,True,True,True,True,True,True,True,False,BOS2_CONFIRMED,True,-3.42,-4.78,4.75
WIPRO.NS,2024-02-16,True,True,True,True,True,True,True,True,True,INVALIDATED,False,-2.38,-4.65,-9.35
WIPRO.NS,2024-07-12,True,True,True,True,True,True,True,True,True,,,-12.87,-12.87,-12.87
WIPRO.NS,2024-12-09,True,True,True,True,True,True,True,False,True,INVALIDATED,False,0.93,-0.23,-2.76
WIPRO.NS,2025-01-24,True,True,True,True,True,True,True,True,True,INVALIDATED,False,-4.09,0.06,-3.6
HCLTECH.NS,2022-11-14,True,True,False,True,True,True,True,False,True,TIMEOUT,False,0.91,3.24,-4.46
HCLTECH.NS,2023-06-20,True,True,True,True,True,True,True,False,True,BOS2_CONFIRMED,True,-0.4,0.48,-1.63
HCLTECH.NS,2023-09-04,True,True,True,True,True,True,True,False,True,BOS2_CONFIRMED,True,3.69,4.58,-0.11
HCLTECH.NS,2023-11-30,True,True,True,True,True,True,True,True,True,BOS2_CONFIRMED,True,1.34,10.79,10.23
HCLTECH.NS,2024-01-12,True,True,True,True,True,True,True,True,True,BOS2_CONFIRMED,True,-5.36,-2.11,3.82
HCLTECH.NS,2024-02-06,True,True,True,True,True,True,True,True,True,INVALIDATED,False,2.67,0.51,1.0
HCLTECH.NS,2024-08-26,True,True,True,True,True,True,True,True,True,BOS2_CONFIRMED,True,3.74,3.09,2.88
HCLTECH.NS,2024-10-11,True,True,True,True,True,True,True,True,True,BOS2_CONFIRMED,True,-0.13,1.39,1.15
HCLTECH.NS,2024-11-22,True,True,True,True,True,True,True,False,True,BOS2_CONFIRMED,True,-2.48,-0.47,-0.83
HCLTECH.NS,2024-12-05,True,True,True,True,True,True,True,True,True,BOS2_CONFIRMED,True,2.22,-0.76,1.4
HCLTECH.NS,2025-01-10,True,True,True,True,True,True,True,True,True,,,-10.13,-10.13,-10.13
HCLTECH.NS,2026-01-16,True,True,True,True,True,True,True,True,True,INVALIDATED,False,1.31,-0.16,-10.14
NTPC.NS,2022-04-18,True,True,True,True,True,True,True,True,True,INVALIDATED,False,-4.79,-3.79,-13.77
NTPC.NS,2022-09-06,True,True,True,True,True,True,True,True,True,BOS2_CONFIRMED,True,2.28,0.06,-3.32
NTPC.NS,2022-11-01,True,True,True,True,True,True,True,True,True,TIMEOUT,False,-5.39,-7.48,-5.33
NTPC.NS,2023-06-09,True,True,True,True,True,True,True,True,True,BOS2_CONFIRMED,True,1.67,1.15,5.25
NTPC.NS,2023-06-28,True,True,True,True,True,True,True,True,True,BOS2_CONFIRMED,True,2.39,-0.35,11.64
NTPC.NS,2023-07-25,True,True,True,True,True,True,True,True,True,BOS2_CONFIRMED,True,8.73,8.54,9.6
NTPC.NS,2023-09-01,True,True,True,True,True,True,True,False,True,BOS2_CONFIRMED,True,4.02,3.21,0.62
NTPC.NS,2023-11-16,True,True,True,True,True,True,True,False,True,,,0.36,8.62,19.84
NTPC.NS,2023-11-28,True,True,True,True,True,True,True,True,True,,,8.3,13.29,20.94
NTPC.NS,2024-02-02,True,True,True,True,True,True,True,True,True,BOS2_CONFIRMED,True,-6.46,0.22,4.69
NTPC.NS,2024-03-04,True,True,True,True,True,True,True,False,True,BOS2_CONFIRMED,True,-9.13,-11.74,-11.74
NTPC.NS,2024-07-26,True,True,True,True,True,True,False,True,True,BOS2_CONFIRMED,True,2.29,-0.78,1.4
NTPC.NS,2024-09-25,True,True,True,True,True,True,True,True,True,INVALIDATED,False,-1.71,-3.53,-8.92
NTPC.NS,2026-01-02,True,True,False,True,True,True,True,True,True,BOS2_CONFIRMED,True,-3.68,-2.0,2.34
NTPC.NS,2026-01-29,True,True,False,True,True,True,True,True,True,BOS2_CONFIRMED,True,1.69,1.11,6.38
NTPC.NS,2026-02-20,True,True,True,True,True,True,True,False,True,BOS2_CONFIRMED,True,0.95,0.88,0.41
NTPC.NS,2026-04-20,True,True,True,True,True,True,True,False,True,INVALIDATED,False,2.07,0.01,-2.31
POWERGRID.NS,2022-04-01,True,True,True,True,True,True,True,True,True,BOS2_CONFIRMED,True,2.17,0.44,3.43
POWERGRID.NS,2023-05-02,True,True,True,True,True,True,True,False,True,BOS2_CONFIRMED,True,3.19,-0.5,-2.56
POWERGRID.NS,2023-06-21,True,True,True,True,True,True,True,True,True,BOS2_CONFIRMED,True,-1.1,-0.99,-5.39
POWERGRID.NS,2023-11-09,True,True,True,True,True,True,True,False,True,BOS2_CONFIRMED,True,-0.57,-0.14,9.9
POWERGRID.NS,2023-12-05,True,True,True,True,True,True,True,True,True,BOS2_CONFIRMED,True,4.85,0.51,6.84
POWERGRID.NS,2024-01-04,True,True,True,True,True,True,True,False,True,BOS2_CONFIRMED,True,-1.03,-2.73,13.33
POWERGRID.NS,2024-01-24,True,True,True,True,True,True,True,False,True,BOS2_CONFIRMED,True,13.22,11.54,15.2
POWERGRID.NS,2024-04-30,True,True,True,True,True,True,True,True,True,BOS2_CONFIRMED,True,-1.92,3.49,2.67
POWERGRID.NS,2024-05-21,True,True,True,True,True,True,True,True,True,BOS2_CONFIRMED,True,-3.07,-12.88,-12.88
POWERGRID.NS,2024-07-30,True,True,True,True,True,True,True,True,True,INVALIDATED,False,1.09,-4.24,-4.29
POWERGRID.NS,2026-02-16,True,True,False,True,True,True,True,False,True,TIMEOUT,False,1.84,-2.46,0.03
POWERGRID.NS,2026-04-15,True,True,True,True,True,True,True,False,True,INVALIDATED,False,1.32,1.06,-4.21
ONGC.NS,2023-01-19,True,True,True,True,True,True,True,True,True,BOS2_CONFIRMED,True,-4.67,-5.59,1.88
ONGC.NS,2023-02-16,True,True,True,True,True,True,True,True,True,BOS2_CONFIRMED,True,-0.32,-0.8,-2.06
ONGC.NS,2023-05-08,True,True,True,True,True,True,True,True,True,BOS2_CONFIRMED,True,1.82,0.0,-6.88
ONGC.NS,2023-07-14,True,True,True,True,True,True,True,False,True,BOS2_CONFIRMED,True,1.91,5.51,6.08
ONGC.NS,2023-09-01,True,True,True,True,True,True,True,True,True,BOS2_CONFIRMED,True,-0.24,1.58,-0.6
ONGC.NS,2023-09-29,True,True,True,True,True,True,True,True,True,BOS2_CONFIRMED,True,-3.06,-1.61,-1.37
ONGC.NS,2023-11-06,True,True,True,True,True,True,True,False,True,BOS2_CONFIRMED,True,3.15,-1.24,2.84
ONGC.NS,2024-01-04,True,True,True,True,True,True,True,True,True,BOS2_CONFIRMED,True,3.69,12.35,26.39
ONGC.NS,2024-01-29,True,True,True,True,True,True,True,True,True,BOS2_CONFIRMED,True,6.16,1.17,5.01
ONGC.NS,2024-07-08,True,True,True,True,True,True,False,True,True,INVALIDATED,False,7.26,6.23,9.41
ONGC.NS,2026-01-28,True,True,False,True,True,True,True,True,True,BOS2_CONFIRMED,True,-0.3,2.35,3.74
ONGC.NS,2026-04-28,True,True,True,True,True,True,True,False,True,INVALIDATED,False,-7.6,-2.22,-9.82
COALINDIA.NS,2022-04-20,True,True,True,True,True,True,True,True,True,INVALIDATED,False,-5.44,-11.07,-11.07
COALINDIA.NS,2022-07-29,True,True,True,True,True,True,True,False,True,BOS2_CONFIRMED,True,1.36,4.21,8.38
COALINDIA.NS,2022-08-10,True,True,True,True,True,True,True,True,True,BOS2_CONFIRMED,True,-3.92,1.75,2.43
COALINDIA.NS,2022-08-26,True,True,True,True,True,True,True,True,True,BOS2_CONFIRMED,True,5.1,4.47,-3.39
COALINDIA.NS,2022-09-07,True,True,True,True,True,True,True,False,True,INVALIDATED,False,-2.6,-5.59,-11.38
COALINDIA.NS,2022-10-28,True,True,True,True,True,True,True,False,True,INVALIDATED,False,1.44,-5.63,-7.64
COALINDIA.NS,2022-11-09,True,True,True,True,True,True,True,True,True,INVALIDATED,False,-9.91,-11.42,-10.68
COALINDIA.NS,2023-09-05,True,True,True,True,True,True,True,True,True,BOS2_CONFIRMED,True,9.26,9.57,12.44
COALINDIA.NS,2023-09-25,True,True,True,True,True,True,True,False,True,BOS2_CONFIRMED,True,-0.17,4.65,5.82
COALINDIA.NS,2023-10-10,True,True,True,True,True,True,True,True,True,BOS2_CONFIRMED,True,4.07,0.23,6.24
COALINDIA.NS,2023-11-09,True,True,True,True,True,True,True,False,True,BOS2_CONFIRMED,True,7.18,5.39,7.1
COALINDIA.NS,2023-12-19,True,True,True,True,True,True,True,True,True,BOS2_CONFIRMED,True,3.24,4.27,1.8
COALINDIA.NS,2024-01-29,True,True,True,True,True,True,True,True,True,BOS2_CONFIRMED,True,7.91,8.8,6.17
COALINDIA.NS,2024-05-21,True,True,True,True,True,True,False,True,True,BOS2_CONFIRMED,True,-1.63,-11.26,-11.26
COALINDIA.NS,2026-01-02,True,True,False,True,True,True,True,True,True,BOS2_CONFIRMED,True,0.31,-0.19,-0.36
COALINDIA.NS,2026-03-12,True,True,True,True,True,True,True,True,True,BOS2_CONFIRMED,True,-1.03,-4.77,-8.51
COALINDIA.NS,2026-04-29,True,True,True,True,True,True,True,True,True,INVALIDATED,False,-3.67,-6.28,-11.57
TATASTEEL.NS,2023-01-18,True,True,False,True,True,True,True,False,True,INVALIDATED,False,-0.94,-1.19,-10.15
TATASTEEL.NS,2023-09-01,True,True,True,True,True,True,True,True,True,BOS2_CONFIRMED,True,1.51,0.97,-3.02
TATASTEEL.NS,2023-12-15,True,True,True,True,True,True,True,True,True,BOS2_CONFIRMED,True,-1.21,2.01,0.29
TATASTEEL.NS,2023-12-28,True,True,True,True,True,True,True,True,True,BOS2_CONFIRMED,True,-3.57,-2.38,-2.81
TATASTEEL.NS,2024-02-05,True,True,True,True,True,True,True,True,True,BOS2_CONFIRMED,True,-3.6,-1.36,6.19
TATASTEEL.NS,2024-03-01,True,True,True,True,True,True,True,True,True,BOS2_CONFIRMED,True,-1.55,-3.97,5.49
TATASTEEL.NS,2024-04-01,True,True,True,True,True,True,True,True,True,BOS2_CONFIRMED,True,1.87,-1.78,2.18
TATASTEEL.NS,2024-05-21,True,True,True,True,True,True,True,False,True,BOS2_CONFIRMED,True,-0.68,-12.41,-12.41
TATASTEEL.NS,2024-06-07,True,True,True,True,True,True,True,True,True,INVALIDATED,False,0.5,-2.51,-4.67
TATASTEEL.NS,2025-05-21,True,True,False,True,True,True,True,True,True,BOS2_CONFIRMED,True,1.33,-1.87,-6.2
TATASTEEL.NS,2025-09-10,True,True,True,True,True,True,True,False,False,BOS2_CONFIRMED,True,1.58,1.79,2.66
TATASTEEL.NS,2025-10-28,True,True,True,True,True,True,True,True,True,BOS2_CONFIRMED,True,-3.48,-3.82,-8.46
TATASTEEL.NS,2026-01-14,True,True,True,True,True,True,True,True,True,BOS2_CONFIRMED,True,-0.08,2.05,7.36
TATASTEEL.NS,2026-01-28,True,True,True,True,True,True,True,True,True,BOS2_CONFIRMED,True,1.7,7.02,10.84
TATASTEEL.NS,2026-02-10,True,True,True,True,True,True,True,True,True,BOS2_CONFIRMED,True,-0.18,2.5,-7.61
TATASTEEL.NS,2026-02-25,True,True,True,True,True,True,True,False,True,INVALIDATED,False,-8.1,-11.9,-11.9
JSWSTEEL.NS,2022-03-28,True,True,False,True,False,True,True,True,True,INVALIDATED,False,0.27,3.34,-0.33
JSWSTEEL.NS,2022-04-11,True,True,False,True,False,True,True,False,True,INVALIDATED,False,-4.57,-5.24,-10.54
JSWSTEEL.NS,2022-11-07,True,True,False,True,True,True,True,False,True,BOS2_CONFIRMED,True,-1.08,0.64,3.09
JSWSTEEL.NS,2022-11-29,True,True,True,True,True,True,True,True,True,BOS2_CONFIRMED,True,0.55,3.25,3.76
JSWSTEEL.NS,2022-12-27,True,True,True,True,True,True,True,True,True,INVALIDATED,False,-3.25,-0.89,-4.78
JSWSTEEL.NS,2023-12-12,True,True,True,True,True,True,True,True,True,BOS2_CONFIRMED,True,-1.47,3.04,-3.84
JSWSTEEL.NS,2023-12-27,True,True,True,True,True,True,True,True,True,INVALIDATED,False,-5.19,-6.89,-8.06
JSWSTEEL.NS,2024-06-20,True,True,True,True,True,True,True,False,True,BOS2_CONFIRMED,True,0.27,2.7,-4.35
JSWSTEEL.NS,2024-07-03,True,True,True,True,True,True,True,False,True,BOS2_CONFIRMED,True,-2.67,-6.41,-5.35
JSWSTEEL.NS,2024-09-20,True,True,True,True,True,True,True,True,True,TIMEOUT,False,4.47,1.24,-2.27
JSWSTEEL.NS,2025-03-28,True,True,True,True,True,True,True,True,True,,,-10.0,-10.0,-10.0
JSWSTEEL.NS,2025-09-08,True,True,True,True,True,True,True,True,True,BOS2_CONFIRMED,True,1.38,3.49,4.11
JSWSTEEL.NS,2025-10-28,True,True,True,True,True,True,True,True,True,BOS2_CONFIRMED,True,-1.72,-0.45,-2.4
JSWSTEEL.NS,2026-02-25,True,True,True,True,True,True,True,False,True,INVALIDATED,False,-3.28,-10.81,-10.81
HINDALCO.NS,2022-02-28,True,True,True,True,True,True,True,True,True,INVALIDATED,False,2.23,-0.44,-1.0
HINDALCO.NS,2022-12-01,True,True,False,True,True,True,True,True,True,BOS2_CONFIRMED,True,-0.1,-1.41,2.17
HINDALCO.NS,2023-09-01,True,True,True,True,True,True,True,True,True,BOS2_CONFIRMED,True,1.52,1.44,-0.88
HINDALCO.NS,2023-09-14,True,True,True,True,True,True,True,True,True,BOS2_CONFIRMED,True,-7.57,-5.48,-4.62
HINDALCO.NS,2023-11-28,True,True,True,True,True,True,True,True,True,BOS2_CONFIRMED,True,0.77,2.67,18.36
HINDALCO.NS,2023-12-13,True,True,True,True,True,True,True,True,True,BOS2_CONFIRMED,True,3.01,13.86,7.79
HINDALCO.NS,2024-04-24,True,True,True,True,True,True,True,True,True,BOS2_CONFIRMED,True,1.79,-1.59,6.63
HINDALCO.NS,2024-05-21,True,True,True,True,True,True,True,True,True,BOS2_CONFIRMED,True,0.97,-14.19,-14.19
HINDALCO.NS,2024-09-24,True,True,True,True,True,True,True,True,True,INVALIDATED,False,3.05,0.71,-4.73
HINDALCO.NS,2025-09-02,True,True,True,True,True,True,True,True,True,BOS2_CONFIRMED,True,2.5,3.46,5.65
HINDALCO.NS,2025-10-03,True,True,True,True,True,True,True,False,True,BOS2_CONFIRMED,True,-1.52,0.55,6.31
HINDALCO.NS,2025-10-23,True,True,True,True,True,True,True,True,True,BOS2_CONFIRMED,True,4.5,-3.22,-4.52
HINDALCO.NS,2025-12-22,True,True,True,True,True,True,True,False,True,BOS2_CONFIRMED,True,1.8,7.74,7.83
HINDALCO.NS,2026-04-16,True,True,True,True,True,True,True,True,True,BOS2_CONFIRMED,True,1.14,0.14,2.99
HINDALCO.NS,2026-05-22,True,True,True,True,True,True,True,True,True,INVALIDATED,False,2.82,-4.29,-10.41
TECHM.NS,2023-07-14,True,True,False,True,True,True,True,True,True,BOS2_CONFIRMED,True,-5.99,-9.74,-1.31
TECHM.NS,2023-09-14,True,True,True,True,True,True,True,False,True,INVALIDATED,False,1.66,-4.85,-6.31
TECHM.NS,2024-01-15,True,True,True,True,True,True,True,True,True,INVALIDATED,False,5.85,-1.32,-2.24
TECHM.NS,2024-07-01,True,True,True,True,True,True,True,False,True,BOS2_CONFIRMED,True,-0.96,2.45,5.03
TECHM.NS,2024-08-16,True,True,True,True,True,True,True,False,True,BOS2_CONFIRMED,True,3.29,3.7,3.85
TECHM.NS,2024-10-14,True,True,True,True,True,True,True,True,True,BOS2_CONFIRMED,True,-0.2,-0.09,-0.76
TECHM.NS,2024-12-05,True,True,True,True,True,True,True,False,True,INVALIDATED,False,-0.03,-6.17,-6.16
TECHM.NS,2026-01-16,True,True,True,True,True,True,True,True,True,INVALIDATED,False,3.26,1.57,-12.14
GRASIM.NS,2022-12-02,True,True,True,True,True,True,True,True,True,INVALIDATED,False,-0.68,-3.39,-5.28
GRASIM.NS,2023-09-13,True,True,True,True,True,True,True,True,True,BOS2_CONFIRMED,True,-1.6,-0.03,1.58
GRASIM.NS,2023-12-04,True,True,True,True,True,True,True,True,False,BOS2_CONFIRMED,True,1.11,2.93,0.69
GRASIM.NS,2024-03-01,True,True,True,True,True,True,True,True,True,BOS2_CONFIRMED,True,-2.72,-3.17,1.46
GRASIM.NS,2024-03-28,True,True,True,True,True,True,True,False,True,BOS2_CONFIRMED,True,-0.83,-2.48,5.97
GRASIM.NS,2024-04-23,True,True,True,True,True,True,True,True,True,BOS2_CONFIRMED,True,2.5,-1.02,2.65
GRASIM.NS,2024-06-26,True,True,True,True,True,True,True,True,True,TIMEOUT,False,7.04,9.66,11.29
GRASIM.NS,2025-05-15,True,True,True,True,True,True,True,True,True,BOS2_CONFIRMED,True,-6.52,-10.52,-6.37
GRASIM.NS,2025-06-26,True,True,True,True,True,True,True,True,True,BOS2_CONFIRMED,True,-3.11,-4.63,-6.47
GRASIM.NS,2026-05-21,True,True,True,True,True,True,True,True,True,STILL_OPEN,,-1.75,-2.84,-0.9
GRASIM.NS,2026-08-03,True,True,True,True,True,True,True,True,True,STILL_OPEN,,,,
DRREDDY.NS,2023-04-05,True,True,True,True,True,True,True,False,True,BOS2_CONFIRMED,True,3.37,2.39,5.1
DRREDDY.NS,2023-05-02,True,True,True,True,True,True,True,False,True,,,-1.67,-10.18,-10.18
DRREDDY.NS,2023-06-23,True,True,True,True,True,True,True,False,True,BOS2_CONFIRMED,True,3.98,3.53,8.73
DRREDDY.NS,2023-07-20,True,True,True,True,True,True,True,True,True,TIMEOUT,False,4.88,6.13,11.04
DRREDDY.NS,2024-01-31,True,True,True,True,True,True,True,True,True,TIMEOUT,False,1.16,2.68,5.5
DRREDDY.NS,2024-07-05,True,True,True,True,True,True,True,False,True,BOS2_CONFIRMED,True,4.21,5.29,4.41
DRREDDY.NS,2024-08-09,True,True,True,True,True,True,True,False,True,INVALIDATED,False,-0.69,-0.73,-5.18
CIPLA.NS,2022-03-11,True,True,True,True,True,True,True,True,True,TIMEOUT,False,-1.19,-0.59,-1.7
CIPLA.NS,2022-09-29,True,True,True,True,True,True,True,True,True,BOS2_CONFIRMED,True,-0.08,-1.04,4.79
CIPLA.NS,2022-10-25,True,True,True,True,True,True,True,False,True,INVALIDATED,False,-0.59,-4.15,-5.52
CIPLA.NS,2023-07-27,True,True,True,True,True,True,True,True,True,BOS2_CONFIRMED,True,3.27,6.72,4.9
CIPLA.NS,2023-08-08,True,True,True,True,True,True,True,True,True,BOS2_CONFIRMED,True,-2.28,-3.9,-1.63
CIPLA.NS,2024-01-03,True,True,True,True,True,True,False,False,True,BOS2_CONFIRMED,True,1.66,1.45,9.96
CIPLA.NS,2024-01-23,True,True,True,True,True,True,True,True,False,BOS2_CONFIRMED,True,-1.52,0.79,3.14
CIPLA.NS,2024-02-05,True,True,True,True,True,True,True,False,True,BOS2_CONFIRMED,True,0.89,0.47,1.98
CIPLA.NS,2024-02-19,True,True,True,True,True,True,True,False,True,BOS2_CONFIRMED,True,0.84,-0.11,-3.91
CIPLA.NS,2024-06-10,True,True,True,True,True,True,True,False,True,BOS2_CONFIRMED,True,0.96,-4.27,-2.06
CIPLA.NS,2024-08-28,True,True,True,True,True,True,True,True,True,INVALIDATED,False,0.35,2.17,-0.01
CIPLA.NS,2025-08-21,True,True,True,True,True,True,True,False,True,BOS2_CONFIRMED,True,-0.18,-3.07,-3.01
DIVISLAB.NS,2023-07-05,True,True,False,True,True,True,True,True,True,BOS2_CONFIRMED,True,-3.36,-2.14,-0.54
DIVISLAB.NS,2024-01-02,True,True,True,True,True,True,True,True,True,INVALIDATED,False,-3.64,-7.93,-12.18
DIVISLAB.NS,2024-05-23,True,True,True,True,True,True,True,False,True,BOS2_CONFIRMED,True,4.72,9.99,9.88
DIVISLAB.NS,2024-07-26,True,True,True,True,True,True,True,False,True,BOS2_CONFIRMED,True,0.48,1.81,2.05
DIVISLAB.NS,2024-08-28,True,True,True,True,True,True,True,True,True,BOS2_CONFIRMED,True,1.41,8.57,6.52
DIVISLAB.NS,2024-10-09,True,True,True,True,True,True,True,True,True,TIMEOUT,False,1.97,-3.75,-0.0
DIVISLAB.NS,2025-05-19,True,True,True,True,True,True,True,True,True,BOS2_CONFIRMED,True,1.79,-0.76,-0.64
DIVISLAB.NS,2025-07-03,True,True,True,True,True,True,True,False,True,INVALIDATED,False,-0.65,-2.16,-7.54
DIVISLAB.NS,2026-07-14,True,True,True,True,True,True,True,True,True,,,1.74,7.22,
DIVISLAB.NS,2026-07-29,True,True,True,True,True,True,True,True,True,,,5.88,,
APOLLOHOSP.NS,2022-11-24,True,True,True,True,True,True,True,True,True,INVALIDATED,False,1.17,-2.7,-2.39
APOLLOHOSP.NS,2023-06-02,True,True,True,True,True,True,True,True,True,TIMEOUT,False,-0.87,3.56,2.86
APOLLOHOSP.NS,2023-06-15,True,True,True,True,True,True,True,True,True,TIMEOUT,False,-3.32,-2.88,0.01
APOLLOHOSP.NS,2023-07-28,True,True,True,True,True,True,True,False,True,,,-6.1,-10.27,-10.27
APOLLOHOSP.NS,2023-11-17,True,True,True,True,True,True,True,False,True,BOS2_CONFIRMED,True,-1.98,1.92,1.47
APOLLOHOSP.NS,2023-12-28,True,True,True,True,True,True,True,False,True,BOS2_CONFIRMED,True,0.25,0.97,9.93
APOLLOHOSP.NS,2024-01-17,True,True,True,True,True,True,True,True,True,BOS2_CONFIRMED,True,6.22,4.62,11.72
APOLLOHOSP.NS,2024-02-09,True,True,True,True,True,True,True,True,True,INVALIDATED,False,2.97,1.84,-4.95
APOLLOHOSP.NS,2024-08-30,True,True,True,True,True,True,True,True,True,BOS2_CONFIRMED,True,-1.84,0.61,3.01
APOLLOHOSP.NS,2024-09-23,True,True,True,True,True,True,True,True,True,BOS2_CONFIRMED,True,1.09,-0.95,-2.39
APOLLOHOSP.NS,2024-11-07,True,True,True,True,True,True,True,True,True,INVALIDATED,False,-8.77,-4.24,-1.78
APOLLOHOSP.NS,2025-07-03,True,True,True,True,True,True,True,True,True,BOS2_CONFIRMED,True,-5.31,-3.81,-3.18
APOLLOHOSP.NS,2025-08-13,True,True,True,True,True,True,True,True,True,TIMEOUT,False,1.18,-2.02,-0.17
APOLLOHOSP.NS,2026-05-08,True,True,True,True,True,True,True,True,True,BOS2_CONFIRMED,True,-0.32,4.45,3.88
APOLLOHOSP.NS,2026-05-21,True,True,True,True,True,True,True,True,True,BOS2_CONFIRMED,True,-1.59,-0.05,2.18
APOLLOHOSP.NS,2026-06-09,True,True,True,True,True,True,True,True,True,,,-1.17,0.55,2.66
APOLLOHOSP.NS,2026-07-02,True,True,True,True,True,True,True,False,True,,,1.12,0.95,0.88
EICHERMOT.NS,2022-07-07,True,True,True,True,True,True,True,False,True,BOS2_CONFIRMED,True,2.78,6.63,4.66
EICHERMOT.NS,2022-08-12,True,True,True,True,True,True,True,True,True,BOS2_CONFIRMED,True,7.67,4.37,10.06
EICHERMOT.NS,2022-09-12,True,True,True,True,True,True,True,False,True,BOS2_CONFIRMED,True,4.4,0.44,-2.72
EICHERMOT.NS,2023-11-15,True,True,True,True,True,True,True,True,True,BOS2_CONFIRMED,True,0.93,1.12,5.51
EICHERMOT.NS,2023-12-04,True,True,True,True,True,True,True,True,True,BOS2_CONFIRMED,True,-5.48,-3.38,-7.02
EICHERMOT.NS,2024-04-08,True,True,True,True,True,True,True,True,True,BOS2_CONFIRMED,True,2.43,8.65,9.65
EICHERMOT.NS,2024-04-22,True,True,True,True,True,True,True,True,True,BOS2_CONFIRMED,True,2.8,2.86,8.52
EICHERMOT.NS,2024-05-23,True,True,True,True,True,True,True,False,True,,,-1.85,-11.48,-11.48
EICHERMOT.NS,2024-06-14,True,True,True,True,True,True,True,False,True,BOS2_CONFIRMED,True,-3.34,-6.36,-0.48
EICHERMOT.NS,2024-07-26,True,True,True,True,True,True,True,True,True,TIMEOUT,False,-7.12,-4.47,-3.28
EICHERMOT.NS,2024-09-27,True,True,True,True,True,True,False,True,True,BOS2_CONFIRMED,True,-7.28,-6.71,-10.0
EICHERMOT.NS,2025-01-02,True,True,True,True,True,True,True,True,True,BOS2_CONFIRMED,True,-5.01,-5.87,-2.45
EICHERMOT.NS,2025-04-16,True,True,True,True,True,True,True,False,True,BOS2_CONFIRMED,True,-0.71,-2.76,-1.52
EICHERMOT.NS,2025-08-18,True,True,True,True,True,True,True,True,True,BOS2_CONFIRMED,True,3.94,7.66,16.43
EICHERMOT.NS,2025-11-20,True,True,True,True,True,True,True,True,True,BOS2_CONFIRMED,True,-1.01,1.16,1.28
EICHERMOT.NS,2026-01-05,True,True,True,True,True,True,False,False,True,BOS2_CONFIRMED,True,-1.46,-4.53,-3.15
EICHERMOT.NS,2026-02-11,True,True,True,True,True,True,False,True,True,INVALIDATED,False,1.51,5.28,-11.92
HEROMOTOCO.NS,2023-06-02,True,True,False,True,True,True,True,True,True,BOS2_CONFIRMED,True,0.7,-4.38,4.12
HEROMOTOCO.NS,2023-07-04,True,True,True,True,True,True,True,True,True,BOS2_CONFIRMED,True,0.95,1.53,-1.85
HEROMOTOCO.NS,2023-11-16,True,True,True,True,True,True,True,True,True,BOS2_CONFIRMED,True,7.87,15.42,18.24
HEROMOTOCO.NS,2023-12-15,True,True,True,True,True,True,True,True,True,BOS2_CONFIRMED,True,4.29,4.83,12.43
HEROMOTOCO.NS,2023-12-26,True,True,True,True,True,True,True,True,True,BOS2_CONFIRMED,True,-1.82,1.82,9.3
HEROMOTOCO.NS,2024-01-11,True,True,True,True,True,True,True,True,True,BOS2_CONFIRMED,True,3.7,8.15,11.84
HEROMOTOCO.NS,2024-01-29,True,True,True,True,True,True,True,False,True,BOS2_CONFIRMED,True,3.38,2.55,-4.26
HEROMOTOCO.NS,2024-05-14,True,True,True,True,True,True,False,True,True,BOS2_CONFIRMED,True,1.72,1.54,14.99
HEROMOTOCO.NS,2024-06-04,True,True,True,True,True,True,True,True,True,BOS2_CONFIRMED,True,8.94,3.57,4.58
HEROMOTOCO.NS,2024-09-17,True,True,True,True,True,True,True,True,True,INVALIDATED,False,1.72,-5.39,-11.36
HEROMOTOCO.NS,2025-08-04,True,True,False,True,True,True,True,True,True,BOS2_CONFIRMED,True,2.41,13.23,17.97
HEROMOTOCO.NS,2025-08-18,True,True,True,True,True,True,True,True,True,BOS2_CONFIRMED,True,1.79,7.32,7.34
HEROMOTOCO.NS,2025-09-02,True,True,True,True,True,True,True,True,True,BOS2_CONFIRMED,True,0.48,0.47,2.02
HEROMOTOCO.NS,2025-10-03,True,True,True,True,True,True,True,True,True,BOS2_CONFIRMED,True,0.58,2.06,-3.94
HEROMOTOCO.NS,2025-11-17,True,True,True,True,True,True,True,True,True,INVALIDATED,False,4.49,7.74,2.17
BAJAJ-AUTO.NS,2022-07-19,True,True,True,True,True,True,True,False,True,INVALIDATED,False,-3.34,-0.36,1.41
BAJAJ-AUTO.NS,2023-04-05,True,True,True,True,True,True,True,False,True,,,5.62,7.55,12.43
BAJAJ-AUTO.NS,2023-06-02,True,True,True,True,True,True,True,True,True,BOS2_CONFIRMED,True,1.74,-1.93,-1.34
BAJAJ-AUTO.NS,2023-07-05,True,True,True,True,True,True,True,True,True,BOS2_CONFIRMED,True,-0.48,-0.44,-1.3
BAJAJ-AUTO.NS,2023-09-15,True,True,True,True,True,True,False,True,True,BOS2_CONFIRMED,True,-1.07,-4.01,0.26
BAJAJ-AUTO.NS,2023-10-19,True,True,True,True,True,True,True,True,True,BOS2_CONFIRMED,True,-2.59,-0.79,4.33
BAJAJ-AUTO.NS,2023-11-15,True,True,True,True,True,True,True,False,True,,,7.34,9.53,13.68
BAJAJ-AUTO.NS,2023-12-12,True,True,True,True,True,True,True,False,True,BOS2_CONFIRMED,True,1.67,7.08,16.6
BAJAJ-AUTO.NS,2023-12-27,True,True,True,True,True,True,True,False,True,BOS2_CONFIRMED,True,3.17,8.78,12.51
BAJAJ-AUTO.NS,2024-01-25,True,True,True,True,True,True,True,True,True,BOS2_CONFIRMED,True,0.85,3.11,11.25
BAJAJ-AUTO.NS,2024-02-13,True,True,True,True,True,True,True,False,True,BOS2_CONFIRMED,True,4.22,3.67,6.13
BAJAJ-AUTO.NS,2024-03-07,True,True,True,True,True,True,True,True,True,BOS2_CONFIRMED,True,-5.56,-0.7,-0.2
BAJAJ-AUTO.NS,2024-03-27,True,True,True,True,True,True,True,False,True,BOS2_CONFIRMED,True,-1.67,-1.81,-2.83
BAJAJ-AUTO.NS,2024-06-05,True,True,True,True,True,True,False,True,True,BOS2_CONFIRMED,True,3.42,0.07,0.42
BAJAJ-AUTO.NS,2024-08-23,True,True,True,True,True,True,False,True,True,INVALIDATED,False,7.24,4.55,18.93
BAJAJ-AUTO.NS,2024-09-11,True,True,True,True,True,True,True,True,True,INVALIDATED,False,3.37,9.94,3.45
BAJAJ-AUTO.NS,2025-09-02,True,True,False,True,True,True,True,True,True,BOS2_CONFIRMED,True,2.12,0.35,-4.7
BAJAJ-AUTO.NS,2026-01-01,True,True,True,True,True,True,True,True,True,BOS2_CONFIRMED,True,0.13,-0.64,-0.56
BAJAJ-AUTO.NS,2026-05-06,True,True,True,True,True,True,True,True,True,BOS2_CONFIRMED,True,-1.24,0.8,-2.08
BAJAJ-AUTO.NS,2026-07-22,True,True,True,True,True,True,True,True,True,,,3.93,5.7,
BRITANNIA.NS,2022-07-06,True,True,False,True,True,True,True,True,True,BOS2_CONFIRMED,True,-1.41,0.72,-1.38
BRITANNIA.NS,2022-11-07,True,True,True,True,True,True,True,True,True,BOS2_CONFIRMED,True,-0.21,0.37,6.12
BRITANNIA.NS,2022-11-29,True,True,True,True,True,True,True,True,True,BOS2_CONFIRMED,True,2.22,2.6,2.05
BRITANNIA.NS,2023-02-02,True,True,True,True,True,True,True,True,True,BOS2_CONFIRMED,True,0.71,-1.24,-3.88
BRITANNIA.NS,2023-06-07,True,True,True,True,True,True,True,True,True,TIMEOUT,False,1.5,1.74,3.11
BRITANNIA.NS,2023-12-28,True,True,True,True,True,True,True,True,True,INVALIDATED,False,0.22,-2.08,-3.21
BRITANNIA.NS,2024-06-05,True,True,True,True,True,True,True,True,True,BOS2_CONFIRMED,True,-1.57,-2.46,1.5
BRITANNIA.NS,2024-07-10,True,True,True,True,True,True,True,False,True,BOS2_CONFIRMED,True,1.34,1.26,-1.03
BRITANNIA.NS,2024-09-11,True,True,True,True,True,True,True,True,True,INVALIDATED,False,1.92,3.91,-0.67
BRITANNIA.NS,2025-06-26,True,True,True,True,True,True,True,True,True,BOS2_CONFIRMED,True,-1.33,-1.55,-4.36
BRITANNIA.NS,2025-09-04,True,True,True,True,True,True,True,True,True,TIMEOUT,False,2.98,0.06,-0.91
DABUR.NS,2022-07-29,True,True,False,True,True,True,True,False,True,INVALIDATED,False,0.41,0.15,-2.48
DABUR.NS,2024-06-05,True,True,False,True,True,True,True,True,True,BOS2_CONFIRMED,True,1.57,-1.72,1.03
GODREJCP.NS,2022-08-18,True,True,False,True,True,True,True,True,True,BOS2_CONFIRMED,True,-2.61,-3.08,-2.36
GODREJCP.NS,2023-03-29,True,True,True,True,True,True,True,False,True,BOS2_CONFIRMED,True,-0.32,0.09,-3.67
GODREJCP.NS,2023-04-21,True,True,True,True,True,True,True,False,True,BOS2_CONFIRMED,True,-6.78,-3.96,2.54
GODREJCP.NS,2023-05-12,True,True,True,True,True,True,True,True,True,BOS2_CONFIRMED,True,1.44,4.47,4.15
GODREJCP.NS,2023-12-27,True,True,True,True,True,True,True,True,True,BOS2_CONFIRMED,True,8.19,3.97,5.14
GODREJCP.NS,2024-02-01,True,True,True,True,True,True,True,True,True,BOS2_CONFIRMED,True,-3.05,-1.25,0.83
GODREJCP.NS,2024-05-07,True,True,True,True,True,True,False,True,True,BOS2_CONFIRMED,True,-2.08,0.08,6.3
GODREJCP.NS,2024-06-05,True,True,True,True,True,True,True,True,True,BOS2_CONFIRMED,True,-1.24,-4.92,-3.73
GODREJCP.NS,2025-05-12,True,True,False,True,True,True,True,False,True,TIMEOUT,False,-2.49,-1.81,-6.12
PIDILITIND.NS,2022-08-05,True,True,False,True,True,True,True,True,True,TIMEOUT,False,2.5,0.78,8.29
PIDILITIND.NS,2022-08-17,True,True,True,True,True,True,True,False,True,TIMEOUT,False,-2.08,5.4,2.91
PIDILITIND.NS,2022-09-01,True,True,True,True,True,True,True,True,True,TIMEOUT,False,0.5,-1.09,-4.93
PIDILITIND.NS,2023-12-27,True,True,True,True,True,True,True,False,True,BOS2_CONFIRMED,True,1.81,0.76,-5.54
PIDILITIND.NS,2024-03-06,True,True,True,True,True,True,True,True,True,BOS2_CONFIRMED,True,1.16,4.41,6.33
PIDILITIND.NS,2024-03-26,True,True,True,True,True,True,True,False,True,BOS2_CONFIRMED,True,-1.1,-1.49,-0.33
PIDILITIND.NS,2024-06-05,True,True,True,True,True,True,True,True,True,BOS2_CONFIRMED,True,-1.99,0.11,-1.31
PIDILITIND.NS,2024-09-13,True,True,True,True,True,True,True,True,True,BOS2_CONFIRMED,True,-0.74,1.19,-4.71
PIDILITIND.NS,2024-09-27,True,True,True,True,True,True,True,True,True,INVALIDATED,False,-5.87,-6.51,-8.13
PIDILITIND.NS,2026-06-12,True,True,False,True,True,True,True,False,True,BOS2_CONFIRMED,True,0.22,1.96,0.76
PIDILITIND.NS,2026-07-29,True,True,True,True,True,True,True,False,True,,,1.14,,
SIEMENS.NS,2022-07-05,True,True,True,True,True,True,True,True,True,BOS2_CONFIRMED,True,2.71,4.14,1.74
SIEMENS.NS,2022-07-18,True,True,True,True,True,True,True,True,True,BOS2_CONFIRMED,True,-1.26,0.95,6.16
SIEMENS.NS,2022-08-11,True,True,True,True,True,True,True,True,True,BOS2_CONFIRMED,True,1.26,0.29,7.49
SIEMENS.NS,2023-02-15,True,True,True,True,True,True,True,True,True,BOS2_CONFIRMED,True,0.31,-3.54,1.34
SIEMENS.NS,2023-03-23,True,True,True,True,True,True,True,False,True,BOS2_CONFIRMED,True,0.08,-0.46,2.67
SIEMENS.NS,2023-04-06,True,True,True,True,True,True,True,False,True,BOS2_CONFIRMED,True,-1.46,-1.0,10.38
SIEMENS.NS,2023-04-26,True,True,True,True,True,True,True,True,True,BOS2_CONFIRMED,True,5.35,12.79,2.01
SIEMENS.NS,2024-02-14,True,True,True,True,True,True,True,True,True,BOS2_CONFIRMED,True,3.47,6.35,8.44
SIEMENS.NS,2024-03-12,True,True,True,True,True,True,True,True,True,BOS2_CONFIRMED,True,-1.57,12.31,13.71
SIEMENS.NS,2024-04-30,True,True,True,True,True,True,True,False,True,BOS2_CONFIRMED,True,4.94,20.58,19.28
SIEMENS.NS,2024-06-13,True,True,True,True,True,True,True,True,True,INVALIDATED,False,2.16,5.89,2.78
SIEMENS.NS,2026-02-27,True,True,False,True,True,True,True,True,True,INVALIDATED,False,-3.57,-6.56,-10.32
SIEMENS.NS,2026-04-15,True,True,True,True,True,True,True,True,True,BOS2_CONFIRMED,True,7.34,5.78,2.61
ABB.NS,2022-07-06,True,True,True,True,True,True,True,True,True,BOS2_CONFIRMED,True,0.33,9.16,5.05
ABB.NS,2022-07-21,True,True,True,True,True,True,True,True,True,BOS2_CONFIRMED,True,-2.29,-4.01,2.42
ABB.NS,2022-08-16,True,True,True,True,True,True,True,True,True,TIMEOUT,False,5.2,17.0,13.33
ABB.NS,2023-05-04,True,True,True,True,True,True,True,True,True,,,7.93,6.62,10.09
ABB.NS,2023-05-26,True,True,True,True,True,True,True,False,True,BOS2_CONFIRMED,True,0.18,3.12,6.44
ABB.NS,2023-06-13,True,True,True,True,True,True,True,False,True,BOS2_CONFIRMED,True,0.91,1.94,1.86
ABB.NS,2023-12-05,True,True,True,True,True,True,True,True,True,BOS2_CONFIRMED,True,-1.81,-4.96,-0.62
ABB.NS,2024-02-22,True,True,True,True,True,True,True,True,True,BOS2_CONFIRMED,True,1.29,7.77,9.41
ABB.NS,2024-03-04,True,True,True,True,True,True,True,False,True,BOS2_CONFIRMED,True,-0.4,2.02,18.68
ABB.NS,2024-03-22,True,True,True,True,True,True,True,False,True,BOS2_CONFIRMED,True,10.59,12.93,9.0
ABB.NS,2024-05-06,True,True,True,True,True,True,True,True,True,BOS2_CONFIRMED,True,15.82,20.58,11.98
ABB.NS,2024-06-14,True,True,True,True,True,True,True,True,True,INVALIDATED,False,-8.2,-6.95,-10.03
ABB.NS,2026-02-03,True,True,False,True,True,True,True,True,True,BOS2_CONFIRMED,True,2.91,3.9,4.73
ABB.NS,2026-02-16,True,True,False,True,True,True,True,True,True,BOS2_CONFIRMED,True,2.25,-1.55,7.01
ABB.NS,2026-03-11,True,True,False,True,True,True,True,True,True,BOS2_CONFIRMED,True,-0.45,-2.19,10.11
ABB.NS,2026-04-08,True,True,True,True,True,True,True,True,True,STILL_OPEN,,6.91,11.46,6.65
HAVELLS.NS,2022-08-17,True,True,False,True,True,True,True,False,True,BOS2_CONFIRMED,True,-2.73,2.54,-3.39
HAVELLS.NS,2022-08-30,True,True,True,True,True,True,True,False,True,INVALIDATED,False,-2.65,-1.96,-3.76
HAVELLS.NS,2023-05-05,True,True,False,True,True,True,True,True,True,BOS2_CONFIRMED,True,1.04,-1.65,4.84
HAVELLS.NS,2023-06-01,True,True,True,True,True,True,True,True,True,BOS2_CONFIRMED,True,0.89,1.26,-3.25
HAVELLS.NS,2023-09-08,True,True,True,True,True,True,True,True,True,INVALIDATED,False,-2.73,-4.51,-5.11
HAVELLS.NS,2024-02-28,True,True,True,True,True,True,True,True,True,BOS2_CONFIRMED,True,0.72,-3.25,0.79
HAVELLS.NS,2024-04-26,True,True,True,True,True,True,True,True,True,BOS2_CONFIRMED,True,0.99,4.38,14.31
HAVELLS.NS,2024-05-14,True,True,True,True,True,True,True,True,True,BOS2_CONFIRMED,True,6.56,6.93,5.66
HAVELLS.NS,2024-09-12,True,True,True,True,True,True,False,True,True,INVALIDATED,False,2.35,1.51,-3.04
DLF.NS,2023-05-08,True,True,True,True,True,True,True,True,True,BOS2_CONFIRMED,True,7.95,7.06,13.19
DLF.NS,2023-06-02,True,True,True,True,True,True,True,True,True,BOS2_CONFIRMED,True,-0.28,-1.35,-0.45
DLF.NS,2023-09-07,True,True,True,True,True,True,False,True,True,BOS2_CONFIRMED,True,0.08,-1.86,5.59
DLF.NS,2023-10-06,True,True,True,True,True,True,True,False,True,BOS2_CONFIRMED,True,3.67,-2.58,8.3
DLF.NS,2023-11-02,True,True,True,True,True,True,True,True,True,BOS2_CONFIRMED,True,4.67,8.16,12.28
DLF.NS,2023-12-04,True,True,True,True,True,True,True,False,True,BOS2_CONFIRMED,True,1.49,6.92,9.61
DLF.NS,2024-02-07,True,True,True,True,True,True,True,True,True,BOS2_CONFIRMED,True,2.73,7.66,11.04
GODREJPROP.NS,2023-06-02,True,True,False,True,True,True,True,False,True,BOS2_CONFIRMED,True,0.55,6.63,9.38
GODREJPROP.NS,2023-06-13,True,True,False,True,True,True,True,True,True,BOS2_CONFIRMED,True,3.37,6.97,9.56
GODREJPROP.NS,2023-07-13,True,True,True,True,True,True,True,False,True,BOS2_CONFIRMED,True,-0.66,6.97,-7.2
GODREJPROP.NS,2023-07-27,True,True,True,True,True,True,True,True,True,BOS2_CONFIRMED,True,-10.02,-10.96,-11.53
GODREJPROP.NS,2023-11-03,True,True,True,True,True,True,False,True,True,BOS2_CONFIRMED,True,0.13,3.95,6.47
GODREJPROP.NS,2023-12-04,True,True,True,True,True,True,True,False,True,BOS2_CONFIRMED,True,-1.35,2.68,6.62
GODREJPROP.NS,2024-01-04,True,True,True,True,True,True,True,True,True,BOS2_CONFIRMED,True,2.89,6.04,4.09
GODREJPROP.NS,2024-01-29,True,True,True,True,True,True,True,False,True,BOS2_CONFIRMED,True,-6.25,-7.11,1.6
GODREJPROP.NS,2024-02-23,True,True,True,True,True,True,True,False,True,INVALIDATED,False,0.57,-6.4,-10.88
GODREJPROP.NS,2024-04-08,True,True,True,True,True,True,True,True,True,BOS2_CONFIRMED,True,-4.74,-3.48,1.01
GODREJPROP.NS,2024-06-24,True,True,True,True,True,True,True,False,True,BOS2_CONFIRMED,True,6.3,5.26,0.62
INDIGO.NS,2023-01-11,True,True,True,True,True,True,True,True,True,INVALIDATED,False,0.37,-0.99,-3.38
INDIGO.NS,2023-05-30,True,True,True,True,True,True,True,True,True,BOS2_CONFIRMED,True,2.0,-0.69,10.48
INDIGO.NS,2023-06-27,True,True,True,True,True,True,True,True,True,TIMEOUT,False,6.08,5.6,0.23
INDIGO.NS,2023-12-04,True,True,True,True,True,True,True,True,True,BOS2_CONFIRMED,True,3.59,5.65,5.86
INDIGO.NS,2024-01-10,True,True,True,True,True,True,True,True,True,BOS2_CONFIRMED,True,-1.36,-6.42,-1.03
INDIGO.NS,2024-03-26,True,True,True,True,True,True,True,False,True,BOS2_CONFIRMED,True,-0.88,5.07,11.74
INDIGO.NS,2024-04-10,True,True,True,True,True,True,True,True,True,BOS2_CONFIRMED,True,-2.69,2.55,8.29
INDIGO.NS,2024-04-26,True,True,True,True,True,True,True,False,True,BOS2_CONFIRMED,True,-1.31,3.66,0.66
INDIGO.NS,2024-05-15,True,True,True,True,True,True,True,False,True,BOS2_CONFIRMED,True,-0.78,-2.35,-0.46
INDIGO.NS,2024-08-23,True,True,True,True,True,True,False,True,True,INVALIDATED,False,1.59,1.92,4.5
INDIGO.NS,2025-03-20,True,True,True,True,True,True,True,True,True,BOS2_CONFIRMED,True,0.85,-1.64,8.84
INDIGO.NS,2025-04-17,True,True,True,True,True,True,True,False,True,BOS2_CONFIRMED,True,-0.98,-1.33,0.89
INDIGO.NS,2025-06-27,True,True,True,True,True,True,True,False,True,BOS2_CONFIRMED,True,-1.58,1.72,-1.34
INDIGO.NS,2025-08-18,True,True,True,True,True,True,True,False,True,INVALIDATED,False,-0.17,-5.28,-5.17
INDIGO.NS,2026-06-24,True,True,False,True,True,True,True,True,True,STILL_OPEN,,3.4,-0.67,-4.59
IRCTC.NS,2022-11-04,True,True,True,True,True,True,True,True,True,INVALIDATED,False,-2.84,-6.19,-6.01
IRCTC.NS,2023-09-01,True,True,False,True,True,True,True,True,True,BOS2_CONFIRMED,True,3.44,-0.61,1.51
IRCTC.NS,2023-12-12,True,True,True,True,True,True,True,True,True,BOS2_CONFIRMED,True,5.26,11.59,21.42
IRCTC.NS,2024-01-10,True,True,True,True,True,True,True,True,True,BOS2_CONFIRMED,True,-2.29,3.46,-5.15
IRCTC.NS,2024-04-12,True,True,True,True,True,True,True,True,True,BOS2_CONFIRMED,True,-2.74,-0.59,-1.56
IRCTC.NS,2024-05-17,True,True,True,True,True,True,True,True,True,INVALIDATED,False,-2.34,-12.64,-12.64
TRENT.NS,2022-03-17,True,True,True,True,True,True,True,True,True,INVALIDATED,False,-0.19,0.99,-1.26
TRENT.NS,2022-08-12,True,True,True,True,True,True,True,True,True,BOS2_CONFIRMED,True,-3.15,1.2,2.88
TRENT.NS,2023-05-15,True,True,True,True,True,True,True,True,True,,,-0.95,2.66,11.04
TRENT.NS,2023-06-13,True,True,True,True,True,True,True,True,True,BOS2_CONFIRMED,True,0.31,4.35,-1.74
TRENT.NS,2023-06-26,True,True,True,True,True,True,True,False,True,BOS2_CONFIRMED,True,-1.94,-4.42,-3.36
TRENT.NS,2023-08-10,True,True,True,True,True,True,True,True,True,BOS2_CONFIRMED,True,5.61,5.91,10.14
TRENT.NS,2023-11-01,True,True,True,True,True,True,True,True,True,TIMEOUT,False,12.13,16.58,27.46
TRENT.NS,2023-12-28,True,True,True,True,True,True,True,False,True,BOS2_CONFIRMED,True,1.16,6.0,0.81
TRENT.NS,2024-02-07,True,True,True,True,True,True,True,True,True,,,5.82,5.85,5.81
TRENT.NS,2024-04-25,True,True,True,True,True,True,True,True,True,BOS2_CONFIRMED,True,3.9,2.9,6.36
TRENT.NS,2024-05-23,True,True,True,True,True,True,True,False,True,BOS2_CONFIRMED,True,-3.16,-10.52,-10.52
TRENT.NS,2024-06-05,True,True,True,True,True,True,True,False,True,BOS2_CONFIRMED,True,2.32,7.26,14.46
TRENT.NS,2024-06-28,True,True,True,True,True,True,True,False,True,BOS2_CONFIRMED,True,1.71,3.19,2.19
TRENT.NS,2024-08-09,True,True,True,True,True,True,True,True,True,INVALIDATED,False,7.79,8.99,13.25
TRENT.NS,2024-09-17,True,True,True,True,True,True,True,False,True,INVALIDATED,False,2.42,0.71,3.83
TRENT.NS,2024-10-08,True,True,True,True,True,True,True,True,True,INVALIDATED,False,-3.5,-7.14,-11.66
PGIL.NS,2022-08-18,True,True,True,True,True,True,True,True,True,INVALIDATED,False,4.26,4.45,-8.35
PGIL.NS,2023-05-16,True,True,True,True,True,True,True,True,True,BOS2_CONFIRMED,True,-3.62,-3.69,7.59
PGIL.NS,2023-06-28,True,True,True,True,True,True,True,True,True,BOS2_CONFIRMED,True,-0.44,-0.79,5.17
PGIL.NS,2023-08-04,True,True,True,True,True,True,True,True,True,BOS2_CONFIRMED,True,1.62,0.49,38.15
PGIL.NS,2023-08-31,True,True,True,True,True,True,True,True,True,,,23.11,18.91,27.98
PGIL.NS,2023-10-06,True,True,True,True,True,True,True,False,True,BOS2_CONFIRMED,True,25.43,26.81,28.03
PGIL.NS,2024-06-25,True,True,True,True,True,True,True,True,True,BOS2_CONFIRMED,True,-1.98,-3.94,17.64
PGIL.NS,2024-07-23,True,True,True,True,True,True,True,True,True,BOS2_CONFIRMED,True,16.74,8.1,12.76
PGIL.NS,2024-11-21,True,True,True,True,True,True,True,True,True,BOS2_CONFIRMED,True,5.78,8.67,14.61
PGIL.NS,2024-12-09,True,True,True,True,True,True,True,False,True,BOS2_CONFIRMED,True,1.03,6.6,19.32
PGIL.NS,2024-12-23,True,True,True,True,True,True,True,True,True,BOS2_CONFIRMED,True,3.0,8.13,-8.59
PGIL.NS,2025-11-12,True,True,True,True,True,True,True,True,True,INVALIDATED,False,-2.79,-6.34,-11.94
PGIL.NS,2026-06-24,True,True,True,True,True,True,True,True,True,BOS2_CONFIRMED,True,-0.81,-5.36,-6.8
PGIL.NS,2026-08-06,True,True,True,True,True,True,True,True,True,,,,,
DIXON.NS,2023-06-12,True,True,False,True,True,True,True,True,True,BOS2_CONFIRMED,True,7.86,4.35,3.05
DIXON.NS,2023-09-27,True,True,True,True,True,True,True,True,True,BOS2_CONFIRMED,True,-3.69,0.28,-4.15
DIXON.NS,2023-10-16,True,True,True,True,True,True,True,False,True,BOS2_CONFIRMED,True,0.29,-4.58,-0.06
DIXON.NS,2023-12-01,True,True,True,True,True,True,True,True,True,BOS2_CONFIRMED,True,4.3,2.64,3.38
DIXON.NS,2023-12-11,True,True,True,True,True,True,True,True,True,BOS2_CONFIRMED,True,-1.32,0.2,-1.92
DIXON.NS,2024-02-22,True,True,True,True,True,True,False,True,True,BOS2_CONFIRMED,True,2.8,3.48,6.34
DIXON.NS,2024-03-26,True,True,True,True,True,True,True,False,True,BOS2_CONFIRMED,True,5.14,8.14,16.75
DIXON.NS,2024-04-24,True,True,True,True,True,True,True,True,True,BOS2_CONFIRMED,True,3.7,3.3,13.68
DIXON.NS,2024-05-17,True,True,True,True,True,True,True,True,True,BOS2_CONFIRMED,True,1.51,-1.23,26.49
DIXON.NS,2024-06-03,True,True,True,True,True,True,True,True,True,,,-13.31,-13.31,-13.31
DIXON.NS,2024-08-23,True,True,True,True,True,True,True,True,True,BOS2_CONFIRMED,True,-5.86,-7.44,6.39
DIXON.NS,2024-09-16,True,True,True,True,True,True,True,True,True,BOS2_CONFIRMED,True,2.44,1.41,9.42
DIXON.NS,2024-10-08,True,True,True,True,True,True,True,True,True,BOS2_CONFIRMED,True,5.28,5.05,7.54
DIXON.NS,2024-12-02,True,True,True,True,True,True,True,True,True,INVALIDATED,False,3.02,11.41,5.85
DIXON.NS,2025-09-01,True,True,True,True,True,True,True,False,True,INVALIDATED,False,1.88,2.49,-7.63
DIXON.NS,2026-07-06,True,True,False,True,True,True,True,True,True,BOS2_CONFIRMED,True,0.35,6.0,5.02
POLYCAB.NS,2023-04-26,True,True,True,True,True,True,True,False,True,BOS2_CONFIRMED,True,4.07,6.4,7.02
POLYCAB.NS,2023-06-02,True,True,True,True,True,True,True,True,True,BOS2_CONFIRMED,True,-1.36,-1.49,-2.05
POLYCAB.NS,2023-07-11,True,True,True,True,True,True,True,True,True,BOS2_CONFIRMED,True,13.87,23.52,23.78
POLYCAB.NS,2023-08-22,True,True,True,True,True,True,True,False,True,BOS2_CONFIRMED,True,0.4,5.44,4.01
POLYCAB.NS,2023-12-11,True,True,True,True,True,True,False,False,True,INVALIDATED,False,-1.56,-4.62,-12.83
POLYCAB.NS,2024-05-02,True,True,True,True,True,True,True,False,True,BOS2_CONFIRMED,True,5.4,11.15,18.65
POLYCAB.NS,2024-10-10,True,True,True,True,True,True,True,False,True,,,-10.76,-10.76,-10.76
POLYCAB.NS,2025-07-15,True,True,True,True,True,True,True,True,True,BOS2_CONFIRMED,True,-0.65,0.01,0.52
POLYCAB.NS,2025-08-18,True,True,True,True,True,True,True,False,True,BOS2_CONFIRMED,True,-0.42,1.99,3.74
POLYCAB.NS,2025-09-03,True,True,True,True,True,True,True,False,True,BOS2_CONFIRMED,True,-0.23,2.63,1.97
POLYCAB.NS,2025-09-16,True,True,True,True,True,True,True,False,True,BOS2_CONFIRMED,True,1.26,-1.18,1.87
POLYCAB.NS,2025-10-10,True,True,True,True,True,True,True,False,True,INVALIDATED,False,-0.34,-2.47,-0.26
POLYCAB.NS,2026-02-23,True,True,True,True,True,True,True,True,True,INVALIDATED,False,3.95,-6.77,-10.24
POLYCAB.NS,2026-05-07,True,True,True,True,True,True,True,True,True,BOS2_CONFIRMED,True,1.36,2.59,7.41
POLYCAB.NS,2026-05-25,True,True,True,True,True,True,True,False,True,BOS2_CONFIRMED,True,1.73,2.63,5.88
POLYCAB.NS,2026-06-17,True,True,True,True,True,True,True,False,True,STILL_OPEN,,-4.2,-3.16,-7.38
CUMMINSIND.NS,2022-03-21,True,True,True,True,True,True,True,True,True,BOS2_CONFIRMED,True,5.98,6.38,2.97
CUMMINSIND.NS,2022-07-21,True,True,True,True,True,True,True,True,True,BOS2_CONFIRMED,True,0.15,-4.29,-2.05
CUMMINSIND.NS,2022-10-28,True,True,True,True,True,True,True,False,True,BOS2_CONFIRMED,True,2.65,5.54,5.45
CUMMINSIND.NS,2022-11-30,True,True,True,True,True,True,True,True,True,BOS2_CONFIRMED,True,3.25,1.73,-1.79
CUMMINSIND.NS,2023-02-09,True,True,True,True,True,True,True,True,True,BOS2_CONFIRMED,True,2.48,-0.53,5.61
CUMMINSIND.NS,2023-03-08,True,True,True,True,True,True,True,True,True,INVALIDATED,False,-1.04,-2.66,-5.83
CUMMINSIND.NS,2023-05-26,True,True,True,True,True,True,False,True,True,BOS2_CONFIRMED,True,1.03,1.93,6.55
CUMMINSIND.NS,2023-06-28,True,True,True,True,True,True,True,False,True,INVALIDATED,False,-0.45,0.39,2.31
CUMMINSIND.NS,2023-07-28,True,True,True,True,True,True,True,False,True,,,-10.44,-10.44,-10.44
CUMMINSIND.NS,2024-01-10,True,True,True,True,True,True,True,True,True,BOS2_CONFIRMED,True,-0.55,10.44,25.74
CUMMINSIND.NS,2024-02-19,True,True,True,True,True,True,True,False,True,BOS2_CONFIRMED,True,3.11,3.88,4.6
CUMMINSIND.NS,2024-03-21,True,True,True,True,True,True,True,False,True,BOS2_CONFIRMED,True,4.53,1.08,11.23
CUMMINSIND.NS,2024-04-24,True,True,True,True,True,True,True,False,True,BOS2_CONFIRMED,True,5.01,5.16,17.29
CUMMINSIND.NS,2024-05-13,True,True,True,True,True,True,True,True,True,BOS2_CONFIRMED,True,6.03,8.88,-11.11
CUMMINSIND.NS,2025-07-08,True,True,True,True,True,True,True,False,True,BOS2_CONFIRMED,True,2.08,3.47,4.03
CUMMINSIND.NS,2025-08-06,True,True,True,True,True,True,True,True,True,BOS2_CONFIRMED,True,4.14,7.75,9.15
CUMMINSIND.NS,2025-08-22,True,True,True,True,True,True,True,False,True,BOS2_CONFIRMED,True,-2.66,2.07,1.89
CUMMINSIND.NS,2025-09-04,True,True,True,True,True,True,True,False,True,BOS2_CONFIRMED,True,2.06,3.33,-0.15
CUMMINSIND.NS,2025-10-24,True,True,True,True,True,True,True,True,True,BOS2_CONFIRMED,True,3.78,4.6,2.16
CUMMINSIND.NS,2025-12-12,True,True,True,True,True,True,True,False,True,INVALIDATED,False,-0.55,-3.41,-9.43
CUMMINSIND.NS,2026-02-18,True,True,True,True,True,True,False,True,True,BOS2_CONFIRMED,True,5.54,2.09,-1.85
CUMMINSIND.NS,2026-04-10,True,True,True,True,True,True,True,True,True,BOS2_CONFIRMED,True,1.72,4.53,2.58
CUMMINSIND.NS,2026-04-20,True,True,True,True,True,True,True,False,True,BOS2_CONFIRMED,True,0.82,0.86,0.75
CUMMINSIND.NS,2026-05-07,True,True,True,True,True,True,True,False,True,BOS2_CONFIRMED,True,-0.42,-1.14,6.81
CUMMINSIND.NS,2026-05-27,True,True,True,True,True,True,True,True,True,STILL_OPEN,,-3.98,-7.81,-6.4
ESCORTS.NS,2022-08-29,True,True,True,True,True,True,True,True,True,BOS2_CONFIRMED,True,2.53,3.05,4.55
ESCORTS.NS,2022-11-21,True,True,True,True,True,True,True,True,True,INVALIDATED,False,3.3,4.93,-0.04
ESCORTS.NS,2023-06-30,True,True,True,True,True,True,True,True,True,,,1.64,5.14,12.91
ESCORTS.NS,2023-07-10,True,True,True,True,True,True,True,True,True,,,1.98,2.87,12.72
ESCORTS.NS,2023-07-26,True,True,True,True,True,True,True,True,True,BOS2_CONFIRMED,True,4.32,5.72,24.86
ESCORTS.NS,2023-08-16,True,True,True,True,True,True,True,True,True,BOS2_CONFIRMED,True,10.19,16.5,15.03
ESCORTS.NS,2023-10-10,True,True,True,True,True,True,True,True,True,INVALIDATED,False,-3.86,-8.64,-9.82
ESCORTS.NS,2024-04-30,True,True,True,True,True,True,True,True,True,BOS2_CONFIRMED,True,2.39,11.4,13.47
ESCORTS.NS,2024-06-06,True,True,True,True,True,True,True,True,True,INVALIDATED,False,6.77,5.71,2.12
BHARATFORG.NS,2022-08-12,True,True,False,True,True,True,True,True,True,INVALIDATED,False,-7.42,-7.05,-2.33
BHARATFORG.NS,2022-10-25,True,True,True,True,True,True,True,True,True,BOS2_CONFIRMED,True,5.18,8.83,3.93
BHARATFORG.NS,2023-08-09,True,True,True,True,True,True,True,True,True,BOS2_CONFIRMED,True,-0.54,4.78,13.26
BHARATFORG.NS,2023-08-22,True,True,True,True,True,True,True,True,True,BOS2_CONFIRMED,True,4.48,8.62,8.6
BHARATFORG.NS,2023-12-01,True,True,True,True,True,True,False,True,True,BOS2_CONFIRMED,True,1.82,2.97,5.92
BHARATFORG.NS,2023-12-28,True,True,True,True,True,True,True,False,True,BOS2_CONFIRMED,True,1.77,0.66,-2.9
BHARATFORG.NS,2024-02-09,True,True,True,True,True,True,True,True,True,,,-11.7,-11.7,-11.7
BHARATFORG.NS,2024-05-08,True,True,True,True,True,True,True,True,True,BOS2_CONFIRMED,True,5.1,11.52,12.2
BHARATFORG.NS,2024-06-14,True,True,True,True,True,True,True,False,True,INVALIDATED,False,-0.03,-4.33,-3.88
BHARATFORG.NS,2025-11-11,True,True,True,True,True,True,True,True,True,BOS2_CONFIRMED,True,2.57,1.51,-1.86
BHARATFORG.NS,2026-01-02,True,True,True,True,True,True,True,True,True,BOS2_CONFIRMED,True,-2.04,-6.24,7.0
BHARATFORG.NS,2026-02-03,True,True,True,True,True,True,True,True,True,BOS2_CONFIRMED,True,8.86,15.03,23.27
BHARATFORG.NS,2026-02-23,True,True,True,True,True,True,True,True,True,BOS2_CONFIRMED,True,0.39,-2.04,-5.35
BHARATFORG.NS,2026-05-07,True,True,True,True,True,True,True,True,True,BOS2_CONFIRMED,True,-4.79,-5.56,-3.96
BHARATFORG.NS,2026-06-22,True,True,True,True,True,True,True,True,True,STILL_OPEN,,1.38,-0.16,4.1
BHARATFORG.NS,2026-08-07,True,True,True,True,True,True,True,False,True,,,,,
MRF.NS,2022-07-15,True,True,False,True,True,True,True,False,True,BOS2_CONFIRMED,True,1.55,9.23,9.11
MRF.NS,2022-07-28,True,True,True,True,True,True,True,True,True,BOS2_CONFIRMED,True,6.49,4.18,2.26
MRF.NS,2023-05-05,True,True,True,True,True,True,True,True,True,BOS2_CONFIRMED,True,-1.74,-2.75,-1.85
MRF.NS,2023-06-30,True,True,True,True,True,True,True,False,True,BOS2_CONFIRMED,True,-0.47,0.91,1.86
MRF.NS,2023-07-12,True,True,True,True,True,True,True,False,True,BOS2_CONFIRMED,True,-0.2,0.29,4.17
MRF.NS,2023-08-01,True,True,True,True,True,True,True,True,True,BOS2_CONFIRMED,True,3.32,3.37,5.52
MRF.NS,2023-12-05,True,True,True,True,True,True,True,True,True,BOS2_CONFIRMED,True,5.33,3.16,15.64
MRF.NS,2023-12-28,True,True,True,True,True,True,True,True,True,TIMEOUT,False,5.23,6.54,11.51
MRF.NS,2024-02-23,True,True,True,True,True,True,True,False,True,INVALIDATED,False,-3.12,-5.68,-10.36
MRF.NS,2025-04-30,True,True,False,True,True,True,True,False,True,BOS2_CONFIRMED,True,2.13,4.05,3.02
MRF.NS,2025-05-23,True,True,True,True,True,True,True,False,True,BOS2_CONFIRMED,True,-2.26,-3.75,-5.86
MRF.NS,2025-07-09,True,True,True,True,True,True,True,True,True,BOS2_CONFIRMED,True,0.29,0.52,-3.89
MRF.NS,2025-10-20,True,True,True,True,True,True,True,False,True,INVALIDATED,False,-0.74,-2.39,-5.68
BALKRISIND.NS,2023-02-06,True,True,True,True,True,True,True,False,True,,,-9.81,-9.81,-9.81
BALKRISIND.NS,2023-05-23,True,True,True,True,True,True,True,True,True,BOS2_CONFIRMED,True,-5.22,-4.12,3.22
BALKRISIND.NS,2023-11-16,True,True,True,True,True,True,True,False,True,INVALIDATED,False,-2.66,-3.04,-4.4
BALKRISIND.NS,2024-05-21,True,True,True,True,True,True,True,True,True,BOS2_CONFIRMED,True,1.55,2.33,8.86
BALKRISIND.NS,2024-06-07,True,True,True,True,True,True,True,True,True,INVALIDATED,False,3.42,-1.56,-1.46
BALKRISIND.NS,2026-02-04,True,True,False,True,True,True,True,True,True,,,-0.25,-4.3,-11.33
MOTHERSON.NS,2023-07-05,True,True,True,True,True,True,True,True,True,BOS2_CONFIRMED,True,4.62,6.44,6.77
MOTHERSON.NS,2024-01-01,True,True,True,True,True,True,True,True,True,BOS2_CONFIRMED,True,-0.79,1.34,6.77
MOTHERSON.NS,2024-01-25,True,True,True,True,True,True,True,True,True,BOS2_CONFIRMED,True,0.69,-1.59,-0.73
MOTHERSON.NS,2024-02-06,True,True,True,True,True,True,True,False,True,BOS2_CONFIRMED,True,-4.68,-5.47,1.0
MOTHERSON.NS,2024-04-19,True,True,True,True,True,True,True,False,True,BOS2_CONFIRMED,True,3.32,-0.95,5.29
MOTHERSON.NS,2024-05-23,True,True,True,True,True,True,True,True,True,BOS2_CONFIRMED,True,9.72,13.67,36.58
MOTHERSON.NS,2024-06-10,True,True,True,True,True,True,True,True,True,BOS2_CONFIRMED,True,10.22,17.14,21.22
MOTHERSON.NS,2024-09-26,True,True,True,True,True,True,False,True,True,INVALIDATED,False,-6.96,0.14,-12.13
MOTHERSON.NS,2025-09-16,True,True,False,True,True,True,True,True,True,BOS2_CONFIRMED,True,-2.3,-4.07,-2.92
MOTHERSON.NS,2025-11-27,True,True,True,True,True,True,True,True,True,BOS2_CONFIRMED,True,0.35,4.0,2.57
MOTHERSON.NS,2025-12-11,True,True,True,True,True,True,True,False,True,BOS2_CONFIRMED,True,0.41,-0.71,-4.56
MOTHERSON.NS,2026-02-10,True,True,True,True,True,True,True,True,True,INVALIDATED,False,2.52,2.0,-8.01
MOTHERSON.NS,2026-05-21,True,True,True,True,True,True,True,True,True,BOS2_CONFIRMED,True,6.15,4.56,6.0
MOTHERSON.NS,2026-08-07,True,True,True,True,True,True,True,True,True,,,,,
PERSISTENT.NS,2022-11-28,True,True,False,True,True,True,True,True,True,BOS2_CONFIRMED,True,2.66,1.28,-2.78
PERSISTENT.NS,2023-01-23,True,True,True,True,True,True,True,True,True,BOS2_CONFIRMED,True,2.15,5.41,9.89
PERSISTENT.NS,2023-06-01,True,True,True,True,True,True,True,False,True,BOS2_CONFIRMED,True,-6.02,-4.64,-6.5
PERSISTENT.NS,2023-08-31,True,True,True,True,True,True,True,True,True,BOS2_CONFIRMED,True,12.66,12.56,8.08
PERSISTENT.NS,2023-10-27,True,True,True,True,True,True,True,True,True,BOS2_CONFIRMED,True,1.77,1.61,4.98
PERSISTENT.NS,2023-11-16,True,True,True,True,True,True,True,True,True,BOS2_CONFIRMED,True,-0.74,0.05,11.01
PERSISTENT.NS,2023-12-14,True,True,True,True,True,True,True,True,True,BOS2_CONFIRMED,True,7.72,6.07,11.13
PERSISTENT.NS,2024-01-12,True,True,True,True,True,True,True,False,True,BOS2_CONFIRMED,True,6.37,7.64,11.04
PERSISTENT.NS,2024-02-16,True,True,True,True,True,True,True,False,True,INVALIDATED,False,-5.33,-4.82,-10.71
PERSISTENT.NS,2024-07-01,True,True,True,True,True,True,True,True,True,BOS2_CONFIRMED,True,3.15,7.22,7.48
PERSISTENT.NS,2024-08-28,True,True,True,True,True,True,True,True,True,BOS2_CONFIRMED,True,5.67,6.52,8.92
PERSISTENT.NS,2024-09-13,True,True,True,True,True,True,True,False,True,BOS2_CONFIRMED,True,-0.75,1.5,4.86
PERSISTENT.NS,2024-11-25,True,True,True,True,True,True,True,True,True,BOS2_CONFIRMED,True,1.71,6.82,6.92
PERSISTENT.NS,2025-11-19,True,True,True,True,True,True,True,False,True,INVALIDATED,False,1.84,2.15,0.04
PERSISTENT.NS,2025-12-05,True,True,True,True,True,True,True,False,True,INVALIDATED,False,-3.87,0.19,-4.61
COFORGE.NS,2022-12-01,True,True,False,True,True,True,True,True,True,BOS2_CONFIRMED,True,-6.28,-4.46,-6.11
COFORGE.NS,2023-01-23,True,True,False,True,True,True,True,True,True,INVALIDATED,False,-0.14,-0.68,-0.38
COFORGE.NS,2023-05-31,True,True,True,True,True,True,True,True,True,BOS2_CONFIRMED,True,-3.95,0.37,3.18
COFORGE.NS,2023-06-27,True,True,True,True,True,True,True,False,True,BOS2_CONFIRMED,True,0.43,0.65,-0.68
COFORGE.NS,2023-07-14,True,True,True,True,True,True,True,True,True,BOS2_CONFIRMED,True,-4.53,-4.98,6.61
COFORGE.NS,2023-08-09,True,True,True,True,True,True,True,True,True,BOS2_CONFIRMED,True,-2.92,3.71,9.52
COFORGE.NS,2023-08-31,True,True,True,True,True,True,True,False,True,BOS2_CONFIRMED,True,1.75,3.01,-6.39
COFORGE.NS,2023-12-14,True,True,True,True,True,True,True,True,True,BOS2_CONFIRMED,True,1.51,-0.07,6.74
COFORGE.NS,2024-01-12,True,True,True,True,True,True,True,True,True,INVALIDATED,False,-7.44,-6.71,-3.4
COFORGE.NS,2024-09-05,True,True,True,True,True,True,True,False,True,BOS2_CONFIRMED,True,7.06,6.02,10.03
COFORGE.NS,2024-10-08,True,True,True,True,True,True,True,False,True,BOS2_CONFIRMED,True,-2.13,2.67,6.36
COFORGE.NS,2024-10-24,True,True,True,True,True,True,True,True,True,BOS2_CONFIRMED,True,-1.73,3.49,12.11
COFORGE.NS,2024-11-08,True,True,True,True,True,True,True,True,True,INVALIDATED,False,2.09,9.08,13.15
COFORGE.NS,2026-08-03,True,True,False,True,True,True,True,False,True,,,,,
MPHASIS.NS,2023-07-21,True,True,False,True,True,True,True,True,True,BOS2_CONFIRMED,True,-1.54,-0.03,1.62
MPHASIS.NS,2023-08-24,True,True,False,True,True,True,True,True,True,BOS2_CONFIRMED,True,-0.81,0.54,1.65
MPHASIS.NS,2023-12-14,True,True,True,True,True,True,True,True,True,BOS2_CONFIRMED,True,5.32,5.26,0.99
MPHASIS.NS,2024-02-16,True,True,True,True,True,True,True,True,True,INVALIDATED,False,-5.07,-7.78,-11.01
MPHASIS.NS,2024-07-19,True,True,True,True,True,True,True,False,True,BOS2_CONFIRMED,True,2.22,-7.52,4.91
MPHASIS.NS,2024-12-12,True,True,True,True,True,True,False,False,True,INVALIDATED,False,-6.66,-9.24,-9.24
MPHASIS.NS,2025-09-18,True,True,True,True,True,True,True,False,True,,,-10.41,-10.41,-10.41
LUPIN.NS,2022-11-30,True,True,False,True,True,True,True,True,True,INVALIDATED,False,-1.65,-2.18,-4.09
LUPIN.NS,2023-05-29,True,True,False,True,True,True,True,True,True,BOS2_CONFIRMED,True,1.44,0.92,8.85
LUPIN.NS,2023-06-21,True,True,True,True,True,True,True,True,True,BOS2_CONFIRMED,True,3.89,3.64,7.8
LUPIN.NS,2023-07-12,True,True,True,True,True,True,True,False,True,,,0.6,4.17,15.4
LUPIN.NS,2023-07-27,True,True,True,True,True,True,True,True,True,,,8.02,9.33,12.49
LUPIN.NS,2023-09-14,True,True,True,True,True,True,True,True,True,BOS2_CONFIRMED,True,-4.45,1.02,3.04
LUPIN.NS,2023-10-13,True,True,True,True,True,True,True,False,True,BOS2_CONFIRMED,True,-1.98,-5.33,-1.8
LUPIN.NS,2023-11-24,True,True,True,True,True,True,False,True,True,BOS2_CONFIRMED,True,1.2,-0.25,3.6
LUPIN.NS,2023-12-28,True,True,True,True,True,True,False,True,True,,,3.16,3.78,9.01
LUPIN.NS,2024-01-18,True,True,True,True,True,True,True,False,True,BOS2_CONFIRMED,True,1.96,9.74,10.22
LUPIN.NS,2024-07-04,True,True,True,True,True,True,False,True,True,BOS2_CONFIRMED,True,1.91,2.34,10.44
LUPIN.NS,2024-07-29,True,True,True,True,True,True,True,True,True,BOS2_CONFIRMED,True,2.67,12.72,18.26
LUPIN.NS,2024-08-27,True,True,True,True,True,True,True,True,True,BOS2_CONFIRMED,True,3.72,0.63,1.17
LUPIN.NS,2024-12-31,True,True,True,True,True,True,False,True,True,,,-4.33,-9.57,-11.61
LUPIN.NS,2025-11-28,True,True,True,True,True,True,True,True,True,BOS2_CONFIRMED,True,-1.16,-0.11,-0.69
LUPIN.NS,2026-01-06,True,True,True,True,True,True,True,True,True,BOS2_CONFIRMED,True,1.61,-0.94,2.66
LUPIN.NS,2026-02-25,True,True,True,True,True,True,True,True,True,BOS2_CONFIRMED,True,2.25,0.99,0.95
LUPIN.NS,2026-07-09,True,True,True,True,True,True,True,False,True,STILL_OPEN,,-2.4,-5.31,
AUROPHARMA.NS,2023-04-18,True,True,False,True,True,True,True,True,True,BOS2_CONFIRMED,True,5.98,5.81,3.62
AUROPHARMA.NS,2023-05-30,True,True,True,True,True,True,True,True,True,BOS2_CONFIRMED,True,3.46,3.12,13.74
AUROPHARMA.NS,2023-07-20,True,True,True,True,True,True,True,True,True,BOS2_CONFIRMED,True,8.0,8.59,10.12
AUROPHARMA.NS,2023-08-07,True,True,True,True,True,True,True,True,True,BOS2_CONFIRMED,True,0.43,-3.58,-0.78
AUROPHARMA.NS,2023-09-13,True,True,True,True,True,True,True,True,True,BOS2_CONFIRMED,True,-4.16,1.14,0.6
AUROPHARMA.NS,2023-09-29,True,True,True,True,True,True,True,True,True,BOS2_CONFIRMED,True,-1.75,-0.96,-6.3
AUROPHARMA.NS,2023-11-08,True,True,True,True,True,True,False,True,True,BOS2_CONFIRMED,True,7.28,9.99,6.97
AUROPHARMA.NS,2023-12-21,True,True,True,True,True,True,True,True,True,BOS2_CONFIRMED,True,-1.8,1.36,3.06
AUROPHARMA.NS,2024-01-04,True,True,True,True,True,True,True,False,True,BOS2_CONFIRMED,True,-2.11,2.7,-9.31
AUROPHARMA.NS,2024-01-15,True,True,True,True,True,True,True,True,True,INVALIDATED,False,0.91,-6.86,-11.15
AUROPHARMA.NS,2024-05-21,True,True,True,True,True,True,True,False,True,BOS2_CONFIRMED,True,-0.1,3.79,1.89
AUROPHARMA.NS,2024-06-05,True,True,True,True,True,True,True,True,True,BOS2_CONFIRMED,True,-1.01,-2.08,2.85
AUROPHARMA.NS,2024-07-05,True,True,True,True,True,True,True,False,True,BOS2_CONFIRMED,True,5.34,4.03,7.39
AUROPHARMA.NS,2024-07-31,True,True,True,True,True,True,True,False,True,BOS2_CONFIRMED,True,3.15,4.79,9.43
AUROPHARMA.NS,2024-08-13,True,True,True,True,True,True,True,True,True,INVALIDATED,False,1.79,3.73,3.62
AUROPHARMA.NS,2026-03-10,True,True,True,True,True,True,True,True,True,BOS2_CONFIRMED,True,-1.7,1.3,3.78
AUROPHARMA.NS,2026-04-01,True,True,True,True,True,True,True,False,True,BOS2_CONFIRMED,True,1.04,2.42,3.03
AUROPHARMA.NS,2026-04-15,True,True,True,True,True,True,True,False,True,BOS2_CONFIRMED,True,3.27,-0.03,8.71
AUROPHARMA.NS,2026-05-06,True,True,True,True,True,True,True,True,True,BOS2_CONFIRMED,True,2.43,4.85,-0.78
AUROPHARMA.NS,2026-06-25,True,True,True,True,True,True,True,True,True,BOS2_CONFIRMED,True,4.2,0.61,-1.49
AUROPHARMA.NS,2026-08-07,True,True,True,True,True,True,True,True,True,,,,,
TORNTPHARM.NS,2022-08-04,True,True,True,True,True,True,True,False,False,BOS2_CONFIRMED,True,0.49,-2.09,-2.83
TORNTPHARM.NS,2022-10-31,True,True,True,True,True,True,True,True,True,INVALIDATED,False,-0.03,-2.01,0.47
TORNTPHARM.NS,2023-05-23,True,True,True,True,True,True,True,True,True,BOS2_CONFIRMED,True,8.38,6.39,9.94
TORNTPHARM.NS,2023-06-28,True,True,True,True,True,True,True,True,True,BOS2_CONFIRMED,True,-1.79,0.42,2.75
TORNTPHARM.NS,2023-07-27,True,True,True,True,True,True,True,False,True,BOS2_CONFIRMED,True,3.35,0.0,-1.86
TORNTPHARM.NS,2023-12-01,True,True,True,True,True,True,True,False,True,BOS2_CONFIRMED,True,-4.22,-1.19,7.01
TORNTPHARM.NS,2023-12-21,True,True,True,True,True,True,True,True,True,,,4.52,5.81,13.49
TORNTPHARM.NS,2024-02-05,True,True,True,True,True,True,True,True,True,BOS2_CONFIRMED,True,-0.54,0.33,0.98
TORNTPHARM.NS,2024-06-07,True,True,True,True,True,True,False,True,True,BOS2_CONFIRMED,True,0.24,-1.72,1.95
TORNTPHARM.NS,2024-07-23,True,True,True,True,True,True,True,True,True,BOS2_CONFIRMED,True,0.37,5.18,6.41
TORNTPHARM.NS,2024-08-07,True,True,True,True,True,True,True,True,True,TIMEOUT,False,0.5,0.53,2.56
TORNTPHARM.NS,2024-08-28,True,True,True,True,True,True,True,True,True,TIMEOUT,False,0.42,0.98,-0.46
TORNTPHARM.NS,2025-07-17,True,True,True,True,True,True,True,True,True,BOS2_CONFIRMED,True,2.61,4.72,3.97
TORNTPHARM.NS,2025-11-10,True,True,True,True,True,True,True,True,True,BOS2_CONFIRMED,True,-0.7,-1.89,-1.4
TORNTPHARM.NS,2026-01-02,True,True,True,True,True,True,True,False,True,BOS2_CONFIRMED,True,1.66,5.18,4.13
TORNTPHARM.NS,2026-02-16,True,True,True,True,True,True,True,True,True,BOS2_CONFIRMED,True,2.96,1.63,0.42
TORNTPHARM.NS,2026-07-03,True,True,True,True,True,True,True,True,True,BOS2_CONFIRMED,True,3.79,4.93,5.87
TORNTPHARM.NS,2026-07-31,True,True,True,True,True,True,True,True,True,,,,,
ALKEM.NS,2023-04-28,True,True,True,True,True,True,True,True,True,BOS2_CONFIRMED,True,2.64,-3.16,-4.72
ALKEM.NS,2023-07-17,True,True,True,True,True,True,True,True,True,BOS2_CONFIRMED,True,8.3,9.28,4.02
ALKEM.NS,2023-11-09,True,True,True,True,True,True,True,True,True,BOS2_CONFIRMED,True,2.7,6.53,12.17
ALKEM.NS,2023-12-27,True,True,True,True,True,True,True,False,True,TIMEOUT,False,3.83,-0.34,-1.96
ALKEM.NS,2024-02-09,True,True,True,True,True,True,True,True,True,INVALIDATED,False,2.85,-10.08,-10.08
ALKEM.NS,2024-08-08,True,True,True,True,True,True,True,True,True,INVALIDATED,False,0.45,1.81,9.68
ALKEM.NS,2024-08-27,True,True,True,True,True,True,True,True,True,INVALIDATED,False,5.28,6.47,5.6
ALKEM.NS,2025-08-22,True,True,False,True,True,True,True,False,True,BOS2_CONFIRMED,True,-3.38,-1.73,2.11
ALKEM.NS,2025-09-15,True,True,True,True,True,True,True,True,True,BOS2_CONFIRMED,True,0.35,-1.81,0.75
ALKEM.NS,2025-11-04,True,True,True,True,True,True,True,True,True,TIMEOUT,False,0.97,0.52,-0.2
BIOCON.NS,2023-09-15,True,True,False,True,True,True,True,True,True,INVALIDATED,False,-5.81,-4.66,-10.42
BIOCON.NS,2024-01-03,True,True,False,True,True,True,True,True,True,BOS2_CONFIRMED,True,-1.36,-1.99,-0.47
BIOCON.NS,2024-06-06,True,True,True,True,True,True,True,True,True,BOS2_CONFIRMED,True,-0.36,1.85,9.12
BIOCON.NS,2024-06-26,True,True,True,True,True,True,True,False,True,BOS2_CONFIRMED,True,2.18,0.27,4.21
BIOCON.NS,2025-11-13,True,True,True,True,True,True,True,True,True,INVALIDATED,False,-4.32,-3.95,-6.85
BIOCON.NS,2026-05-15,True,True,True,True,True,True,True,True,True,STILL_OPEN,,0.37,-0.65,-2.89
IPCALAB.NS,2023-08-01,True,True,False,True,True,True,True,True,True,BOS2_CONFIRMED,True,1.32,-1.28,-2.95
IPCALAB.NS,2023-10-13,True,True,True,True,True,True,True,False,True,BOS2_CONFIRMED,True,4.04,2.47,10.14
IPCALAB.NS,2023-10-23,True,True,True,True,True,True,True,True,True,BOS2_CONFIRMED,True,-1.93,5.61,6.85
IPCALAB.NS,2023-11-08,True,True,True,True,True,True,True,True,True,BOS2_CONFIRMED,True,2.09,3.11,4.72
IPCALAB.NS,2023-11-29,True,True,True,True,True,True,True,False,True,BOS2_CONFIRMED,True,0.66,-1.83,-1.05
IPCALAB.NS,2024-02-06,True,True,True,True,True,True,True,True,True,BOS2_CONFIRMED,True,-4.09,1.36,-0.44
IPCALAB.NS,2024-04-04,True,True,True,True,True,True,True,True,True,INVALIDATED,False,2.93,2.64,2.06
IPCALAB.NS,2024-09-13,True,True,True,True,True,True,True,False,True,BOS2_CONFIRMED,True,-1.26,1.55,15.46
IPCALAB.NS,2024-10-08,True,True,True,True,True,True,True,True,True,BOS2_CONFIRMED,True,7.16,1.35,2.5
IPCALAB.NS,2025-01-02,True,True,True,True,True,True,True,True,True,,,-6.4,-11.83,-11.83
IPCALAB.NS,2026-06-30,True,True,True,True,True,True,True,True,True,BOS2_CONFIRMED,True,2.48,9.2,3.18
IPCALAB.NS,2026-07-13,True,True,True,True,True,True,True,True,True,STILL_OPEN,,-1.32,-1.87,
CANBK.NS,2022-10-20,True,True,True,True,True,True,True,True,True,TIMEOUT,False,11.69,19.02,22.58
CANBK.NS,2022-11-22,True,True,True,True,True,True,True,False,True,INVALIDATED,False,-1.81,-2.06,-1.84
CANBK.NS,2023-09-11,True,True,True,True,True,True,True,True,True,BOS2_CONFIRMED,True,2.49,3.38,2.02
CANBK.NS,2023-11-13,True,True,True,True,True,True,True,False,True,BOS2_CONFIRMED,True,-3.27,-1.21,9.85
CANBK.NS,2023-12-04,True,True,True,True,True,True,True,True,True,BOS2_CONFIRMED,True,3.88,4.21,7.08
CANBK.NS,2024-01-03,True,True,True,True,True,True,True,True,True,BOS2_CONFIRMED,True,-1.69,-0.88,12.54
CANBK.NS,2024-02-01,True,True,True,True,True,True,True,True,True,BOS2_CONFIRMED,True,12.62,15.55,14.13
CANBK.NS,2024-04-03,True,True,True,True,True,True,True,False,True,INVALIDATED,False,-1.44,-2.42,-6.17
CANBK.NS,2024-05-02,True,True,True,True,True,True,True,False,True,,,-11.21,-11.21,-11.21
CANBK.NS,2025-05-28,True,True,False,True,True,True,True,True,True,BOS2_CONFIRMED,True,4.0,3.34,-0.74
CANBK.NS,2025-10-03,True,True,True,True,True,True,True,True,True,BOS2_CONFIRMED,True,1.3,1.26,10.79
CANBK.NS,2025-10-30,True,True,True,True,True,True,True,True,True,BOS2_CONFIRMED,True,7.34,13.49,14.54
CANBK.NS,2025-12-31,True,True,True,True,True,True,True,True,True,BOS2_CONFIRMED,True,-2.93,-0.72,-4.89
PNB.NS,2022-09-09,True,True,False,True,True,True,True,True,True,BOS2_CONFIRMED,True,2.54,-8.63,-12.06
PNB.NS,2022-10-25,True,True,True,True,True,True,True,True,True,BOS2_CONFIRMED,True,-5.06,2.87,23.22
PNB.NS,2022-11-21,True,True,True,True,True,True,True,True,True,BOS2_CONFIRMED,True,9.72,15.88,16.09
PNB.NS,2022-12-08,True,True,True,True,True,True,True,True,True,INVALIDATED,False,-2.99,-14.38,-14.38
PNB.NS,2023-07-07,True,True,True,True,True,True,True,True,True,BOS2_CONFIRMED,True,2.21,1.8,-0.98
PNB.NS,2023-07-19,True,True,True,True,True,True,True,True,True,BOS2_CONFIRMED,True,-2.95,-7.54,-2.33
PNB.NS,2023-09-01,True,True,True,True,True,True,True,False,True,BOS2_CONFIRMED,True,4.69,16.43,20.74
PNB.NS,2023-12-04,True,True,True,True,True,True,True,True,True,BOS2_CONFIRMED,True,4.69,8.55,14.55
PNB.NS,2023-12-28,True,True,True,True,True,True,True,True,True,BOS2_CONFIRMED,True,0.88,1.35,13.33
PNB.NS,2024-01-19,True,True,True,True,True,True,True,True,True,BOS2_CONFIRMED,True,7.27,16.17,20.35
PNB.NS,2024-02-15,True,True,True,True,True,True,True,True,True,BOS2_CONFIRMED,True,-1.31,-3.7,-10.97
PNB.NS,2024-04-03,True,True,True,True,True,True,True,False,True,BOS2_CONFIRMED,True,-1.61,-2.88,-10.76
PNB.NS,2025-10-10,True,True,True,True,True,True,True,True,True,BOS2_CONFIRMED,True,1.05,3.65,4.77
PNB.NS,2025-10-28,True,True,True,True,True,True,True,True,True,BOS2_CONFIRMED,True,-0.36,0.14,3.33
PNB.NS,2026-01-14,True,True,True,True,True,True,True,True,True,INVALIDATED,False,-2.74,-2.71,-7.71
BANKBARODA.NS,2022-04-06,True,True,True,True,True,True,True,False,True,INVALIDATED,False,-4.96,-7.26,-10.79
BANKBARODA.NS,2022-08-26,True,True,True,True,True,True,True,True,True,BOS2_CONFIRMED,True,7.58,11.77,2.98
BANKBARODA.NS,2022-10-21,True,True,True,True,True,True,True,True,True,BOS2_CONFIRMED,True,2.07,14.93,16.69
BANKBARODA.NS,2022-11-07,True,True,True,True,True,True,True,True,True,BOS2_CONFIRMED,True,2.32,5.8,10.59
BANKBARODA.NS,2022-12-06,True,True,True,True,True,True,True,True,True,INVALIDATED,False,9.61,1.54,4.49
BANKBARODA.NS,2023-06-19,True,True,True,True,True,True,True,True,True,BOS2_CONFIRMED,True,-2.08,5.23,2.56
BANKBARODA.NS,2023-07-03,True,True,True,True,True,True,True,True,True,BOS2_CONFIRMED,True,2.07,-1.37,0.2
BANKBARODA.NS,2023-09-18,True,True,True,True,True,True,True,True,True,INVALIDATED,False,-0.97,-2.03,-5.44
BANKBARODA.NS,2023-12-13,True,True,True,True,True,True,True,True,True,BOS2_CONFIRMED,True,0.38,3.17,2.63
BANKBARODA.NS,2023-12-27,True,True,True,True,True,True,True,False,True,BOS2_CONFIRMED,True,1.6,-3.4,0.11
BANKBARODA.NS,2024-01-31,True,True,True,True,True,True,True,True,True,BOS2_CONFIRMED,True,1.24,10.28,6.18
BANKBARODA.NS,2024-03-06,True,True,True,True,True,True,True,False,True,,,-10.57,-10.57,-10.57
BANKBARODA.NS,2025-10-01,True,True,True,True,True,True,True,True,True,BOS2_CONFIRMED,True,2.63,1.69,11.96
BANKBARODA.NS,2025-10-27,True,True,True,True,True,True,True,True,True,BOS2_CONFIRMED,True,4.99,3.86,5.1
BANKBARODA.NS,2026-01-02,True,True,True,True,True,True,True,True,True,BOS2_CONFIRMED,True,-2.14,-0.53,-11.41
BANKBARODA.NS,2026-02-25,True,True,True,True,True,True,True,True,True,,,-6.53,-10.75,-10.75
IDFCFIRSTB.NS,2022-08-24,True,True,False,True,True,True,True,True,True,BOS2_CONFIRMED,True,-0.72,3.17,-0.41
IDFCFIRSTB.NS,2022-09-05,True,True,False,True,True,True,True,False,True,BOS2_CONFIRMED,True,-1.37,0.69,4.42
IDFCFIRSTB.NS,2022-10-18,True,True,True,True,True,True,True,True,True,BOS2_CONFIRMED,True,0.53,1.24,-1.15
IDFCFIRSTB.NS,2022-12-14,True,True,True,True,True,True,True,True,True,INVALIDATED,False,-9.6,-12.57,-12.57
IDFCFIRSTB.NS,2023-05-12,True,True,True,True,True,True,True,True,True,BOS2_CONFIRMED,True,0.99,6.69,10.72
IDFCFIRSTB.NS,2023-06-13,True,True,True,True,True,True,True,True,True,BOS2_CONFIRMED,True,9.24,5.91,8.11
IDFCFIRSTB.NS,2023-07-31,True,True,True,True,True,True,True,True,True,TIMEOUT,False,-0.23,0.8,5.25
IDFCFIRSTB.NS,2023-08-22,True,True,True,True,True,True,True,False,True,TIMEOUT,False,-0.49,5.34,0.76
IDFCFIRSTB.NS,2025-05-14,True,True,False,True,True,True,True,False,True,BOS2_CONFIRMED,True,-3.74,-2.26,1.99
IDFCFIRSTB.NS,2025-06-06,True,True,False,True,True,True,True,True,True,BOS2_CONFIRMED,True,-2.21,-2.06,7.19
IDFCFIRSTB.NS,2025-07-01,True,True,False,True,True,True,True,True,True,BOS2_CONFIRMED,True,0.26,-4.39,-10.37
IDFCFIRSTB.NS,2025-10-31,True,True,True,True,True,True,True,True,True,BOS2_CONFIRMED,True,-1.6,-2.3,-0.02
IDFCFIRSTB.NS,2025-12-15,True,True,True,True,True,True,True,True,True,INVALIDATED,False,1.99,2.72,-0.32
FEDERALBNK.NS,2022-07-19,True,True,True,True,True,True,True,True,True,BOS2_CONFIRMED,True,-0.92,0.51,-0.83
FEDERALBNK.NS,2022-08-24,True,True,True,True,True,True,True,True,True,BOS2_CONFIRMED,True,4.18,4.18,1.74
FEDERALBNK.NS,2022-10-14,True,True,True,True,True,True,True,True,True,BOS2_CONFIRMED,True,2.08,-0.08,0.87
FEDERALBNK.NS,2022-11-03,True,True,True,True,True,True,True,False,True,TIMEOUT,False,-1.05,-3.71,-0.15
FEDERALBNK.NS,2023-08-23,True,True,True,True,True,True,True,True,True,BOS2_CONFIRMED,True,0.45,1.19,1.85
FEDERALBNK.NS,2023-09-08,True,True,True,True,True,True,True,False,True,BOS2_CONFIRMED,True,-1.55,-0.37,-0.94
FEDERALBNK.NS,2024-02-16,True,True,True,True,True,True,False,True,True,BOS2_CONFIRMED,True,-8.71,-7.44,-13.61
FEDERALBNK.NS,2024-06-12,True,True,True,True,True,True,True,True,True,BOS2_CONFIRMED,True,0.86,1.28,11.7
FEDERALBNK.NS,2024-07-03,True,True,True,True,True,True,True,True,True,BOS2_CONFIRMED,True,5.31,4.66,8.07
FEDERALBNK.NS,2024-07-23,True,True,True,True,True,True,True,True,True,BOS2_CONFIRMED,True,2.23,-2.18,3.21
FEDERALBNK.NS,2024-11-08,True,True,True,True,True,True,False,True,True,INVALIDATED,False,-0.55,2.44,3.31
FEDERALBNK.NS,2025-07-01,True,True,True,True,True,True,True,True,True,INVALIDATED,False,-2.78,-2.41,-6.96
FEDERALBNK.NS,2025-10-20,True,True,True,True,True,True,True,True,True,,,2.85,3.26,7.24
FEDERALBNK.NS,2025-11-18,True,True,True,True,True,True,True,True,True,BOS2_CONFIRMED,True,4.51,5.28,7.46
FEDERALBNK.NS,2025-12-15,True,True,True,True,True,True,True,False,True,BOS2_CONFIRMED,True,0.02,0.64,-6.99
FEDERALBNK.NS,2026-01-19,True,True,True,True,True,True,True,True,True,BOS2_CONFIRMED,True,2.32,3.38,4.62
FEDERALBNK.NS,2026-02-25,True,True,True,True,True,True,True,False,True,INVALIDATED,False,-4.44,-10.47,-10.47
FEDERALBNK.NS,2026-06-05,True,True,True,True,True,True,False,False,True,,,4.83,6.91,9.19
FEDERALBNK.NS,2026-06-30,True,True,True,True,True,True,True,False,True,STILL_OPEN,,-0.74,-0.44,9.16
FEDERALBNK.NS,2026-07-17,True,True,True,True,True,True,True,True,True,STILL_OPEN,,4.39,6.13,
AUBANK.NS,2023-05-09,True,True,True,True,True,True,True,True,True,BOS2_CONFIRMED,True,3.1,8.04,7.57
AUBANK.NS,2024-01-05,True,True,True,True,True,True,True,True,True,INVALIDATED,False,-2.76,-9.45,-9.45
AUBANK.NS,2024-09-05,True,True,False,True,True,True,True,True,True,INVALIDATED,False,2.98,4.17,4.42
AUBANK.NS,2025-06-02,True,True,True,True,True,True,True,True,True,BOS2_CONFIRMED,True,5.57,6.64,15.63
AUBANK.NS,2025-10-20,True,True,True,True,True,True,True,True,True,BOS2_CONFIRMED,True,1.9,1.73,6.15
AUBANK.NS,2025-11-07,True,True,True,True,True,True,True,False,True,BOS2_CONFIRMED,True,0.61,1.98,5.0
AUBANK.NS,2025-11-25,True,True,True,True,True,True,True,False,True,BOS2_CONFIRMED,True,0.6,5.38,3.29
AUBANK.NS,2025-12-09,True,True,True,True,True,True,True,True,True,BOS2_CONFIRMED,True,0.95,-0.71,1.13
AUBANK.NS,2026-04-22,True,True,True,True,True,True,False,True,True,BOS2_CONFIRMED,True,-2.22,-0.64,-7.73
BANDHANBNK.NS,2023-05-24,True,True,False,True,True,True,True,True,True,INVALIDATED,False,2.62,-0.5,-8.76
BANDHANBNK.NS,2026-02-24,True,True,False,True,True,True,True,True,True,INVALIDATED,False,2.48,-1.41,-12.29
BANDHANBNK.NS,2026-04-29,True,True,True,True,True,True,True,True,True,BOS2_CONFIRMED,True,4.86,0.53,3.95
INDUSINDBK.NS,2022-07-29,True,True,False,True,True,True,True,True,True,BOS2_CONFIRMED,True,0.98,4.67,6.87
INDUSINDBK.NS,2022-08-11,True,True,False,True,True,True,True,False,True,BOS2_CONFIRMED,True,-1.85,-1.67,8.04
INDUSINDBK.NS,2022-09-09,True,True,True,True,True,True,True,False,True,TIMEOUT,False,7.12,0.46,1.77
INDUSINDBK.NS,2023-05-29,True,True,True,True,True,True,True,False,True,BOS2_CONFIRMED,True,1.64,3.99,2.41
INDUSINDBK.NS,2023-06-30,True,True,True,True,True,True,True,False,True,BOS2_CONFIRMED,True,-0.94,0.76,2.74
INDUSINDBK.NS,2023-09-08,True,True,True,True,True,True,True,False,True,BOS2_CONFIRMED,True,0.54,-1.79,-1.92
INDUSINDBK.NS,2023-11-07,True,True,True,True,True,True,False,False,True,BOS2_CONFIRMED,True,0.31,-0.53,1.0
INDUSINDBK.NS,2023-12-14,True,True,True,True,True,True,False,False,True,TIMEOUT,False,0.61,2.96,8.75
INDUSINDBK.NS,2023-12-27,True,True,True,True,True,True,True,False,True,,,3.03,3.62,-10.5
INDUSINDBK.NS,2026-01-02,True,True,False,True,True,True,True,True,True,BOS2_CONFIRMED,True,0.05,4.95,1.92
INDUSINDBK.NS,2026-01-14,True,True,False,True,True,True,True,True,True,INVALIDATED,False,-4.45,-5.12,-1.95
INDUSINDBK.NS,2026-07-03,True,True,True,True,True,True,True,True,True,BOS2_CONFIRMED,True,4.64,6.7,5.99
SHRIRAMFIN.NS,2022-07-18,True,True,False,True,True,True,True,True,True,INVALIDATED,False,6.96,-0.22,-2.44
SHRIRAMFIN.NS,2023-06-19,True,True,True,True,True,True,True,True,True,,,15.38,22.6,21.48
SHRIRAMFIN.NS,2023-07-21,True,True,True,True,True,True,True,False,True,BOS2_CONFIRMED,True,2.84,0.76,0.23
SHRIRAMFIN.NS,2023-09-08,True,True,True,True,True,True,True,True,True,BOS2_CONFIRMED,True,-3.01,-4.42,-3.71
SHRIRAMFIN.NS,2024-01-04,True,True,True,True,True,True,True,True,True,BOS2_CONFIRMED,True,6.49,6.91,11.31
SHRIRAMFIN.NS,2024-01-29,True,True,True,True,True,True,True,True,False,BOS2_CONFIRMED,True,-0.52,-3.25,-1.52
SHRIRAMFIN.NS,2024-06-13,True,True,True,True,True,True,False,True,True,BOS2_CONFIRMED,True,6.28,7.83,6.28
SHRIRAMFIN.NS,2024-08-19,True,True,True,True,True,True,True,False,True,INVALIDATED,False,3.57,4.93,9.83
SHRIRAMFIN.NS,2024-09-09,True,True,True,True,True,True,True,False,True,INVALIDATED,False,2.91,5.66,1.8
SHRIRAMFIN.NS,2025-10-28,True,True,True,True,True,True,True,True,True,,,9.51,12.48,19.89
SHRIRAMFIN.NS,2025-11-26,True,True,True,True,True,True,True,True,True,BOS2_CONFIRMED,True,-3.7,-1.49,11.66
SHRIRAMFIN.NS,2025-12-19,True,True,True,True,True,True,True,True,True,BOS2_CONFIRMED,True,6.57,9.1,7.45
SHRIRAMFIN.NS,2026-02-09,True,True,True,True,True,True,True,False,True,INVALIDATED,False,0.95,-0.3,-11.98
SHRIRAMFIN.NS,2026-08-05,True,True,True,True,True,True,True,True,True,,,,,
CHOLAFIN.NS,2022-03-17,True,True,True,True,True,True,True,False,True,BOS2_CONFIRMED,True,1.23,-2.56,-1.12
CHOLAFIN.NS,2022-04-08,True,True,True,True,True,True,True,True,True,BOS2_CONFIRMED,True,-4.97,-0.33,-10.85
CHOLAFIN.NS,2022-08-05,True,True,True,True,True,True,True,True,True,TIMEOUT,False,1.94,3.1,3.43
CHOLAFIN.NS,2023-04-06,True,True,True,True,True,True,True,True,True,BOS2_CONFIRMED,True,-0.97,-1.09,16.73
CHOLAFIN.NS,2023-04-27,True,True,True,True,True,True,True,False,True,,,16.37,16.56,22.59
CHOLAFIN.NS,2023-06-13,True,True,True,True,True,True,True,False,True,BOS2_CONFIRMED,True,2.84,2.22,4.33
CHOLAFIN.NS,2023-07-03,True,True,True,True,True,True,True,True,True,INVALIDATED,False,-3.75,-2.57,-3.89
CHOLAFIN.NS,2023-09-15,True,True,True,True,True,True,False,True,True,BOS2_CONFIRMED,True,-2.84,-1.65,-0.94
CHOLAFIN.NS,2024-06-10,True,True,True,True,True,True,True,True,True,BOS2_CONFIRMED,True,6.59,5.09,4.42
CHOLAFIN.NS,2024-09-02,True,True,True,True,True,True,True,True,True,INVALIDATED,False,0.84,5.28,5.81
CHOLAFIN.NS,2025-04-16,True,True,True,True,True,True,True,False,True,INVALIDATED,False,-3.83,-3.33,1.83
CHOLAFIN.NS,2025-10-24,True,True,True,True,True,True,True,False,True,TIMEOUT,False,-1.64,-0.31,-3.54
